customer_id,age,age_band,gender,item_purchased,category,purchase_amount_usd,location,season,review_rating,subscription_status,shipping_type,discount_applied,previous_purchases,payment_method,frequency_of_purchases,discount_flag,subscriber_flag,repeat_customer_flag,purchase_cycle_days,customer_segment,revenue_per_purchase_day
1,55,50+,Male,Blouse,Clothing,53,Kentucky,Winter,3.1,Yes,Express,Yes,14,Venmo,Fortnightly,True,True,True,14.0,Promotion-led growth,3.7857142857142856
2,19,Under 25,Male,Sweater,Clothing,64,Maine,Winter,3.1,Yes,Express,Yes,2,Cash,Fortnightly,True,True,False,14.0,New or occasional,4.571428571428571
3,50,50+,Male,Jeans,Clothing,73,Massachusetts,Spring,3.1,Yes,Free Shipping,Yes,23,Credit Card,Weekly,True,True,True,7.0,New or occasional,10.428571428571429
4,21,Under 25,Male,Sandals,Footwear,90,Rhode Island,Spring,3.5,Yes,Next Day Air,Yes,49,PayPal,Weekly,True,True,True,7.0,Loyal high-value,12.857142857142858
5,45,35-49,Male,Blouse,Clothing,49,Oregon,Spring,2.7,Yes,Free Shipping,Yes,31,PayPal,Annually,True,True,True,30.0,Subscribed repeat,1.6333333333333333
6,46,35-49,Male,Sneakers,Footwear,20,Wyoming,Summer,2.9,Yes,Standard,Yes,14,Venmo,Weekly,True,True,True,7.0,Promotion-led growth,2.857142857142857
7,63,50+,Male,Shirt,Clothing,85,Montana,Fall,3.2,Yes,Free Shipping,Yes,49,Cash,Quarterly,True,True,True,90.0,Loyal high-value,0.9444444444444444
8,27,25-34,Male,Shorts,Clothing,34,Louisiana,Winter,3.2,Yes,Free Shipping,Yes,19,Credit Card,Weekly,True,True,True,7.0,Promotion-led growth,4.857142857142857
9,26,25-34,Male,Coat,Outerwear,97,West Virginia,Summer,2.6,Yes,Express,Yes,8,Venmo,Annually,True,True,False,30.0,New or occasional,3.2333333333333334
10,57,50+,Male,Handbag,Accessories,31,Missouri,Spring,4.8,Yes,2-Day Shipping,Yes,4,Cash,Quarterly,True,True,False,90.0,Promotion-led growth,0.34444444444444444
11,53,50+,Male,Shoes,Footwear,34,Arkansas,Fall,4.1,Yes,Store Pickup,Yes,26,Bank Transfer,Bi-Weekly,True,True,True,14.0,Subscribed repeat,2.4285714285714284
12,30,25-34,Male,Shorts,Clothing,68,Hawaii,Winter,4.9,Yes,Store Pickup,Yes,10,Bank Transfer,Fortnightly,True,True,True,14.0,New or occasional,4.857142857142857
13,61,50+,Male,Coat,Outerwear,72,Delaware,Winter,4.5,Yes,Express,Yes,37,Venmo,Fortnightly,True,True,True,14.0,Loyal high-value,5.142857142857143
14,65,50+,Male,Dress,Clothing,51,New Hampshire,Spring,4.7,Yes,Express,Yes,31,PayPal,Weekly,True,True,True,7.0,Subscribed repeat,7.285714285714286
15,64,50+,Male,Coat,Outerwear,53,New York,Winter,4.7,Yes,Free Shipping,Yes,34,Debit Card,Weekly,True,True,True,7.0,Subscribed repeat,7.571428571428571
16,64,50+,Male,Skirt,Clothing,81,Rhode Island,Winter,2.8,Yes,Store Pickup,Yes,8,PayPal,Monthly,True,True,False,30.0,New or occasional,2.7
17,25,25-34,Male,Sunglasses,Accessories,36,Alabama,Spring,4.1,Yes,Next Day Air,Yes,44,Debit Card,Bi-Weekly,True,True,True,14.0,Subscribed repeat,2.5714285714285716
18,53,50+,Male,Dress,Clothing,38,Mississippi,Winter,4.7,Yes,2-Day Shipping,Yes,36,Venmo,Quarterly,True,True,True,90.0,Subscribed repeat,0.4222222222222222
19,52,50+,Male,Sweater,Clothing,48,Montana,Summer,4.6,Yes,Free Shipping,Yes,17,Cash,Weekly,True,True,True,7.0,Promotion-led growth,6.857142857142857
20,66,50+,Male,Pants,Clothing,90,Rhode Island,Summer,3.3,Yes,Standard,Yes,46,Debit Card,Bi-Weekly,True,True,True,14.0,Loyal high-value,6.428571428571429
21,21,Under 25,Male,Pants,Clothing,51,Louisiana,Winter,2.8,Yes,Express,Yes,50,Cash,Every 3 Months,True,True,True,90.0,Subscribed repeat,0.5666666666666667
22,31,25-34,Male,Pants,Clothing,62,North Carolina,Winter,4.1,Yes,Store Pickup,Yes,22,Debit Card,Quarterly,True,True,True,90.0,New or occasional,0.6888888888888889
23,56,50+,Male,Pants,Clothing,37,California,Summer,3.2,Yes,Store Pickup,Yes,32,Debit Card,Annually,True,True,True,30.0,Subscribed repeat,1.2333333333333334
24,31,25-34,Male,Pants,Clothing,88,Oklahoma,Winter,4.4,Yes,Express,Yes,40,Credit Card,Weekly,True,True,True,7.0,Loyal high-value,12.571428571428571
25,18,Under 25,Male,Jacket,Outerwear,22,Florida,Fall,2.9,Yes,Store Pickup,Yes,16,Debit Card,Weekly,True,True,True,7.0,Promotion-led growth,3.142857142857143
26,18,Under 25,Male,Hoodie,Clothing,25,Texas,Summer,3.6,Yes,Express,Yes,14,PayPal,Annually,True,True,True,30.0,Promotion-led growth,0.8333333333333334
27,38,35-49,Male,Jewelry,Accessories,20,Nevada,Spring,3.6,Yes,Next Day Air,Yes,13,Credit Card,Annually,True,True,True,30.0,Promotion-led growth,0.6666666666666666
28,56,50+,Male,Shorts,Clothing,56,Kentucky,Summer,5.0,Yes,Next Day Air,Yes,7,Bank Transfer,Every 3 Months,True,True,False,90.0,Promotion-led growth,0.6222222222222222
29,54,50+,Male,Handbag,Accessories,94,North Carolina,Fall,4.4,Yes,Free Shipping,Yes,41,PayPal,Every 3 Months,True,True,True,90.0,Loyal high-value,1.0444444444444445
30,31,25-34,Male,Dress,Clothing,48,Wyoming,Fall,4.1,Yes,Store Pickup,Yes,14,Credit Card,Weekly,True,True,True,7.0,Promotion-led growth,6.857142857142857
31,57,50+,Male,Jewelry,Accessories,31,North Carolina,Winter,4.7,Yes,Standard,Yes,16,Credit Card,Monthly,True,True,True,30.0,Promotion-led growth,1.0333333333333334
32,33,25-34,Male,Dress,Clothing,79,West Virginia,Winter,4.7,Yes,Store Pickup,Yes,45,Venmo,Monthly,True,True,True,30.0,Loyal high-value,2.6333333333333333
33,36,35-49,Male,Jacket,Outerwear,67,Kansas,Summer,4.9,Yes,Free Shipping,Yes,37,Venmo,Annually,True,True,True,30.0,Loyal high-value,2.2333333333333334
34,54,50+,Male,Pants,Clothing,38,Colorado,Summer,3.3,Yes,Store Pickup,Yes,45,Cash,Quarterly,True,True,True,90.0,Subscribed repeat,0.4222222222222222
35,36,35-49,Male,T-shirt,Clothing,91,North Dakota,Spring,4.6,Yes,2-Day Shipping,Yes,38,PayPal,Quarterly,True,True,True,90.0,Loyal high-value,1.011111111111111
36,54,50+,Male,Blouse,Clothing,33,Massachusetts,Summer,4.0,Yes,2-Day Shipping,Yes,48,Credit Card,Bi-Weekly,True,True,True,14.0,Subscribed repeat,2.357142857142857
37,35,35-49,Male,T-shirt,Clothing,69,Illinois,Winter,4.6,Yes,Free Shipping,Yes,44,PayPal,Fortnightly,True,True,True,14.0,Loyal high-value,4.928571428571429
38,35,35-49,Male,Jeans,Clothing,45,Indiana,Summer,2.8,Yes,Store Pickup,Yes,10,PayPal,Weekly,True,True,True,7.0,Promotion-led growth,6.428571428571429
39,29,25-34,Male,Dress,Clothing,37,Florida,Winter,3.7,Yes,2-Day Shipping,Yes,44,Venmo,Every 3 Months,True,True,True,90.0,Subscribed repeat,0.4111111111111111
40,70,50+,Male,Pants,Clothing,60,Arizona,Summer,4.2,Yes,Express,Yes,18,Credit Card,Monthly,True,True,True,30.0,New or occasional,2.0
41,69,50+,Male,Handbag,Accessories,76,Louisiana,Winter,4.6,Yes,Next Day Air,Yes,31,Debit Card,Quarterly,True,True,True,90.0,Loyal high-value,0.8444444444444444
42,67,50+,Male,Scarf,Accessories,39,Alaska,Spring,4.5,Yes,Standard,Yes,40,Venmo,Annually,True,True,True,30.0,Subscribed repeat,1.3
43,20,Under 25,Male,Coat,Outerwear,100,Tennessee,Spring,4.1,Yes,Free Shipping,Yes,15,PayPal,Annually,True,True,True,30.0,New or occasional,3.3333333333333335
44,25,25-34,Male,Scarf,Accessories,69,Ohio,Fall,3.7,Yes,Store Pickup,Yes,19,PayPal,Fortnightly,True,True,True,14.0,New or occasional,4.928571428571429
45,39,35-49,Male,Hat,Accessories,53,Kentucky,Summer,4.6,Yes,Free Shipping,Yes,45,PayPal,Weekly,True,True,True,7.0,Subscribed repeat,7.571428571428571
46,50,50+,Male,Socks,Clothing,21,Tennessee,Fall,2.9,Yes,2-Day Shipping,Yes,25,PayPal,Annually,True,True,True,30.0,Subscribed repeat,0.7
47,57,50+,Male,Shirt,Clothing,43,California,Summer,2.9,Yes,Store Pickup,Yes,45,Cash,Quarterly,True,True,True,90.0,Subscribed repeat,0.4777777777777778
48,55,50+,Male,Jewelry,Accessories,54,Montana,Winter,4.5,Yes,Free Shipping,Yes,36,Cash,Weekly,True,True,True,7.0,Subscribed repeat,7.714285714285714
49,42,35-49,Male,Shirt,Clothing,55,Nevada,Summer,2.7,Yes,Store Pickup,Yes,38,Cash,Monthly,True,True,True,30.0,Subscribed repeat,1.8333333333333333
50,68,50+,Male,Hoodie,Clothing,30,New Jersey,Spring,4.6,Yes,Next Day Air,Yes,34,Debit Card,Bi-Weekly,True,True,True,14.0,Subscribed repeat,2.142857142857143
51,49,35-49,Male,Blouse,Clothing,28,Maryland,Spring,3.7,Yes,Store Pickup,Yes,39,Debit Card,Bi-Weekly,True,True,True,14.0,Subscribed repeat,2.0
52,59,50+,Male,Skirt,Clothing,59,Vermont,Winter,4.7,Yes,2-Day Shipping,Yes,7,Credit Card,Quarterly,True,True,False,90.0,Promotion-led growth,0.6555555555555556
53,42,35-49,Male,T-shirt,Clothing,20,Alaska,Summer,2.6,Yes,Free Shipping,Yes,26,Credit Card,Weekly,True,True,True,7.0,Subscribed repeat,2.857142857142857
54,29,25-34,Male,Skirt,Clothing,24,Mississippi,Winter,3.9,Yes,Next Day Air,Yes,35,Credit Card,Weekly,True,True,True,7.0,Subscribed repeat,3.4285714285714284
55,47,35-49,Male,Coat,Outerwear,94,New Mexico,Summer,4.2,Yes,Next Day Air,Yes,35,Debit Card,Bi-Weekly,True,True,True,14.0,Loyal high-value,6.714285714285714
56,40,35-49,Male,Jacket,Outerwear,28,South Carolina,Winter,3.0,Yes,2-Day Shipping,Yes,49,Credit Card,Annually,True,True,True,30.0,Subscribed repeat,0.9333333333333333
57,41,35-49,Male,Backpack,Accessories,73,Mississippi,Summer,4.7,Yes,Store Pickup,Yes,46,Credit Card,Weekly,True,True,True,7.0,Loyal high-value,10.428571428571429
58,21,Under 25,Male,Coat,Outerwear,64,West Virginia,Summer,4.4,Yes,Store Pickup,Yes,17,Debit Card,Fortnightly,True,True,True,14.0,New or occasional,4.571428571428571
59,69,50+,Male,Hoodie,Clothing,54,Missouri,Summer,4.2,Yes,Free Shipping,Yes,29,Venmo,Monthly,True,True,True,30.0,Subscribed repeat,1.8
60,63,50+,Male,Belt,Accessories,79,Louisiana,Spring,4.6,Yes,Standard,Yes,4,Debit Card,Weekly,True,True,False,7.0,New or occasional,11.285714285714286
61,50,50+,Male,Sweater,Clothing,37,Idaho,Summer,4.0,Yes,Express,Yes,17,Cash,Weekly,True,True,True,7.0,Promotion-led growth,5.285714285714286
62,55,50+,Male,Scarf,Accessories,68,Texas,Winter,4.7,Yes,Store Pickup,Yes,21,Credit Card,Every 3 Months,True,True,True,90.0,New or occasional,0.7555555555555555
63,30,25-34,Male,Sneakers,Footwear,21,Mississippi,Spring,3.8,Yes,Free Shipping,Yes,31,Credit Card,Fortnightly,True,True,True,14.0,Subscribed repeat,1.5
64,33,25-34,Male,Sunglasses,Accessories,79,Arizona,Winter,2.7,Yes,2-Day Shipping,Yes,43,Credit Card,Weekly,True,True,True,7.0,Loyal high-value,11.285714285714286
65,65,50+,Male,Boots,Footwear,83,Alabama,Fall,4.8,Yes,Standard,Yes,18,Debit Card,Fortnightly,True,True,True,14.0,New or occasional,5.928571428571429
66,65,50+,Male,Backpack,Accessories,36,New Jersey,Spring,4.8,Yes,2-Day Shipping,Yes,44,Venmo,Every 3 Months,True,True,True,90.0,Subscribed repeat,0.4
67,31,25-34,Male,Blouse,Clothing,94,Pennsylvania,Winter,4.7,Yes,2-Day Shipping,Yes,3,Venmo,Every 3 Months,True,True,False,90.0,New or occasional,1.0444444444444445
68,45,35-49,Male,Coat,Outerwear,33,Connecticut,Winter,4.4,Yes,Store Pickup,Yes,49,Debit Card,Monthly,True,True,True,30.0,Subscribed repeat,1.1
69,57,50+,Male,Handbag,Accessories,46,Utah,Summer,3.9,Yes,Next Day Air,Yes,21,Cash,Every 3 Months,True,True,True,90.0,Promotion-led growth,0.5111111111111111
70,48,35-49,Male,Belt,Accessories,70,Tennessee,Summer,4.4,Yes,Express,Yes,5,Cash,Weekly,True,True,False,7.0,New or occasional,10.0
71,22,Under 25,Male,Belt,Accessories,29,Alabama,Fall,4.2,Yes,Express,Yes,32,Debit Card,Every 3 Months,True,True,True,90.0,Subscribed repeat,0.32222222222222224
72,36,35-49,Male,Dress,Clothing,48,Virginia,Summer,2.9,Yes,Express,Yes,34,Bank Transfer,Annually,True,True,True,30.0,Subscribed repeat,1.6
73,18,Under 25,Male,Dress,Clothing,26,Georgia,Winter,2.9,Yes,Store Pickup,Yes,21,Bank Transfer,Every 3 Months,True,True,True,90.0,Promotion-led growth,0.28888888888888886
74,48,35-49,Male,Pants,Clothing,85,Hawaii,Spring,2.7,Yes,Free Shipping,Yes,43,Bank Transfer,Bi-Weekly,True,True,True,14.0,Loyal high-value,6.071428571428571
75,49,35-49,Male,Gloves,Accessories,58,Indiana,Spring,4.5,Yes,Express,Yes,3,Cash,Monthly,True,True,False,30.0,Promotion-led growth,1.9333333333333333
76,64,50+,Male,Scarf,Accessories,85,Utah,Summer,2.7,Yes,Free Shipping,Yes,21,Credit Card,Annually,True,True,True,30.0,New or occasional,2.8333333333333335
77,50,50+,Male,Hat,Accessories,43,Delaware,Summer,4.2,Yes,Free Shipping,Yes,32,Venmo,Monthly,True,True,True,30.0,Subscribed repeat,1.4333333333333333
78,22,Under 25,Male,Dress,Clothing,53,Delaware,Summer,3.3,Yes,Next Day Air,Yes,36,Debit Card,Fortnightly,True,True,True,14.0,Subscribed repeat,3.7857142857142856
79,50,50+,Male,Skirt,Clothing,91,Nebraska,Spring,4.7,Yes,Free Shipping,Yes,50,Venmo,Fortnightly,True,True,True,14.0,Loyal high-value,6.5
80,38,35-49,Male,Jacket,Outerwear,96,Iowa,Winter,2.6,Yes,2-Day Shipping,Yes,43,Bank Transfer,Every 3 Months,True,True,True,90.0,Loyal high-value,1.0666666666666667
81,19,Under 25,Male,Sandals,Footwear,72,New York,Summer,3.8,Yes,Store Pickup,Yes,24,Credit Card,Every 3 Months,True,True,True,90.0,New or occasional,0.8
82,67,50+,Male,Shoes,Footwear,96,Virginia,Summer,2.6,Yes,Express,Yes,36,Credit Card,Every 3 Months,True,True,True,90.0,Loyal high-value,1.0666666666666667
83,19,Under 25,Male,Pants,Clothing,28,Georgia,Spring,4.0,Yes,2-Day Shipping,Yes,21,Credit Card,Every 3 Months,True,True,True,90.0,Promotion-led growth,0.3111111111111111
84,36,35-49,Male,Dress,Clothing,40,Texas,Summer,4.1,Yes,Standard,Yes,34,Bank Transfer,Weekly,True,True,True,7.0,Subscribed repeat,5.714285714285714
85,52,50+,Male,Coat,Outerwear,32,Arizona,Spring,4.4,Yes,Standard,Yes,42,Bank Transfer,Every 3 Months,True,True,True,90.0,Subscribed repeat,0.35555555555555557
86,53,50+,Male,Sunglasses,Accessories,95,New Mexico,Winter,4.5,Yes,Next Day Air,Yes,2,Debit Card,Bi-Weekly,True,True,False,14.0,New or occasional,6.785714285714286
87,24,Under 25,Male,Hoodie,Clothing,41,Nevada,Spring,3.7,Yes,2-Day Shipping,Yes,47,Cash,Bi-Weekly,True,True,True,14.0,Subscribed repeat,2.9285714285714284
88,52,50+,Male,Shoes,Footwear,53,Ohio,Fall,3.7,Yes,2-Day Shipping,Yes,44,Debit Card,Fortnightly,True,True,True,14.0,Subscribed repeat,3.7857142857142856
89,33,25-34,Male,T-shirt,Clothing,47,Wyoming,Fall,3.5,Yes,Free Shipping,Yes,35,Credit Card,Monthly,True,True,True,30.0,Subscribed repeat,1.5666666666666667
90,47,35-49,Male,Jacket,Outerwear,83,California,Fall,3.6,Yes,Next Day Air,Yes,15,Cash,Quarterly,True,True,True,90.0,New or occasional,0.9222222222222223
91,25,25-34,Male,Hat,Accessories,48,South Carolina,Summer,2.9,Yes,Express,Yes,29,Credit Card,Monthly,True,True,True,30.0,Subscribed repeat,1.6
92,44,35-49,Male,Scarf,Accessories,99,South Carolina,Winter,4.6,Yes,Standard,Yes,18,Credit Card,Every 3 Months,True,True,True,90.0,New or occasional,1.1
93,61,50+,Male,Jacket,Outerwear,87,Texas,Winter,4.4,Yes,2-Day Shipping,Yes,13,Venmo,Every 3 Months,True,True,True,90.0,New or occasional,0.9666666666666667
94,37,35-49,Male,Sweater,Clothing,62,Florida,Fall,4.5,Yes,Standard,Yes,46,Credit Card,Weekly,True,True,True,7.0,Loyal high-value,8.857142857142858
95,58,50+,Male,Skirt,Clothing,76,Nevada,Spring,4.6,Yes,Free Shipping,Yes,28,Credit Card,Weekly,True,True,True,7.0,Loyal high-value,10.857142857142858
96,37,35-49,Male,Sneakers,Footwear,100,Missouri,Fall,3.8,Yes,Free Shipping,Yes,48,PayPal,Monthly,True,True,True,30.0,Loyal high-value,3.3333333333333335
97,32,25-34,Male,Gloves,Accessories,73,Delaware,Spring,3.8,Yes,Express,Yes,43,Venmo,Every 3 Months,True,True,True,90.0,Loyal high-value,0.8111111111111111
98,21,Under 25,Male,Shoes,Footwear,92,Virginia,Winter,4.8,Yes,Store Pickup,Yes,37,Cash,Annually,True,True,True,30.0,Loyal high-value,3.066666666666667
99,20,Under 25,Male,Jeans,Clothing,67,New York,Spring,2.6,Yes,Next Day Air,Yes,20,Bank Transfer,Annually,True,True,True,30.0,New or occasional,2.2333333333333334
100,26,25-34,Male,Hoodie,Clothing,40,Missouri,Summer,3.7,Yes,Express,Yes,33,Debit Card,Quarterly,True,True,True,90.0,Subscribed repeat,0.4444444444444444
101,62,50+,Male,Sunglasses,Accessories,98,South Dakota,Fall,2.7,Yes,Express,Yes,31,Cash,Fortnightly,True,True,True,14.0,Loyal high-value,7.0
102,27,25-34,Male,Coat,Outerwear,85,North Dakota,Spring,4.6,Yes,Express,Yes,50,Credit Card,Bi-Weekly,True,True,True,14.0,Loyal high-value,6.071428571428571
103,51,50+,Male,Socks,Clothing,67,Oklahoma,Winter,4.8,Yes,Next Day Air,Yes,35,Credit Card,Quarterly,True,True,True,90.0,Loyal high-value,0.7444444444444445
104,54,50+,Male,Boots,Footwear,89,West Virginia,Winter,4.0,Yes,Next Day Air,Yes,22,Venmo,Bi-Weekly,True,True,True,14.0,New or occasional,6.357142857142857
105,55,50+,Male,Sunglasses,Accessories,24,New Hampshire,Spring,4.4,Yes,2-Day Shipping,Yes,1,PayPal,Monthly,True,True,False,30.0,Promotion-led growth,0.8
106,69,50+,Male,Backpack,Accessories,96,New York,Fall,3.6,Yes,Next Day Air,Yes,4,Bank Transfer,Annually,True,True,False,30.0,New or occasional,3.2
107,64,50+,Male,Jacket,Outerwear,35,Minnesota,Summer,3.7,Yes,Standard,Yes,31,Credit Card,Monthly,True,True,True,30.0,Subscribed repeat,1.1666666666666667
108,28,25-34,Male,Sneakers,Footwear,67,Maryland,Winter,3.1,Yes,Next Day Air,Yes,46,PayPal,Fortnightly,True,True,True,14.0,Loyal high-value,4.785714285714286
109,70,50+,Male,Socks,Clothing,79,Montana,Spring,3.4,Yes,Next Day Air,Yes,32,Bank Transfer,Bi-Weekly,True,True,True,14.0,Loyal high-value,5.642857142857143
110,58,50+,Male,T-shirt,Clothing,85,Alabama,Spring,2.6,Yes,Next Day Air,Yes,43,Bank Transfer,Fortnightly,True,True,True,14.0,Loyal high-value,6.071428571428571
111,56,50+,Male,Backpack,Accessories,26,New York,Summer,4.0,Yes,Standard,Yes,26,Venmo,Fortnightly,True,True,True,14.0,Subscribed repeat,1.8571428571428572
112,26,25-34,Male,Belt,Accessories,75,Massachusetts,Summer,5.0,Yes,Free Shipping,Yes,9,Credit Card,Annually,True,True,False,30.0,New or occasional,2.5
113,37,35-49,Male,Gloves,Accessories,65,Florida,Spring,4.3,Yes,Free Shipping,Yes,28,PayPal,Bi-Weekly,True,True,True,14.0,Loyal high-value,4.642857142857143
114,44,35-49,Male,Hat,Accessories,54,New Jersey,Winter,3.1,Yes,Next Day Air,Yes,20,PayPal,Quarterly,True,True,True,90.0,Promotion-led growth,0.6
115,70,50+,Male,Coat,Outerwear,95,Massachusetts,Summer,3.7,Yes,Store Pickup,Yes,9,Cash,Weekly,True,True,False,7.0,New or occasional,13.571428571428571
116,53,50+,Male,Skirt,Clothing,94,Wyoming,Spring,3.8,Yes,Standard,Yes,48,Debit Card,Every 3 Months,True,True,True,90.0,Loyal high-value,1.0444444444444445
117,55,50+,Male,Shoes,Footwear,86,Virginia,Spring,3.4,Yes,Free Shipping,Yes,12,Venmo,Annually,True,True,True,30.0,New or occasional,2.8666666666666667
118,50,50+,Male,Sandals,Footwear,32,South Dakota,Summer,4.6,Yes,Express,Yes,29,Cash,Fortnightly,True,True,True,14.0,Subscribed repeat,2.2857142857142856
119,50,50+,Male,Sweater,Clothing,45,Kentucky,Fall,4.8,Yes,2-Day Shipping,Yes,27,Cash,Bi-Weekly,True,True,True,14.0,Subscribed repeat,3.2142857142857144
120,38,35-49,Male,Coat,Outerwear,76,Wyoming,Fall,4.3,Yes,Express,Yes,44,Cash,Annually,True,True,True,30.0,Loyal high-value,2.533333333333333
121,64,50+,Male,Hat,Accessories,84,West Virginia,Summer,4.0,Yes,Express,Yes,32,Bank Transfer,Annually,True,True,True,30.0,Loyal high-value,2.8
122,19,Under 25,Male,Shorts,Clothing,72,Virginia,Winter,4.2,Yes,Standard,Yes,11,Cash,Fortnightly,True,True,True,14.0,New or occasional,5.142857142857143
123,40,35-49,Male,Backpack,Accessories,40,Washington,Spring,4.8,Yes,2-Day Shipping,Yes,44,Cash,Fortnightly,True,True,True,14.0,Subscribed repeat,2.857142857142857
124,57,50+,Male,Sweater,Clothing,89,Louisiana,Fall,3.1,Yes,Free Shipping,Yes,46,Cash,Weekly,True,True,True,7.0,Loyal high-value,12.714285714285714
125,44,35-49,Male,Sweater,Clothing,86,Nevada,Spring,3.1,Yes,Next Day Air,Yes,50,PayPal,Annually,True,True,True,30.0,Loyal high-value,2.8666666666666667
126,49,35-49,Male,Shorts,Clothing,54,California,Winter,3.6,Yes,Next Day Air,Yes,45,Venmo,Every 3 Months,True,True,True,90.0,Subscribed repeat,0.6
127,43,35-49,Male,Shorts,Clothing,36,Mississippi,Spring,3.9,Yes,Store Pickup,Yes,48,Cash,Every 3 Months,True,True,True,90.0,Subscribed repeat,0.4
128,24,Under 25,Male,Sweater,Clothing,89,Mississippi,Winter,4.8,Yes,Next Day Air,Yes,26,Credit Card,Weekly,True,True,True,7.0,Loyal high-value,12.714285714285714
129,20,Under 25,Male,Scarf,Accessories,32,California,Spring,4.7,Yes,Standard,Yes,21,Credit Card,Fortnightly,True,True,True,14.0,Promotion-led growth,2.2857142857142856
130,24,Under 25,Male,Dress,Clothing,67,Pennsylvania,Summer,4.2,Yes,2-Day Shipping,Yes,49,PayPal,Bi-Weekly,True,True,True,14.0,Loyal high-value,4.785714285714286
131,44,35-49,Male,Scarf,Accessories,39,Kentucky,Fall,3.7,Yes,Next Day Air,Yes,13,PayPal,Fortnightly,True,True,True,14.0,Promotion-led growth,2.7857142857142856
132,28,25-34,Male,Skirt,Clothing,29,Maine,Summer,3.9,Yes,Standard,Yes,46,Credit Card,Weekly,True,True,True,7.0,Subscribed repeat,4.142857142857143
133,30,25-34,Male,Backpack,Accessories,58,New Mexico,Fall,4.7,Yes,2-Day Shipping,Yes,42,PayPal,Weekly,True,True,True,7.0,Subscribed repeat,8.285714285714286
134,52,50+,Male,Sweater,Clothing,65,Montana,Winter,2.5,Yes,Next Day Air,Yes,25,Venmo,Annually,True,True,True,30.0,Loyal high-value,2.1666666666666665
135,43,35-49,Male,Hat,Accessories,94,Texas,Fall,4.9,Yes,Store Pickup,Yes,25,Cash,Monthly,True,True,True,30.0,Loyal high-value,3.1333333333333333
136,43,35-49,Male,Sandals,Footwear,81,Kansas,Fall,4.1,Yes,Express,Yes,12,PayPal,Quarterly,True,True,True,90.0,New or occasional,0.9
137,39,35-49,Male,Blouse,Clothing,86,South Carolina,Winter,3.3,Yes,Free Shipping,Yes,4,Debit Card,Quarterly,True,True,False,90.0,New or occasional,0.9555555555555556
138,68,50+,Male,Sneakers,Footwear,43,Colorado,Spring,4.7,Yes,Free Shipping,Yes,38,PayPal,Weekly,True,True,True,7.0,Subscribed repeat,6.142857142857143
139,68,50+,Male,Skirt,Clothing,29,Georgia,Winter,4.4,Yes,Store Pickup,Yes,42,Bank Transfer,Weekly,True,True,True,7.0,Subscribed repeat,4.142857142857143
140,49,35-49,Male,Coat,Outerwear,95,Florida,Fall,3.8,Yes,Store Pickup,Yes,30,Venmo,Annually,True,True,True,30.0,Loyal high-value,3.1666666666666665
141,63,50+,Male,Shirt,Clothing,28,North Carolina,Fall,3.9,Yes,2-Day Shipping,Yes,50,Credit Card,Weekly,True,True,True,7.0,Subscribed repeat,4.0
142,56,50+,Male,Gloves,Accessories,46,Virginia,Fall,4.9,Yes,Free Shipping,Yes,45,PayPal,Weekly,True,True,True,7.0,Subscribed repeat,6.571428571428571
143,37,35-49,Male,Jacket,Outerwear,58,Nebraska,Fall,3.1,Yes,Free Shipping,Yes,33,Credit Card,Fortnightly,True,True,True,14.0,Subscribed repeat,4.142857142857143
144,30,25-34,Male,Coat,Outerwear,48,Missouri,Fall,2.7,Yes,Store Pickup,Yes,25,PayPal,Quarterly,True,True,True,90.0,Subscribed repeat,0.5333333333333333
145,19,Under 25,Male,Shoes,Footwear,43,New Jersey,Fall,3.2,Yes,Express,Yes,25,Cash,Monthly,True,True,True,30.0,Subscribed repeat,1.4333333333333333
146,24,Under 25,Male,Jewelry,Accessories,95,Missouri,Fall,4.5,Yes,Standard,Yes,44,Debit Card,Quarterly,True,True,True,90.0,Loyal high-value,1.0555555555555556
147,52,50+,Male,Skirt,Clothing,30,Colorado,Fall,4.0,Yes,Standard,Yes,21,Venmo,Fortnightly,True,True,True,14.0,Promotion-led growth,2.142857142857143
148,63,50+,Male,Shoes,Footwear,64,Idaho,Summer,3.5,Yes,2-Day Shipping,Yes,31,Bank Transfer,Fortnightly,True,True,True,14.0,Loyal high-value,4.571428571428571
149,37,35-49,Male,Gloves,Accessories,90,Wyoming,Fall,2.6,Yes,Store Pickup,Yes,47,Debit Card,Annually,True,True,True,30.0,Loyal high-value,3.0
150,38,35-49,Male,Pants,Clothing,76,Delaware,Summer,3.2,Yes,Free Shipping,Yes,14,PayPal,Monthly,True,True,True,30.0,New or occasional,2.533333333333333
151,35,35-49,Male,Boots,Footwear,96,California,Fall,4.9,Yes,Standard,Yes,17,Debit Card,Every 3 Months,True,True,True,90.0,New or occasional,1.0666666666666667
152,28,25-34,Male,Sunglasses,Accessories,47,North Dakota,Fall,4.5,Yes,Next Day Air,Yes,3,Venmo,Annually,True,True,False,30.0,Promotion-led growth,1.5666666666666667
153,30,25-34,Male,Shirt,Clothing,85,South Carolina,Summer,4.3,Yes,Express,Yes,42,Venmo,Annually,True,True,True,30.0,Loyal high-value,2.8333333333333335
154,69,50+,Male,Hoodie,Clothing,55,North Carolina,Winter,3.2,Yes,Standard,Yes,22,Debit Card,Annually,True,True,True,30.0,Promotion-led growth,1.8333333333333333
155,41,35-49,Male,Dress,Clothing,98,Oklahoma,Fall,3.6,Yes,Next Day Air,Yes,21,Venmo,Quarterly,True,True,True,90.0,New or occasional,1.0888888888888888
156,63,50+,Male,Socks,Clothing,77,Maine,Spring,4.3,Yes,Free Shipping,Yes,21,Bank Transfer,Quarterly,True,True,True,90.0,New or occasional,0.8555555555555555
157,35,35-49,Male,Shorts,Clothing,26,Missouri,Fall,4.0,Yes,Standard,Yes,40,Debit Card,Annually,True,True,True,30.0,Subscribed repeat,0.8666666666666667
158,36,35-49,Male,Hat,Accessories,68,Vermont,Fall,3.0,Yes,Next Day Air,Yes,1,Bank Transfer,Fortnightly,True,True,False,14.0,New or occasional,4.857142857142857
159,25,25-34,Male,Shirt,Clothing,73,Connecticut,Fall,4.1,Yes,Standard,Yes,50,Bank Transfer,Monthly,True,True,True,30.0,Loyal high-value,2.433333333333333
160,58,50+,Male,Gloves,Accessories,27,New Hampshire,Fall,3.8,Yes,Store Pickup,Yes,39,Bank Transfer,Every 3 Months,True,True,True,90.0,Subscribed repeat,0.3
161,27,25-34,Male,Gloves,Accessories,23,Texas,Summer,4.6,Yes,Free Shipping,Yes,34,Venmo,Monthly,True,True,True,30.0,Subscribed repeat,0.7666666666666667
162,65,50+,Male,Backpack,Accessories,49,North Dakota,Fall,3.0,Yes,Express,Yes,29,Venmo,Fortnightly,True,True,True,14.0,Subscribed repeat,3.5
163,54,50+,Male,Sunglasses,Accessories,74,California,Summer,3.0,Yes,Store Pickup,Yes,31,PayPal,Bi-Weekly,True,True,True,14.0,Loyal high-value,5.285714285714286
164,54,50+,Male,Skirt,Clothing,67,Virginia,Summer,3.4,Yes,Standard,Yes,8,Debit Card,Weekly,True,True,False,7.0,New or occasional,9.571428571428571
165,59,50+,Male,Handbag,Accessories,65,Delaware,Spring,2.6,Yes,Free Shipping,Yes,5,Credit Card,Fortnightly,True,True,False,14.0,New or occasional,4.642857142857143
166,42,35-49,Male,Handbag,Accessories,60,Kentucky,Winter,2.8,Yes,Store Pickup,Yes,7,Cash,Monthly,True,True,False,30.0,New or occasional,2.0
167,46,35-49,Male,Sneakers,Footwear,31,Delaware,Fall,4.0,Yes,Store Pickup,Yes,30,Cash,Monthly,True,True,True,30.0,Subscribed repeat,1.0333333333333334
168,33,25-34,Male,Gloves,Accessories,27,Arkansas,Fall,4.0,Yes,Express,Yes,14,Credit Card,Every 3 Months,True,True,True,90.0,Promotion-led growth,0.3
169,34,25-34,Male,Shoes,Footwear,80,Louisiana,Summer,3.0,Yes,Express,Yes,5,Cash,Fortnightly,True,True,False,14.0,New or occasional,5.714285714285714
170,27,25-34,Male,Jacket,Outerwear,30,Nevada,Summer,3.3,Yes,Standard,Yes,3,PayPal,Every 3 Months,True,True,False,90.0,Promotion-led growth,0.3333333333333333
171,52,50+,Male,Shirt,Clothing,25,Wyoming,Fall,2.6,Yes,Store Pickup,Yes,46,Venmo,Bi-Weekly,True,True,True,14.0,Subscribed repeat,1.7857142857142858
172,29,25-34,Male,Shorts,Clothing,35,Virginia,Summer,3.6,Yes,Store Pickup,Yes,4,Credit Card,Weekly,True,True,False,7.0,Promotion-led growth,5.0
173,54,50+,Male,Jewelry,Accessories,67,Nebraska,Summer,3.9,Yes,Next Day Air,Yes,42,Credit Card,Bi-Weekly,True,True,True,14.0,Loyal high-value,4.785714285714286
174,25,25-34,Male,Hat,Accessories,46,Hawaii,Fall,3.4,Yes,Standard,Yes,30,Cash,Annually,True,True,True,30.0,Subscribed repeat,1.5333333333333334
175,41,35-49,Male,Shoes,Footwear,35,Vermont,Winter,3.5,Yes,Express,Yes,37,Venmo,Annually,True,True,True,30.0,Subscribed repeat,1.1666666666666667
176,53,50+,Male,Coat,Outerwear,86,Oklahoma,Fall,2.8,Yes,Next Day Air,Yes,2,Bank Transfer,Annually,True,True,False,30.0,New or occasional,2.8666666666666667
177,53,50+,Male,Backpack,Accessories,81,New Hampshire,Spring,2.7,Yes,Next Day Air,Yes,30,Credit Card,Quarterly,True,True,True,90.0,Loyal high-value,0.9
178,21,Under 25,Male,Hoodie,Clothing,42,Kansas,Fall,3.7,Yes,Next Day Air,Yes,47,Bank Transfer,Monthly,True,True,True,30.0,Subscribed repeat,1.4
179,61,50+,Male,Skirt,Clothing,43,Idaho,Fall,4.3,Yes,2-Day Shipping,Yes,21,PayPal,Quarterly,True,True,True,90.0,Promotion-led growth,0.4777777777777778
180,64,50+,Male,Boots,Footwear,31,Illinois,Fall,4.9,Yes,Store Pickup,Yes,9,Bank Transfer,Fortnightly,True,True,False,14.0,Promotion-led growth,2.2142857142857144
181,51,50+,Male,Sandals,Footwear,81,South Dakota,Fall,3.3,Yes,Store Pickup,Yes,12,Debit Card,Fortnightly,True,True,True,14.0,New or occasional,5.785714285714286
182,32,25-34,Male,Pants,Clothing,61,Massachusetts,Summer,4.7,Yes,Next Day Air,Yes,4,Bank Transfer,Weekly,True,True,False,7.0,New or occasional,8.714285714285714
183,38,35-49,Male,Gloves,Accessories,96,Alabama,Summer,2.8,Yes,Store Pickup,Yes,10,Debit Card,Annually,True,True,True,30.0,New or occasional,3.2
184,58,50+,Male,Skirt,Clothing,29,Ohio,Spring,3.6,Yes,2-Day Shipping,Yes,26,Credit Card,Weekly,True,True,True,7.0,Subscribed repeat,4.142857142857143
185,32,25-34,Male,Sneakers,Footwear,33,Hawaii,Spring,3.0,Yes,Express,Yes,40,Cash,Fortnightly,True,True,True,14.0,Subscribed repeat,2.357142857142857
186,46,35-49,Male,T-shirt,Clothing,32,Wisconsin,Summer,4.5,Yes,Store Pickup,Yes,34,Bank Transfer,Fortnightly,True,True,True,14.0,Subscribed repeat,2.2857142857142856
187,39,35-49,Male,Backpack,Accessories,56,Minnesota,Summer,2.9,Yes,Standard,Yes,31,Debit Card,Annually,True,True,True,30.0,Subscribed repeat,1.8666666666666667
188,19,Under 25,Male,Shoes,Footwear,94,Georgia,Spring,3.3,Yes,Store Pickup,Yes,1,Bank Transfer,Bi-Weekly,True,True,False,14.0,New or occasional,6.714285714285714
189,50,50+,Male,Hoodie,Clothing,53,Arkansas,Spring,3.1,Yes,Express,Yes,5,Bank Transfer,Bi-Weekly,True,True,False,14.0,Promotion-led growth,3.7857142857142856
190,36,35-49,Male,Blouse,Clothing,82,West Virginia,Fall,4.4,Yes,Next Day Air,Yes,4,Credit Card,Weekly,True,True,False,7.0,New or occasional,11.714285714285714
191,65,50+,Male,Coat,Outerwear,70,Indiana,Fall,3.0,Yes,Free Shipping,Yes,48,Venmo,Quarterly,True,True,True,90.0,Loyal high-value,0.7777777777777778
192,64,50+,Male,Hat,Accessories,76,Utah,Fall,3.9,Yes,Free Shipping,Yes,29,Cash,Every 3 Months,True,True,True,90.0,Loyal high-value,0.8444444444444444
193,46,35-49,Male,Shoes,Footwear,29,Nebraska,Summer,2.9,Yes,Express,Yes,12,PayPal,Bi-Weekly,True,True,True,14.0,Promotion-led growth,2.0714285714285716
194,36,35-49,Male,Belt,Accessories,100,North Dakota,Fall,3.0,Yes,Standard,Yes,29,Venmo,Annually,True,True,True,30.0,Loyal high-value,3.3333333333333335
195,51,50+,Male,Backpack,Accessories,94,Missouri,Spring,3.1,Yes,Express,Yes,15,Debit Card,Quarterly,True,True,True,90.0,New or occasional,1.0444444444444445
196,51,50+,Male,Jacket,Outerwear,25,New York,Fall,4.3,Yes,Free Shipping,Yes,34,Credit Card,Monthly,True,True,True,30.0,Subscribed repeat,0.8333333333333334
197,38,35-49,Male,Boots,Footwear,88,Washington,Summer,3.9,Yes,Next Day Air,Yes,41,Credit Card,Fortnightly,True,True,True,14.0,Loyal high-value,6.285714285714286
198,59,50+,Male,Scarf,Accessories,78,South Carolina,Fall,3.2,Yes,2-Day Shipping,Yes,41,Credit Card,Monthly,True,True,True,30.0,Loyal high-value,2.6
199,57,50+,Male,Jewelry,Accessories,45,Utah,Winter,4.8,Yes,Standard,Yes,39,Credit Card,Fortnightly,True,True,True,14.0,Subscribed repeat,3.2142857142857144
200,54,50+,Male,Hat,Accessories,73,Idaho,Summer,3.8,Yes,Express,Yes,32,Cash,Weekly,True,True,True,7.0,Loyal high-value,10.428571428571429
201,25,25-34,Male,Dress,Clothing,61,Pennsylvania,Summer,3.3,Yes,Next Day Air,Yes,29,Venmo,Monthly,True,True,True,30.0,Loyal high-value,2.033333333333333
202,69,50+,Male,Blouse,Clothing,22,Missouri,Fall,4.3,Yes,Free Shipping,Yes,15,Bank Transfer,Annually,True,True,True,30.0,Promotion-led growth,0.7333333333333333
203,57,50+,Male,Hat,Accessories,38,Nebraska,Spring,2.7,Yes,Express,Yes,33,Venmo,Annually,True,True,True,30.0,Subscribed repeat,1.2666666666666666
204,70,50+,Male,Scarf,Accessories,38,Indiana,Fall,3.2,Yes,Next Day Air,Yes,18,Bank Transfer,Weekly,True,True,True,7.0,Promotion-led growth,5.428571428571429
205,24,Under 25,Male,Sneakers,Footwear,100,Arizona,Fall,4.0,Yes,Store Pickup,Yes,35,Cash,Bi-Weekly,True,True,True,14.0,Loyal high-value,7.142857142857143
206,67,50+,Male,Shirt,Clothing,64,Hawaii,Winter,3.0,Yes,Standard,Yes,25,PayPal,Weekly,True,True,True,7.0,Loyal high-value,9.142857142857142
207,24,Under 25,Male,T-shirt,Clothing,55,Wisconsin,Summer,4.2,Yes,Free Shipping,Yes,6,Venmo,Fortnightly,True,True,False,14.0,Promotion-led growth,3.9285714285714284
208,62,50+,Male,Gloves,Accessories,91,Rhode Island,Summer,2.9,Yes,Express,Yes,17,Bank Transfer,Bi-Weekly,True,True,True,14.0,New or occasional,6.5
209,57,50+,Male,Skirt,Clothing,38,Wisconsin,Spring,4.1,Yes,Store Pickup,Yes,17,Credit Card,Monthly,True,True,True,30.0,Promotion-led growth,1.2666666666666666
210,55,50+,Male,Sandals,Footwear,97,Minnesota,Winter,3.2,Yes,Store Pickup,Yes,44,Cash,Every 3 Months,True,True,True,90.0,Loyal high-value,1.0777777777777777
211,45,35-49,Male,Jacket,Outerwear,22,Vermont,Fall,3.0,Yes,2-Day Shipping,Yes,6,PayPal,Fortnightly,True,True,False,14.0,Promotion-led growth,1.5714285714285714
212,69,50+,Male,Skirt,Clothing,92,South Dakota,Fall,4.2,Yes,2-Day Shipping,Yes,45,Debit Card,Fortnightly,True,True,True,14.0,Loyal high-value,6.571428571428571
213,67,50+,Male,Handbag,Accessories,84,Virginia,Fall,4.2,Yes,Express,Yes,7,Debit Card,Annually,True,True,False,30.0,New or occasional,2.8
214,30,25-34,Male,Handbag,Accessories,93,Nevada,Fall,4.4,Yes,Store Pickup,Yes,11,Debit Card,Every 3 Months,True,True,True,90.0,New or occasional,1.0333333333333334
215,24,Under 25,Male,Jacket,Outerwear,50,Hawaii,Summer,4.2,Yes,Next Day Air,Yes,41,Cash,Every 3 Months,True,True,True,90.0,Subscribed repeat,0.5555555555555556
216,62,50+,Male,Scarf,Accessories,64,New Jersey,Spring,2.8,Yes,2-Day Shipping,Yes,24,PayPal,Bi-Weekly,True,True,True,14.0,New or occasional,4.571428571428571
217,43,35-49,Male,Shorts,Clothing,61,Massachusetts,Spring,3.7,Yes,Free Shipping,Yes,21,Venmo,Weekly,True,True,True,7.0,New or occasional,8.714285714285714
218,35,35-49,Male,Sunglasses,Accessories,48,Oklahoma,Winter,3.5,Yes,Next Day Air,Yes,24,Bank Transfer,Annually,True,True,True,30.0,Promotion-led growth,1.6
219,28,25-34,Male,T-shirt,Clothing,45,California,Spring,2.9,Yes,Store Pickup,Yes,8,Credit Card,Quarterly,True,True,False,90.0,Promotion-led growth,0.5
220,32,25-34,Male,Belt,Accessories,88,Nevada,Spring,3.0,Yes,Free Shipping,Yes,12,Cash,Fortnightly,True,True,True,14.0,New or occasional,6.285714285714286
221,39,35-49,Male,Sneakers,Footwear,57,Arizona,Spring,3.7,Yes,Express,Yes,48,Debit Card,Fortnightly,True,True,True,14.0,Subscribed repeat,4.071428571428571
222,28,25-34,Male,Hat,Accessories,68,North Carolina,Summer,4.4,Yes,Store Pickup,Yes,6,Bank Transfer,Quarterly,True,True,False,90.0,New or occasional,0.7555555555555555
223,47,35-49,Male,Gloves,Accessories,94,New York,Spring,4.5,Yes,2-Day Shipping,Yes,14,PayPal,Fortnightly,True,True,True,14.0,New or occasional,6.714285714285714
224,20,Under 25,Male,Pants,Clothing,41,Wyoming,Spring,4.8,Yes,Free Shipping,Yes,34,PayPal,Annually,True,True,True,30.0,Subscribed repeat,1.3666666666666667
225,63,50+,Male,Socks,Clothing,83,South Dakota,Summer,2.9,Yes,Free Shipping,Yes,12,Cash,Every 3 Months,True,True,True,90.0,New or occasional,0.9222222222222223
226,25,25-34,Male,Jacket,Outerwear,22,Arkansas,Spring,3.2,Yes,Next Day Air,Yes,11,Bank Transfer,Annually,True,True,True,30.0,Promotion-led growth,0.7333333333333333
227,29,25-34,Male,Shoes,Footwear,74,Texas,Spring,3.3,Yes,Free Shipping,Yes,5,PayPal,Monthly,True,True,False,30.0,New or occasional,2.466666666666667
228,50,50+,Male,Jeans,Clothing,90,Rhode Island,Winter,4.2,Yes,Standard,Yes,25,Venmo,Fortnightly,True,True,True,14.0,Loyal high-value,6.428571428571429
229,18,Under 25,Male,Socks,Clothing,79,New Hampshire,Spring,2.9,Yes,Store Pickup,Yes,11,Credit Card,Annually,True,True,True,30.0,New or occasional,2.6333333333333333
230,70,50+,Male,Sandals,Footwear,28,Ohio,Spring,4.6,Yes,Next Day Air,Yes,27,PayPal,Every 3 Months,True,True,True,90.0,Subscribed repeat,0.3111111111111111
231,66,50+,Male,Scarf,Accessories,88,Utah,Fall,4.1,Yes,Standard,Yes,43,Credit Card,Annually,True,True,True,30.0,Loyal high-value,2.933333333333333
232,28,25-34,Male,Blouse,Clothing,26,Tennessee,Spring,3.1,Yes,2-Day Shipping,Yes,18,Debit Card,Every 3 Months,True,True,True,90.0,Promotion-led growth,0.28888888888888886
233,54,50+,Male,Jewelry,Accessories,27,Hawaii,Winter,4.2,Yes,Express,Yes,32,Bank Transfer,Bi-Weekly,True,True,True,14.0,Subscribed repeat,1.9285714285714286
234,19,Under 25,Male,Sweater,Clothing,83,Arizona,Fall,4.5,Yes,Next Day Air,Yes,27,Bank Transfer,Every 3 Months,True,True,True,90.0,Loyal high-value,0.9222222222222223
235,20,Under 25,Male,Gloves,Accessories,39,South Dakota,Summer,3.7,Yes,Next Day Air,Yes,24,Credit Card,Weekly,True,True,True,7.0,Promotion-led growth,5.571428571428571
236,43,35-49,Male,Sunglasses,Accessories,89,New Jersey,Winter,3.7,Yes,Free Shipping,Yes,31,Debit Card,Quarterly,True,True,True,90.0,Loyal high-value,0.9888888888888889
237,38,35-49,Male,Coat,Outerwear,68,North Dakota,Winter,3.4,Yes,Next Day Air,Yes,39,PayPal,Fortnightly,True,True,True,14.0,Loyal high-value,4.857142857142857
238,50,50+,Male,Dress,Clothing,90,Iowa,Summer,3.0,Yes,Store Pickup,Yes,36,Debit Card,Fortnightly,True,True,True,14.0,Loyal high-value,6.428571428571429
239,64,50+,Male,Skirt,Clothing,34,Ohio,Fall,4.2,Yes,Free Shipping,Yes,5,Cash,Annually,True,True,False,30.0,Promotion-led growth,1.1333333333333333
240,49,35-49,Male,Pants,Clothing,51,Vermont,Summer,2.9,Yes,Express,Yes,47,Credit Card,Bi-Weekly,True,True,True,14.0,Subscribed repeat,3.642857142857143
241,47,35-49,Male,Sweater,Clothing,45,Montana,Winter,3.5,Yes,Free Shipping,Yes,29,Bank Transfer,Fortnightly,True,True,True,14.0,Subscribed repeat,3.2142857142857144
242,36,35-49,Male,Hoodie,Clothing,88,Delaware,Winter,4.1,Yes,Free Shipping,Yes,43,Venmo,Bi-Weekly,True,True,True,14.0,Loyal high-value,6.285714285714286
243,55,50+,Male,Coat,Outerwear,85,New York,Summer,4.3,Yes,Store Pickup,Yes,40,Debit Card,Every 3 Months,True,True,True,90.0,Loyal high-value,0.9444444444444444
244,25,25-34,Male,Jewelry,Accessories,100,Kentucky,Winter,2.8,Yes,2-Day Shipping,Yes,4,Debit Card,Monthly,True,True,False,30.0,New or occasional,3.3333333333333335
245,53,50+,Male,Belt,Accessories,42,Oregon,Spring,4.9,Yes,2-Day Shipping,Yes,39,PayPal,Weekly,True,True,True,7.0,Subscribed repeat,6.0
246,49,35-49,Male,Sandals,Footwear,53,Rhode Island,Summer,3.3,Yes,Next Day Air,Yes,45,Venmo,Fortnightly,True,True,True,14.0,Subscribed repeat,3.7857142857142856
247,35,35-49,Male,Sunglasses,Accessories,86,Nevada,Spring,3.2,Yes,Express,Yes,20,Venmo,Bi-Weekly,True,True,True,14.0,New or occasional,6.142857142857143
248,29,25-34,Male,Sweater,Clothing,66,Montana,Spring,4.4,Yes,Standard,Yes,14,Debit Card,Weekly,True,True,True,7.0,New or occasional,9.428571428571429
249,47,35-49,Male,Belt,Accessories,100,Pennsylvania,Winter,4.8,Yes,Express,Yes,33,PayPal,Weekly,True,True,True,7.0,Loyal high-value,14.285714285714286
250,53,50+,Male,Handbag,Accessories,47,Alaska,Fall,4.2,Yes,Standard,Yes,18,Credit Card,Annually,True,True,True,30.0,Promotion-led growth,1.5666666666666667
251,33,25-34,Male,Skirt,Clothing,25,Mississippi,Fall,4.0,Yes,Express,Yes,9,Bank Transfer,Weekly,True,True,False,7.0,Promotion-led growth,3.5714285714285716
252,21,Under 25,Male,Handbag,Accessories,51,Wyoming,Winter,2.5,Yes,Standard,Yes,34,PayPal,Annually,True,True,True,30.0,Subscribed repeat,1.7
253,32,25-34,Male,Shorts,Clothing,41,Delaware,Summer,3.9,Yes,Free Shipping,Yes,33,Venmo,Fortnightly,True,True,True,14.0,Subscribed repeat,2.9285714285714284
254,52,50+,Male,Boots,Footwear,73,Oklahoma,Winter,4.9,Yes,2-Day Shipping,Yes,15,Bank Transfer,Bi-Weekly,True,True,True,14.0,New or occasional,5.214285714285714
255,67,50+,Male,Sunglasses,Accessories,42,Indiana,Winter,3.5,Yes,Store Pickup,Yes,4,PayPal,Bi-Weekly,True,True,False,14.0,Promotion-led growth,3.0
256,43,35-49,Male,Scarf,Accessories,20,Maryland,Spring,4.2,Yes,Free Shipping,Yes,25,Debit Card,Annually,True,True,True,30.0,Subscribed repeat,0.6666666666666666
257,58,50+,Male,Jewelry,Accessories,30,South Dakota,Spring,4.7,Yes,Express,Yes,20,Credit Card,Every 3 Months,True,True,True,90.0,Promotion-led growth,0.3333333333333333
258,20,Under 25,Male,Handbag,Accessories,53,West Virginia,Summer,4.5,Yes,Express,Yes,5,Credit Card,Quarterly,True,True,False,90.0,Promotion-led growth,0.5888888888888889
259,61,50+,Male,Gloves,Accessories,74,Alabama,Spring,2.8,Yes,Express,Yes,16,Cash,Quarterly,True,True,True,90.0,New or occasional,0.8222222222222222
260,32,25-34,Male,Jeans,Clothing,57,Louisiana,Fall,2.9,Yes,Standard,Yes,13,Debit Card,Annually,True,True,True,30.0,Promotion-led growth,1.9
261,38,35-49,Male,Hat,Accessories,57,Montana,Winter,3.2,Yes,2-Day Shipping,Yes,11,Credit Card,Every 3 Months,True,True,True,90.0,Promotion-led growth,0.6333333333333333
262,21,Under 25,Male,Jeans,Clothing,77,California,Winter,4.9,Yes,Standard,Yes,21,Credit Card,Annually,True,True,True,30.0,New or occasional,2.566666666666667
263,37,35-49,Male,Pants,Clothing,40,Hawaii,Summer,3.7,Yes,Next Day Air,Yes,6,Debit Card,Annually,True,True,False,30.0,Promotion-led growth,1.3333333333333333
264,27,25-34,Male,Shorts,Clothing,46,Iowa,Summer,4.3,Yes,Store Pickup,Yes,29,Venmo,Monthly,True,True,True,30.0,Subscribed repeat,1.5333333333333334
265,36,35-49,Male,Pants,Clothing,78,Colorado,Fall,3.9,Yes,Store Pickup,Yes,15,Cash,Annually,True,True,True,30.0,New or occasional,2.6
266,32,25-34,Male,Backpack,Accessories,59,Michigan,Spring,3.2,Yes,2-Day Shipping,Yes,17,Bank Transfer,Bi-Weekly,True,True,True,14.0,Promotion-led growth,4.214285714285714
267,51,50+,Male,Jewelry,Accessories,75,Louisiana,Summer,3.1,Yes,Express,Yes,32,Credit Card,Weekly,True,True,True,7.0,Loyal high-value,10.714285714285714
268,64,50+,Male,Sweater,Clothing,54,Maryland,Spring,3.9,Yes,2-Day Shipping,Yes,42,Venmo,Annually,True,True,True,30.0,Subscribed repeat,1.8
269,68,50+,Male,Shoes,Footwear,42,Georgia,Spring,2.6,Yes,Store Pickup,Yes,21,Cash,Monthly,True,True,True,30.0,Promotion-led growth,1.4
270,68,50+,Male,Blouse,Clothing,44,Georgia,Winter,3.3,Yes,Next Day Air,Yes,9,Cash,Bi-Weekly,True,True,False,14.0,Promotion-led growth,3.142857142857143
271,33,25-34,Male,Jeans,Clothing,52,North Dakota,Fall,4.6,Yes,Free Shipping,Yes,16,Bank Transfer,Annually,True,True,True,30.0,Promotion-led growth,1.7333333333333334
272,65,50+,Male,Sunglasses,Accessories,69,Maryland,Summer,4.6,Yes,Express,Yes,42,Credit Card,Fortnightly,True,True,True,14.0,Loyal high-value,4.928571428571429
273,48,35-49,Male,Jewelry,Accessories,26,Oregon,Summer,4.4,Yes,2-Day Shipping,Yes,37,Debit Card,Bi-Weekly,True,True,True,14.0,Subscribed repeat,1.8571428571428572
274,69,50+,Male,Coat,Outerwear,33,North Dakota,Spring,4.2,Yes,Express,Yes,32,Debit Card,Quarterly,True,True,True,90.0,Subscribed repeat,0.36666666666666664
275,59,50+,Male,Jewelry,Accessories,32,Maryland,Spring,3.0,Yes,Express,Yes,28,Cash,Bi-Weekly,True,True,True,14.0,Subscribed repeat,2.2857142857142856
276,48,35-49,Male,Backpack,Accessories,85,Virginia,Winter,4.0,Yes,Express,Yes,13,Credit Card,Weekly,True,True,True,7.0,New or occasional,12.142857142857142
277,25,25-34,Male,Skirt,Clothing,30,South Dakota,Fall,3.5,Yes,Express,Yes,11,Bank Transfer,Fortnightly,True,True,True,14.0,Promotion-led growth,2.142857142857143
278,29,25-34,Male,Shirt,Clothing,29,Georgia,Winter,3.0,Yes,Store Pickup,Yes,36,Bank Transfer,Bi-Weekly,True,True,True,14.0,Subscribed repeat,2.0714285714285716
279,57,50+,Male,Sweater,Clothing,95,Hawaii,Spring,3.7,Yes,Express,Yes,23,Debit Card,Annually,True,True,True,30.0,New or occasional,3.1666666666666665
280,23,Under 25,Male,Sneakers,Footwear,69,Arkansas,Summer,4.0,Yes,Standard,Yes,37,Bank Transfer,Monthly,True,True,True,30.0,Loyal high-value,2.3
281,45,35-49,Male,Sandals,Footwear,69,Montana,Fall,4.2,Yes,2-Day Shipping,Yes,21,Cash,Bi-Weekly,True,True,True,14.0,New or occasional,4.928571428571429
282,38,35-49,Male,Belt,Accessories,61,Oklahoma,Spring,2.5,Yes,Standard,Yes,22,Debit Card,Bi-Weekly,True,True,True,14.0,New or occasional,4.357142857142857
283,21,Under 25,Male,Skirt,Clothing,94,Minnesota,Summer,3.0,Yes,2-Day Shipping,Yes,9,Cash,Monthly,True,True,False,30.0,New or occasional,3.1333333333333333
284,32,25-34,Male,Sweater,Clothing,30,Montana,Fall,3.2,Yes,Next Day Air,Yes,16,Venmo,Annually,True,True,True,30.0,Promotion-led growth,1.0
285,63,50+,Male,Skirt,Clothing,45,Ohio,Summer,3.5,Yes,Standard,Yes,4,PayPal,Quarterly,True,True,False,90.0,Promotion-led growth,0.5
286,29,25-34,Male,Handbag,Accessories,39,Kentucky,Summer,4.8,Yes,Express,Yes,3,Debit Card,Bi-Weekly,True,True,False,14.0,Promotion-led growth,2.7857142857142856
287,27,25-34,Male,Jewelry,Accessories,51,Nebraska,Summer,2.6,Yes,Store Pickup,Yes,6,Debit Card,Annually,True,True,False,30.0,Promotion-led growth,1.7
288,56,50+,Male,Scarf,Accessories,37,Delaware,Spring,3.4,Yes,2-Day Shipping,Yes,18,Venmo,Fortnightly,True,True,True,14.0,Promotion-led growth,2.642857142857143
289,30,25-34,Male,T-shirt,Clothing,62,North Carolina,Winter,3.7,Yes,2-Day Shipping,Yes,34,Venmo,Bi-Weekly,True,True,True,14.0,Loyal high-value,4.428571428571429
290,49,35-49,Male,Coat,Outerwear,85,New York,Fall,4.5,Yes,2-Day Shipping,Yes,26,Credit Card,Monthly,True,True,True,30.0,Loyal high-value,2.8333333333333335
291,58,50+,Male,T-shirt,Clothing,33,Colorado,Winter,3.7,Yes,Standard,Yes,50,PayPal,Weekly,True,True,True,7.0,Subscribed repeat,4.714285714285714
292,57,50+,Male,Dress,Clothing,26,Delaware,Fall,3.3,Yes,Next Day Air,Yes,40,Bank Transfer,Monthly,True,True,True,30.0,Subscribed repeat,0.8666666666666667
293,60,50+,Male,Shoes,Footwear,99,Utah,Spring,4.7,Yes,Free Shipping,Yes,24,Cash,Quarterly,True,True,True,90.0,New or occasional,1.1
294,69,50+,Male,Handbag,Accessories,39,Connecticut,Spring,2.7,Yes,Express,Yes,33,PayPal,Annually,True,True,True,30.0,Subscribed repeat,1.3
295,70,50+,Male,Skirt,Clothing,20,New Jersey,Spring,4.6,Yes,Store Pickup,Yes,19,Credit Card,Every 3 Months,True,True,True,90.0,Promotion-led growth,0.2222222222222222
296,53,50+,Male,Sunglasses,Accessories,42,West Virginia,Winter,2.7,Yes,Store Pickup,Yes,24,Credit Card,Quarterly,True,True,True,90.0,Promotion-led growth,0.4666666666666667
297,25,25-34,Male,Sandals,Footwear,74,Indiana,Spring,4.8,Yes,2-Day Shipping,Yes,19,Credit Card,Weekly,True,True,True,7.0,New or occasional,10.571428571428571
298,48,35-49,Male,Shoes,Footwear,26,Delaware,Summer,4.4,Yes,Standard,Yes,4,Credit Card,Bi-Weekly,True,True,False,14.0,Promotion-led growth,1.8571428571428572
299,69,50+,Male,T-shirt,Clothing,53,Maryland,Winter,4.0,Yes,Standard,Yes,11,Venmo,Every 3 Months,True,True,True,90.0,Promotion-led growth,0.5888888888888889
300,25,25-34,Male,Sneakers,Footwear,80,Pennsylvania,Summer,3.2,Yes,Next Day Air,Yes,28,PayPal,Fortnightly,True,True,True,14.0,Loyal high-value,5.714285714285714
301,29,25-34,Male,Hat,Accessories,98,Iowa,Spring,4.4,Yes,Store Pickup,Yes,24,PayPal,Weekly,True,True,True,7.0,New or occasional,14.0
302,46,35-49,Male,Skirt,Clothing,95,Pennsylvania,Spring,3.8,Yes,Standard,Yes,25,Credit Card,Every 3 Months,True,True,True,90.0,Loyal high-value,1.0555555555555556
303,37,35-49,Male,Sweater,Clothing,44,Delaware,Summer,3.6,Yes,Express,Yes,27,Bank Transfer,Every 3 Months,True,True,True,90.0,Subscribed repeat,0.4888888888888889
304,20,Under 25,Male,Sandals,Footwear,60,Oregon,Summer,3.3,Yes,Next Day Air,Yes,49,Venmo,Weekly,True,True,True,7.0,Loyal high-value,8.571428571428571
305,40,35-49,Male,Dress,Clothing,84,Oregon,Winter,3.4,Yes,Next Day Air,Yes,45,Credit Card,Bi-Weekly,True,True,True,14.0,Loyal high-value,6.0
306,60,50+,Male,Sweater,Clothing,59,Utah,Fall,3.5,Yes,2-Day Shipping,Yes,26,PayPal,Annually,True,True,True,30.0,Subscribed repeat,1.9666666666666666
307,26,25-34,Male,Jacket,Outerwear,49,North Dakota,Summer,3.6,Yes,Express,Yes,4,Cash,Annually,True,True,False,30.0,Promotion-led growth,1.6333333333333333
308,29,25-34,Male,Gloves,Accessories,32,Florida,Winter,3.2,Yes,Free Shipping,Yes,3,Credit Card,Every 3 Months,True,True,False,90.0,Promotion-led growth,0.35555555555555557
309,66,50+,Male,Handbag,Accessories,29,Maryland,Fall,3.7,Yes,Standard,Yes,45,Venmo,Bi-Weekly,True,True,True,14.0,Subscribed repeat,2.0714285714285716
310,66,50+,Male,Dress,Clothing,22,Minnesota,Spring,4.5,Yes,Standard,Yes,21,Cash,Fortnightly,True,True,True,14.0,Promotion-led growth,1.5714285714285714
311,56,50+,Male,Pants,Clothing,85,Montana,Winter,4.6,Yes,Standard,Yes,50,Cash,Fortnightly,True,True,True,14.0,Loyal high-value,6.071428571428571
312,69,50+,Male,Jeans,Clothing,52,Rhode Island,Winter,4.1,Yes,Store Pickup,Yes,19,Bank Transfer,Monthly,True,True,True,30.0,Promotion-led growth,1.7333333333333334
313,38,35-49,Male,Pants,Clothing,89,Massachusetts,Spring,3.4,Yes,Next Day Air,Yes,6,PayPal,Annually,True,True,False,30.0,New or occasional,2.966666666666667
314,42,35-49,Male,Dress,Clothing,77,Vermont,Spring,3.7,Yes,Express,Yes,50,Credit Card,Every 3 Months,True,True,True,90.0,Loyal high-value,0.8555555555555555
315,30,25-34,Male,Pants,Clothing,24,New Jersey,Summer,3.3,Yes,Store Pickup,Yes,17,Debit Card,Every 3 Months,True,True,True,90.0,Promotion-led growth,0.26666666666666666
316,66,50+,Male,Jewelry,Accessories,24,Wisconsin,Spring,4.5,Yes,Express,Yes,24,Debit Card,Annually,True,True,True,30.0,Promotion-led growth,0.8
317,36,35-49,Male,Handbag,Accessories,22,California,Fall,3.3,Yes,Free Shipping,Yes,46,Venmo,Monthly,True,True,True,30.0,Subscribed repeat,0.7333333333333333
318,58,50+,Male,Sweater,Clothing,82,West Virginia,Fall,4.3,Yes,Standard,Yes,42,Cash,Every 3 Months,True,True,True,90.0,Loyal high-value,0.9111111111111111
319,45,35-49,Male,Backpack,Accessories,67,South Dakota,Winter,2.5,Yes,Standard,Yes,10,Cash,Annually,True,True,True,30.0,New or occasional,2.2333333333333334
320,47,35-49,Male,Shorts,Clothing,74,Maine,Spring,2.6,Yes,Standard,Yes,1,Cash,Every 3 Months,True,True,False,90.0,New or occasional,0.8222222222222222
321,66,50+,Male,Jewelry,Accessories,72,Kansas,Summer,4.9,Yes,Standard,Yes,28,Debit Card,Quarterly,True,True,True,90.0,Loyal high-value,0.8
322,41,35-49,Male,Sneakers,Footwear,36,Vermont,Summer,4.7,Yes,Free Shipping,Yes,48,Debit Card,Quarterly,True,True,True,90.0,Subscribed repeat,0.4
323,41,35-49,Male,Belt,Accessories,95,Tennessee,Winter,3.0,Yes,Standard,Yes,47,Credit Card,Monthly,True,True,True,30.0,Loyal high-value,3.1666666666666665
324,66,50+,Male,Hoodie,Clothing,78,Tennessee,Winter,3.5,Yes,Next Day Air,Yes,29,PayPal,Bi-Weekly,True,True,True,14.0,Loyal high-value,5.571428571428571
325,37,35-49,Male,Shirt,Clothing,82,Wyoming,Summer,4.8,Yes,Standard,Yes,37,Venmo,Quarterly,True,True,True,90.0,Loyal high-value,0.9111111111111111
326,70,50+,Male,Pants,Clothing,70,Vermont,Winter,4.3,Yes,Free Shipping,Yes,38,Debit Card,Annually,True,True,True,30.0,Loyal high-value,2.3333333333333335
327,62,50+,Male,Scarf,Accessories,41,New Jersey,Fall,3.2,Yes,Store Pickup,Yes,48,Bank Transfer,Weekly,True,True,True,7.0,Subscribed repeat,5.857142857142857
328,61,50+,Male,Coat,Outerwear,42,Iowa,Summer,3.1,Yes,Free Shipping,Yes,36,PayPal,Weekly,True,True,True,7.0,Subscribed repeat,6.0
329,48,35-49,Male,Coat,Outerwear,50,Florida,Fall,2.8,Yes,Free Shipping,Yes,9,Credit Card,Weekly,True,True,False,7.0,Promotion-led growth,7.142857142857143
330,70,50+,Male,Socks,Clothing,31,Nevada,Summer,2.9,Yes,2-Day Shipping,Yes,34,Bank Transfer,Monthly,True,True,True,30.0,Subscribed repeat,1.0333333333333334
331,46,35-49,Male,Sweater,Clothing,51,North Dakota,Winter,3.7,Yes,Express,Yes,43,Venmo,Bi-Weekly,True,True,True,14.0,Subscribed repeat,3.642857142857143
332,31,25-34,Male,Shirt,Clothing,98,Florida,Fall,3.3,Yes,Store Pickup,Yes,46,PayPal,Quarterly,True,True,True,90.0,Loyal high-value,1.0888888888888888
333,19,Under 25,Male,Shirt,Clothing,86,New York,Winter,2.8,Yes,2-Day Shipping,Yes,5,Credit Card,Monthly,True,True,False,30.0,New or occasional,2.8666666666666667
334,39,35-49,Male,Sweater,Clothing,64,Alaska,Winter,4.5,Yes,Standard,Yes,15,Bank Transfer,Bi-Weekly,True,True,True,14.0,New or occasional,4.571428571428571
335,41,35-49,Male,Blouse,Clothing,46,Kansas,Fall,2.6,Yes,Next Day Air,Yes,30,Credit Card,Annually,True,True,True,30.0,Subscribed repeat,1.5333333333333334
336,20,Under 25,Male,Sweater,Clothing,85,Oregon,Spring,3.7,Yes,Standard,Yes,44,Venmo,Every 3 Months,True,True,True,90.0,Loyal high-value,0.9444444444444444
337,36,35-49,Male,Hat,Accessories,81,Rhode Island,Fall,4.4,Yes,Express,Yes,16,PayPal,Annually,True,True,True,30.0,New or occasional,2.7
338,32,25-34,Male,Sweater,Clothing,59,New Mexico,Winter,4.3,Yes,2-Day Shipping,Yes,16,Bank Transfer,Annually,True,True,True,30.0,Promotion-led growth,1.9666666666666666
339,69,50+,Male,Hoodie,Clothing,79,Massachusetts,Winter,3.5,Yes,Express,Yes,16,Cash,Weekly,True,True,True,7.0,New or occasional,11.285714285714286
340,40,35-49,Male,Shorts,Clothing,33,Pennsylvania,Spring,3.8,Yes,2-Day Shipping,Yes,21,Credit Card,Every 3 Months,True,True,True,90.0,Promotion-led growth,0.36666666666666664
341,40,35-49,Male,Shorts,Clothing,47,New Jersey,Summer,3.5,Yes,Express,Yes,39,Venmo,Every 3 Months,True,True,True,90.0,Subscribed repeat,0.5222222222222223
342,20,Under 25,Male,Hat,Accessories,20,Utah,Summer,4.6,Yes,Store Pickup,Yes,40,Debit Card,Bi-Weekly,True,True,True,14.0,Subscribed repeat,1.4285714285714286
343,64,50+,Male,Coat,Outerwear,36,Kentucky,Spring,2.6,Yes,Next Day Air,Yes,48,Credit Card,Every 3 Months,True,True,True,90.0,Subscribed repeat,0.4
344,27,25-34,Male,Sandals,Footwear,39,Nebraska,Summer,4.4,Yes,Next Day Air,Yes,26,Venmo,Monthly,True,True,True,30.0,Subscribed repeat,1.3
345,24,Under 25,Male,Skirt,Clothing,71,Virginia,Winter,4.0,Yes,Standard,Yes,46,Debit Card,Monthly,True,True,True,30.0,Loyal high-value,2.3666666666666667
346,48,35-49,Male,Shoes,Footwear,59,Wyoming,Winter,4.4,Yes,Next Day Air,Yes,27,Bank Transfer,Annually,True,True,True,30.0,Subscribed repeat,1.9666666666666666
347,49,35-49,Male,Jeans,Clothing,50,New Mexico,Spring,4.7,Yes,Next Day Air,Yes,5,Cash,Weekly,True,True,False,7.0,Promotion-led growth,7.142857142857143
348,36,35-49,Male,Sandals,Footwear,41,Oregon,Fall,3.9,Yes,Store Pickup,Yes,43,PayPal,Fortnightly,True,True,True,14.0,Subscribed repeat,2.9285714285714284
349,56,50+,Male,Blouse,Clothing,59,South Carolina,Fall,2.7,Yes,Free Shipping,Yes,17,PayPal,Fortnightly,True,True,True,14.0,Promotion-led growth,4.214285714285714
350,37,35-49,Male,Hat,Accessories,87,Arizona,Winter,3.7,Yes,2-Day Shipping,Yes,3,Bank Transfer,Bi-Weekly,True,True,False,14.0,New or occasional,6.214285714285714
351,42,35-49,Male,Sweater,Clothing,68,Kentucky,Spring,2.6,Yes,2-Day Shipping,Yes,47,Bank Transfer,Fortnightly,True,True,True,14.0,Loyal high-value,4.857142857142857
352,28,25-34,Male,Skirt,Clothing,90,New York,Winter,3.9,Yes,Standard,Yes,24,Debit Card,Bi-Weekly,True,True,True,14.0,New or occasional,6.428571428571429
353,27,25-34,Male,Jeans,Clothing,71,Texas,Fall,4.9,Yes,Next Day Air,Yes,12,Cash,Every 3 Months,True,True,True,90.0,New or occasional,0.7888888888888889
354,63,50+,Male,Sneakers,Footwear,64,Missouri,Fall,4.1,Yes,Store Pickup,Yes,35,Debit Card,Monthly,True,True,True,30.0,Loyal high-value,2.1333333333333333
355,58,50+,Male,Jewelry,Accessories,76,Pennsylvania,Fall,3.0,Yes,Free Shipping,Yes,42,Venmo,Weekly,True,True,True,7.0,Loyal high-value,10.857142857142858
356,37,35-49,Male,Jewelry,Accessories,42,Oregon,Fall,4.1,Yes,2-Day Shipping,Yes,1,PayPal,Every 3 Months,True,True,False,90.0,Promotion-led growth,0.4666666666666667
357,56,50+,Male,Pants,Clothing,80,Nevada,Spring,3.7,Yes,Standard,Yes,27,Cash,Weekly,True,True,True,7.0,Loyal high-value,11.428571428571429
358,18,Under 25,Male,Belt,Accessories,56,Arkansas,Spring,4.0,Yes,Standard,Yes,16,Credit Card,Bi-Weekly,True,True,True,14.0,Promotion-led growth,4.0
359,48,35-49,Male,Hat,Accessories,25,Minnesota,Summer,3.6,Yes,Express,Yes,36,Credit Card,Every 3 Months,True,True,True,90.0,Subscribed repeat,0.2777777777777778
360,31,25-34,Male,Sneakers,Footwear,74,Georgia,Winter,3.0,Yes,Store Pickup,Yes,30,Credit Card,Every 3 Months,True,True,True,90.0,Loyal high-value,0.8222222222222222
361,51,50+,Male,Pants,Clothing,30,Rhode Island,Summer,3.0,Yes,Standard,Yes,18,Debit Card,Fortnightly,True,True,True,14.0,Promotion-led growth,2.142857142857143
362,65,50+,Male,T-shirt,Clothing,96,Nevada,Spring,2.6,Yes,Free Shipping,Yes,45,Cash,Annually,True,True,True,30.0,Loyal high-value,3.2
363,53,50+,Male,Sneakers,Footwear,64,Texas,Fall,3.4,Yes,Free Shipping,Yes,1,Venmo,Fortnightly,True,True,False,14.0,New or occasional,4.571428571428571
364,55,50+,Male,Shorts,Clothing,88,Florida,Winter,3.1,Yes,Free Shipping,Yes,42,Bank Transfer,Fortnightly,True,True,True,14.0,Loyal high-value,6.285714285714286
365,62,50+,Male,Shoes,Footwear,88,North Dakota,Summer,3.0,Yes,Free Shipping,Yes,7,Venmo,Every 3 Months,True,True,False,90.0,New or occasional,0.9777777777777777
366,55,50+,Male,Gloves,Accessories,88,West Virginia,Summer,3.7,Yes,Standard,Yes,50,PayPal,Quarterly,True,True,True,90.0,Loyal high-value,0.9777777777777777
367,64,50+,Male,Socks,Clothing,36,Nebraska,Spring,3.5,Yes,Store Pickup,Yes,37,Venmo,Fortnightly,True,True,True,14.0,Subscribed repeat,2.5714285714285716
368,52,50+,Male,Dress,Clothing,40,Tennessee,Spring,2.8,Yes,Store Pickup,Yes,18,Bank Transfer,Monthly,True,True,True,30.0,Promotion-led growth,1.3333333333333333
369,24,Under 25,Male,Handbag,Accessories,39,Oklahoma,Spring,4.5,Yes,Standard,Yes,29,Cash,Monthly,True,True,True,30.0,Subscribed repeat,1.3
370,38,35-49,Male,Belt,Accessories,40,Wisconsin,Summer,3.3,Yes,Store Pickup,Yes,45,PayPal,Quarterly,True,True,True,90.0,Subscribed repeat,0.4444444444444444
371,59,50+,Male,Scarf,Accessories,34,Oregon,Winter,3.4,Yes,Express,Yes,13,PayPal,Weekly,True,True,True,7.0,Promotion-led growth,4.857142857142857
372,27,25-34,Male,Sneakers,Footwear,83,North Carolina,Winter,3.2,Yes,2-Day Shipping,Yes,47,PayPal,Monthly,True,True,True,30.0,Loyal high-value,2.7666666666666666
373,24,Under 25,Male,Sweater,Clothing,85,Pennsylvania,Summer,3.7,Yes,Standard,Yes,7,Debit Card,Weekly,True,True,False,7.0,New or occasional,12.142857142857142
374,23,Under 25,Male,Coat,Outerwear,27,North Dakota,Summer,4.6,Yes,Express,Yes,11,Venmo,Bi-Weekly,True,True,True,14.0,Promotion-led growth,1.9285714285714286
375,69,50+,Male,Jewelry,Accessories,78,Ohio,Spring,5.0,Yes,Store Pickup,Yes,39,Bank Transfer,Monthly,True,True,True,30.0,Loyal high-value,2.6
376,59,50+,Male,Sunglasses,Accessories,32,Oklahoma,Summer,4.4,Yes,Standard,Yes,6,Debit Card,Quarterly,True,True,False,90.0,Promotion-led growth,0.35555555555555557
377,51,50+,Male,Shoes,Footwear,51,South Carolina,Fall,4.9,Yes,Express,Yes,2,Venmo,Bi-Weekly,True,True,False,14.0,Promotion-led growth,3.642857142857143
378,63,50+,Male,Scarf,Accessories,32,Maine,Spring,4.1,Yes,Standard,Yes,39,Credit Card,Every 3 Months,True,True,True,90.0,Subscribed repeat,0.35555555555555557
379,54,50+,Male,Dress,Clothing,62,Nevada,Winter,4.9,Yes,Next Day Air,Yes,23,Credit Card,Monthly,True,True,True,30.0,New or occasional,2.066666666666667
380,32,25-34,Male,T-shirt,Clothing,29,Montana,Fall,4.7,Yes,2-Day Shipping,Yes,46,Debit Card,Bi-Weekly,True,True,True,14.0,Subscribed repeat,2.0714285714285716
381,39,35-49,Male,Backpack,Accessories,69,New Hampshire,Fall,3.0,Yes,Store Pickup,Yes,19,Bank Transfer,Weekly,True,True,True,7.0,New or occasional,9.857142857142858
382,66,50+,Male,Jewelry,Accessories,25,Maine,Winter,3.4,Yes,Store Pickup,Yes,3,Credit Card,Every 3 Months,True,True,False,90.0,Promotion-led growth,0.2777777777777778
383,28,25-34,Male,Jeans,Clothing,76,California,Winter,3.2,Yes,Store Pickup,Yes,47,PayPal,Quarterly,True,True,True,90.0,Loyal high-value,0.8444444444444444
384,50,50+,Male,Sunglasses,Accessories,77,West Virginia,Fall,3.8,Yes,Standard,Yes,6,PayPal,Quarterly,True,True,False,90.0,New or occasional,0.8555555555555555
385,70,50+,Male,Sweater,Clothing,33,California,Fall,4.5,Yes,2-Day Shipping,Yes,6,Venmo,Annually,True,True,False,30.0,Promotion-led growth,1.1
386,67,50+,Male,Shorts,Clothing,93,West Virginia,Fall,2.7,Yes,Next Day Air,Yes,12,Credit Card,Bi-Weekly,True,True,True,14.0,New or occasional,6.642857142857143
387,64,50+,Male,Jewelry,Accessories,39,Louisiana,Spring,3.4,Yes,Express,Yes,40,PayPal,Quarterly,True,True,True,90.0,Subscribed repeat,0.43333333333333335
388,45,35-49,Male,Coat,Outerwear,93,Georgia,Summer,4.6,Yes,Store Pickup,Yes,38,PayPal,Fortnightly,True,True,True,14.0,Loyal high-value,6.642857142857143
389,22,Under 25,Male,Handbag,Accessories,82,Washington,Summer,2.7,Yes,Store Pickup,Yes,10,PayPal,Quarterly,True,True,True,90.0,New or occasional,0.9111111111111111
390,27,25-34,Male,Boots,Footwear,42,Virginia,Spring,4.2,Yes,Standard,Yes,28,Bank Transfer,Monthly,True,True,True,30.0,Subscribed repeat,1.4
391,25,25-34,Male,Gloves,Accessories,71,Indiana,Winter,3.2,Yes,2-Day Shipping,Yes,19,PayPal,Annually,True,True,True,30.0,New or occasional,2.3666666666666667
392,37,35-49,Male,Sweater,Clothing,86,Minnesota,Spring,4.8,Yes,Standard,Yes,25,Cash,Fortnightly,True,True,True,14.0,Loyal high-value,6.142857142857143
393,26,25-34,Male,T-shirt,Clothing,82,Idaho,Spring,3.3,Yes,Next Day Air,Yes,38,Credit Card,Annually,True,True,True,30.0,Loyal high-value,2.7333333333333334
394,33,25-34,Male,Shoes,Footwear,65,Vermont,Fall,4.2,Yes,Standard,Yes,6,PayPal,Fortnightly,True,True,False,14.0,New or occasional,4.642857142857143
395,43,35-49,Male,Scarf,Accessories,29,North Dakota,Spring,4.8,Yes,Store Pickup,Yes,7,Debit Card,Bi-Weekly,True,True,False,14.0,Promotion-led growth,2.0714285714285716
396,37,35-49,Male,Sneakers,Footwear,65,Rhode Island,Winter,4.9,Yes,Store Pickup,Yes,2,PayPal,Annually,True,True,False,30.0,New or occasional,2.1666666666666665
397,46,35-49,Male,Dress,Clothing,88,South Carolina,Fall,3.9,Yes,Standard,Yes,24,Bank Transfer,Annually,True,True,True,30.0,New or occasional,2.933333333333333
398,22,Under 25,Male,Belt,Accessories,46,Mississippi,Fall,3.0,Yes,Free Shipping,Yes,26,Cash,Annually,True,True,True,30.0,Subscribed repeat,1.5333333333333334
399,20,Under 25,Male,Boots,Footwear,67,Montana,Winter,4.6,Yes,Free Shipping,Yes,25,Debit Card,Every 3 Months,True,True,True,90.0,Loyal high-value,0.7444444444444445
400,60,50+,Male,Scarf,Accessories,35,Idaho,Fall,3.5,Yes,2-Day Shipping,Yes,10,Debit Card,Monthly,True,True,True,30.0,Promotion-led growth,1.1666666666666667
401,39,35-49,Male,Boots,Footwear,66,Utah,Winter,4.8,Yes,Free Shipping,Yes,14,PayPal,Fortnightly,True,True,True,14.0,New or occasional,4.714285714285714
402,43,35-49,Male,T-shirt,Clothing,91,Oklahoma,Fall,4.8,Yes,Standard,Yes,21,Cash,Quarterly,True,True,True,90.0,New or occasional,1.011111111111111
403,31,25-34,Male,Backpack,Accessories,78,California,Fall,3.0,Yes,Express,Yes,26,PayPal,Monthly,True,True,True,30.0,Loyal high-value,2.6
404,19,Under 25,Male,Sneakers,Footwear,45,Nevada,Winter,4.5,Yes,Next Day Air,Yes,12,Bank Transfer,Annually,True,True,True,30.0,Promotion-led growth,1.5
405,35,35-49,Male,T-shirt,Clothing,93,Delaware,Spring,4.8,Yes,Store Pickup,Yes,11,Credit Card,Monthly,True,True,True,30.0,New or occasional,3.1
406,41,35-49,Male,Jeans,Clothing,74,South Carolina,Summer,3.8,Yes,Standard,Yes,15,Cash,Annually,True,True,True,30.0,New or occasional,2.466666666666667
407,52,50+,Male,Gloves,Accessories,55,Maryland,Spring,4.6,Yes,Express,Yes,13,Cash,Monthly,True,True,True,30.0,Promotion-led growth,1.8333333333333333
408,45,35-49,Male,Hoodie,Clothing,76,North Carolina,Spring,3.1,Yes,Next Day Air,Yes,5,Credit Card,Bi-Weekly,True,True,False,14.0,New or occasional,5.428571428571429
409,34,25-34,Male,Sneakers,Footwear,66,Alabama,Spring,3.4,Yes,Express,Yes,36,Cash,Fortnightly,True,True,True,14.0,Loyal high-value,4.714285714285714
410,35,35-49,Male,Shorts,Clothing,51,Minnesota,Winter,3.3,Yes,2-Day Shipping,Yes,32,Bank Transfer,Monthly,True,True,True,30.0,Subscribed repeat,1.7
411,29,25-34,Male,Sweater,Clothing,26,Virginia,Spring,4.8,Yes,2-Day Shipping,Yes,1,Credit Card,Quarterly,True,True,False,90.0,Promotion-led growth,0.28888888888888886
412,59,50+,Male,Jeans,Clothing,29,Michigan,Summer,2.8,Yes,Express,Yes,15,PayPal,Annually,True,True,True,30.0,Promotion-led growth,0.9666666666666667
413,24,Under 25,Male,Jacket,Outerwear,74,Maine,Summer,3.1,Yes,Store Pickup,Yes,3,Bank Transfer,Weekly,True,True,False,7.0,New or occasional,10.571428571428571
414,70,50+,Male,Jewelry,Accessories,99,Nevada,Summer,4.6,Yes,Free Shipping,Yes,48,Cash,Monthly,True,True,True,30.0,Loyal high-value,3.3
415,29,25-34,Male,Backpack,Accessories,88,Wyoming,Winter,2.6,Yes,Store Pickup,Yes,30,Debit Card,Weekly,True,True,True,7.0,Loyal high-value,12.571428571428571
416,67,50+,Male,Coat,Outerwear,31,Connecticut,Winter,2.6,Yes,Express,Yes,40,Bank Transfer,Monthly,True,True,True,30.0,Subscribed repeat,1.0333333333333334
417,36,35-49,Male,Belt,Accessories,55,Oregon,Spring,3.8,Yes,Free Shipping,Yes,24,Bank Transfer,Fortnightly,True,True,True,14.0,Promotion-led growth,3.9285714285714284
418,23,Under 25,Male,Sandals,Footwear,81,Mississippi,Fall,4.5,Yes,Free Shipping,Yes,48,Debit Card,Quarterly,True,True,True,90.0,Loyal high-value,0.9
419,18,Under 25,Male,Sweater,Clothing,73,Illinois,Spring,3.0,Yes,Standard,Yes,27,Venmo,Bi-Weekly,True,True,True,14.0,Loyal high-value,5.214285714285714
420,53,50+,Male,Shorts,Clothing,91,Utah,Winter,3.7,Yes,Free Shipping,Yes,14,Credit Card,Every 3 Months,True,True,True,90.0,New or occasional,1.011111111111111
421,32,25-34,Male,Socks,Clothing,54,North Carolina,Spring,3.8,Yes,Free Shipping,Yes,18,Debit Card,Bi-Weekly,True,True,True,14.0,Promotion-led growth,3.857142857142857
422,38,35-49,Male,Shirt,Clothing,40,Kentucky,Winter,3.5,Yes,Standard,Yes,48,Cash,Bi-Weekly,True,True,True,14.0,Subscribed repeat,2.857142857142857
423,47,35-49,Male,Pants,Clothing,59,Minnesota,Fall,3.1,Yes,Store Pickup,Yes,32,Debit Card,Annually,True,True,True,30.0,Subscribed repeat,1.9666666666666666
424,46,35-49,Male,Scarf,Accessories,26,New York,Spring,3.0,Yes,Store Pickup,Yes,21,Credit Card,Bi-Weekly,True,True,True,14.0,Promotion-led growth,1.8571428571428572
425,66,50+,Male,Sweater,Clothing,23,Illinois,Winter,4.3,Yes,Standard,Yes,42,PayPal,Fortnightly,True,True,True,14.0,Subscribed repeat,1.6428571428571428
426,40,35-49,Male,Jeans,Clothing,87,North Dakota,Winter,3.3,Yes,Store Pickup,Yes,4,Credit Card,Quarterly,True,True,False,90.0,New or occasional,0.9666666666666667
427,43,35-49,Male,Pants,Clothing,71,Louisiana,Winter,4.7,Yes,Express,Yes,19,Credit Card,Quarterly,True,True,True,90.0,New or occasional,0.7888888888888889
428,58,50+,Male,Backpack,Accessories,91,Illinois,Winter,4.5,Yes,Store Pickup,Yes,6,Credit Card,Quarterly,True,True,False,90.0,New or occasional,1.011111111111111
429,21,Under 25,Male,Coat,Outerwear,64,Wyoming,Winter,2.9,Yes,Free Shipping,Yes,2,Debit Card,Fortnightly,True,True,False,14.0,New or occasional,4.571428571428571
430,42,35-49,Male,Sandals,Footwear,94,Washington,Winter,4.1,Yes,2-Day Shipping,Yes,21,Cash,Fortnightly,True,True,True,14.0,New or occasional,6.714285714285714
431,24,Under 25,Male,Shirt,Clothing,40,Texas,Summer,3.5,Yes,Store Pickup,Yes,40,Debit Card,Annually,True,True,True,30.0,Subscribed repeat,1.3333333333333333
432,43,35-49,Male,Hat,Accessories,76,New Hampshire,Winter,3.4,Yes,Store Pickup,Yes,33,Cash,Fortnightly,True,True,True,14.0,Loyal high-value,5.428571428571429
433,47,35-49,Male,Shirt,Clothing,86,Indiana,Fall,3.3,Yes,Free Shipping,Yes,26,Venmo,Weekly,True,True,True,7.0,Loyal high-value,12.285714285714286
434,49,35-49,Male,Skirt,Clothing,92,Alabama,Fall,3.2,Yes,Store Pickup,Yes,23,Credit Card,Fortnightly,True,True,True,14.0,New or occasional,6.571428571428571
435,50,50+,Male,Shoes,Footwear,52,Oklahoma,Spring,4.0,Yes,Store Pickup,Yes,39,PayPal,Every 3 Months,True,True,True,90.0,Subscribed repeat,0.5777777777777777
436,51,50+,Male,Coat,Outerwear,28,Montana,Winter,3.6,Yes,Next Day Air,Yes,42,Bank Transfer,Monthly,True,True,True,30.0,Subscribed repeat,0.9333333333333333
437,40,35-49,Male,Pants,Clothing,46,Tennessee,Summer,4.6,Yes,Free Shipping,Yes,41,Bank Transfer,Weekly,True,True,True,7.0,Subscribed repeat,6.571428571428571
438,45,35-49,Male,Jewelry,Accessories,50,New Mexico,Summer,2.6,Yes,Next Day Air,Yes,41,PayPal,Annually,True,True,True,30.0,Subscribed repeat,1.6666666666666667
439,52,50+,Male,Belt,Accessories,23,Iowa,Winter,4.3,Yes,Express,Yes,12,Credit Card,Fortnightly,True,True,True,14.0,Promotion-led growth,1.6428571428571428
440,62,50+,Male,Jacket,Outerwear,50,Idaho,Summer,3.4,Yes,Free Shipping,Yes,31,Cash,Monthly,True,True,True,30.0,Subscribed repeat,1.6666666666666667
441,20,Under 25,Male,Shirt,Clothing,89,Oklahoma,Winter,3.5,Yes,Store Pickup,Yes,34,Debit Card,Fortnightly,True,True,True,14.0,Loyal high-value,6.357142857142857
442,43,35-49,Male,Hoodie,Clothing,81,Florida,Winter,4.2,Yes,Standard,Yes,32,Credit Card,Annually,True,True,True,30.0,Loyal high-value,2.7
443,29,25-34,Male,Sunglasses,Accessories,69,Michigan,Fall,3.8,Yes,Store Pickup,Yes,31,Credit Card,Quarterly,True,True,True,90.0,Loyal high-value,0.7666666666666667
444,22,Under 25,Male,Sunglasses,Accessories,67,Hawaii,Summer,3.6,Yes,Free Shipping,Yes,24,PayPal,Annually,True,True,True,30.0,New or occasional,2.2333333333333334
445,48,35-49,Male,Dress,Clothing,20,California,Summer,4.3,Yes,Store Pickup,Yes,31,Debit Card,Annually,True,True,True,30.0,Subscribed repeat,0.6666666666666666
446,42,35-49,Male,Boots,Footwear,29,Iowa,Fall,4.9,Yes,Standard,Yes,18,Venmo,Annually,True,True,True,30.0,Promotion-led growth,0.9666666666666667
447,19,Under 25,Male,Shirt,Clothing,74,West Virginia,Summer,4.1,Yes,Store Pickup,Yes,15,Venmo,Monthly,True,True,True,30.0,New or occasional,2.466666666666667
448,60,50+,Male,Shorts,Clothing,82,Washington,Spring,3.6,Yes,Standard,Yes,7,Bank Transfer,Every 3 Months,True,True,False,90.0,New or occasional,0.9111111111111111
449,32,25-34,Male,Gloves,Accessories,23,Missouri,Summer,3.4,Yes,Next Day Air,Yes,35,Bank Transfer,Fortnightly,True,True,True,14.0,Subscribed repeat,1.6428571428571428
450,26,25-34,Male,Jewelry,Accessories,45,New York,Summer,2.9,Yes,2-Day Shipping,Yes,35,Bank Transfer,Monthly,True,True,True,30.0,Subscribed repeat,1.5
451,25,25-34,Male,Boots,Footwear,21,Connecticut,Summer,2.7,Yes,Store Pickup,Yes,19,Credit Card,Monthly,True,True,True,30.0,Promotion-led growth,0.7
452,66,50+,Male,Jewelry,Accessories,31,Virginia,Summer,4.3,Yes,Express,Yes,26,Credit Card,Fortnightly,True,True,True,14.0,Subscribed repeat,2.2142857142857144
453,45,35-49,Male,Pants,Clothing,45,Missouri,Summer,3.7,Yes,Express,Yes,39,PayPal,Fortnightly,True,True,True,14.0,Subscribed repeat,3.2142857142857144
454,54,50+,Male,Jewelry,Accessories,56,Nebraska,Winter,2.8,Yes,Next Day Air,Yes,22,Credit Card,Weekly,True,True,True,7.0,Promotion-led growth,8.0
455,37,35-49,Male,Jacket,Outerwear,97,New Jersey,Summer,3.2,Yes,Next Day Air,Yes,14,Cash,Bi-Weekly,True,True,True,14.0,New or occasional,6.928571428571429
456,54,50+,Male,Blouse,Clothing,100,Utah,Fall,3.6,Yes,Store Pickup,Yes,50,Debit Card,Fortnightly,True,True,True,14.0,Loyal high-value,7.142857142857143
457,50,50+,Male,Blouse,Clothing,96,North Carolina,Fall,4.0,Yes,2-Day Shipping,Yes,33,Credit Card,Quarterly,True,True,True,90.0,Loyal high-value,1.0666666666666667
458,25,25-34,Male,Gloves,Accessories,99,Rhode Island,Spring,4.9,Yes,Next Day Air,Yes,48,Debit Card,Every 3 Months,True,True,True,90.0,Loyal high-value,1.1
459,47,35-49,Male,Shorts,Clothing,91,Arkansas,Winter,4.0,Yes,2-Day Shipping,Yes,48,PayPal,Monthly,True,True,True,30.0,Loyal high-value,3.033333333333333
460,63,50+,Male,Hat,Accessories,30,Maryland,Winter,3.8,Yes,Standard,Yes,27,PayPal,Fortnightly,True,True,True,14.0,Subscribed repeat,2.142857142857143
461,64,50+,Male,Shoes,Footwear,65,South Carolina,Summer,3.8,Yes,Store Pickup,Yes,27,Bank Transfer,Weekly,True,True,True,7.0,Loyal high-value,9.285714285714286
462,18,Under 25,Male,Boots,Footwear,93,Ohio,Winter,3.9,Yes,Express,Yes,20,Venmo,Weekly,True,True,True,7.0,New or occasional,13.285714285714286
463,59,50+,Male,Jacket,Outerwear,81,Illinois,Fall,3.3,Yes,Express,Yes,48,Venmo,Every 3 Months,True,True,True,90.0,Loyal high-value,0.9
464,37,35-49,Male,Jewelry,Accessories,81,Georgia,Summer,2.7,Yes,Standard,Yes,29,Venmo,Weekly,True,True,True,7.0,Loyal high-value,11.571428571428571
465,23,Under 25,Male,Sunglasses,Accessories,52,Alabama,Winter,4.7,Yes,Next Day Air,Yes,45,PayPal,Monthly,True,True,True,30.0,Subscribed repeat,1.7333333333333334
466,54,50+,Male,Skirt,Clothing,88,Oklahoma,Summer,2.8,Yes,Next Day Air,Yes,25,Cash,Quarterly,True,True,True,90.0,Loyal high-value,0.9777777777777777
467,38,35-49,Male,Jeans,Clothing,24,Vermont,Winter,4.6,Yes,Free Shipping,Yes,25,PayPal,Weekly,True,True,True,7.0,Subscribed repeat,3.4285714285714284
468,19,Under 25,Male,Backpack,Accessories,51,Nebraska,Spring,4.5,Yes,2-Day Shipping,Yes,37,Debit Card,Every 3 Months,True,True,True,90.0,Subscribed repeat,0.5666666666666667
469,34,25-34,Male,Backpack,Accessories,38,Georgia,Fall,5.0,Yes,Free Shipping,Yes,16,Cash,Quarterly,True,True,True,90.0,Promotion-led growth,0.4222222222222222
470,21,Under 25,Male,Shorts,Clothing,46,Alabama,Fall,4.1,Yes,2-Day Shipping,Yes,30,Debit Card,Bi-Weekly,True,True,True,14.0,Subscribed repeat,3.2857142857142856
471,50,50+,Male,Dress,Clothing,63,Minnesota,Summer,4.6,Yes,Express,Yes,6,Cash,Every 3 Months,True,True,False,90.0,New or occasional,0.7
472,55,50+,Male,Scarf,Accessories,72,Missouri,Winter,4.9,Yes,2-Day Shipping,Yes,36,Bank Transfer,Quarterly,True,True,True,90.0,Loyal high-value,0.8
473,20,Under 25,Male,Jeans,Clothing,39,Georgia,Winter,3.9,Yes,Free Shipping,Yes,3,Bank Transfer,Quarterly,True,True,False,90.0,Promotion-led growth,0.43333333333333335
474,34,25-34,Male,Coat,Outerwear,42,West Virginia,Spring,3.9,Yes,Store Pickup,Yes,29,PayPal,Every 3 Months,True,True,True,90.0,Subscribed repeat,0.4666666666666667
475,62,50+,Male,Sweater,Clothing,76,Arkansas,Summer,2.6,Yes,2-Day Shipping,Yes,15,Cash,Quarterly,True,True,True,90.0,New or occasional,0.8444444444444444
476,21,Under 25,Male,Sneakers,Footwear,66,Ohio,Summer,2.7,Yes,Free Shipping,Yes,18,Debit Card,Annually,True,True,True,30.0,New or occasional,2.2
477,21,Under 25,Male,Scarf,Accessories,90,Connecticut,Spring,3.5,Yes,Free Shipping,Yes,2,Debit Card,Fortnightly,True,True,False,14.0,New or occasional,6.428571428571429
478,42,35-49,Male,Sweater,Clothing,56,North Dakota,Summer,3.7,Yes,Free Shipping,Yes,49,Debit Card,Weekly,True,True,True,7.0,Subscribed repeat,8.0
479,35,35-49,Male,Jewelry,Accessories,43,Kansas,Winter,3.2,Yes,Free Shipping,Yes,48,Venmo,Annually,True,True,True,30.0,Subscribed repeat,1.4333333333333333
480,39,35-49,Male,Handbag,Accessories,84,Iowa,Winter,3.3,Yes,Store Pickup,Yes,43,Venmo,Monthly,True,True,True,30.0,Loyal high-value,2.8
481,68,50+,Male,Hoodie,Clothing,88,Vermont,Summer,4.8,Yes,Standard,Yes,30,Debit Card,Bi-Weekly,True,True,True,14.0,Loyal high-value,6.285714285714286
482,46,35-49,Male,Hat,Accessories,88,Wisconsin,Fall,3.2,Yes,2-Day Shipping,Yes,10,PayPal,Fortnightly,True,True,True,14.0,New or occasional,6.285714285714286
483,41,35-49,Male,Belt,Accessories,42,Connecticut,Winter,2.5,Yes,2-Day Shipping,Yes,11,Venmo,Annually,True,True,True,30.0,Promotion-led growth,1.4
484,23,Under 25,Male,Hoodie,Clothing,73,Oklahoma,Fall,3.9,Yes,Store Pickup,Yes,12,Debit Card,Weekly,True,True,True,7.0,New or occasional,10.428571428571429
485,68,50+,Male,Hat,Accessories,73,Missouri,Summer,4.7,Yes,Free Shipping,Yes,28,Bank Transfer,Quarterly,True,True,True,90.0,Loyal high-value,0.8111111111111111
486,48,35-49,Male,Shoes,Footwear,44,Tennessee,Spring,2.6,Yes,Next Day Air,Yes,36,Debit Card,Fortnightly,True,True,True,14.0,Subscribed repeat,3.142857142857143
487,38,35-49,Male,Sandals,Footwear,63,New Mexico,Fall,2.8,Yes,Store Pickup,Yes,37,Venmo,Every 3 Months,True,True,True,90.0,Loyal high-value,0.7
488,41,35-49,Male,Jacket,Outerwear,68,Iowa,Winter,4.4,Yes,Store Pickup,Yes,22,Credit Card,Quarterly,True,True,True,90.0,New or occasional,0.7555555555555555
489,58,50+,Male,Sweater,Clothing,29,Maine,Spring,4.6,Yes,Standard,Yes,32,Venmo,Weekly,True,True,True,7.0,Subscribed repeat,4.142857142857143
490,49,35-49,Male,Socks,Clothing,85,South Dakota,Summer,3.2,Yes,Standard,Yes,40,PayPal,Annually,True,True,True,30.0,Loyal high-value,2.8333333333333335
491,57,50+,Male,Sneakers,Footwear,42,Colorado,Winter,4.2,Yes,2-Day Shipping,Yes,47,Cash,Monthly,True,True,True,30.0,Subscribed repeat,1.4
492,49,35-49,Male,Coat,Outerwear,69,Vermont,Summer,3.8,Yes,2-Day Shipping,Yes,24,Credit Card,Bi-Weekly,True,True,True,14.0,New or occasional,4.928571428571429
493,50,50+,Male,Shirt,Clothing,62,Michigan,Fall,3.9,Yes,Standard,Yes,11,Debit Card,Weekly,True,True,True,7.0,New or occasional,8.857142857142858
494,28,25-34,Male,Backpack,Accessories,48,Nevada,Summer,4.7,Yes,Store Pickup,Yes,19,Cash,Bi-Weekly,True,True,True,14.0,Promotion-led growth,3.4285714285714284
495,38,35-49,Male,Boots,Footwear,68,Indiana,Winter,4.5,Yes,Express,Yes,42,Debit Card,Weekly,True,True,True,7.0,Loyal high-value,9.714285714285714
496,33,25-34,Male,Handbag,Accessories,36,Michigan,Fall,3.3,Yes,Free Shipping,Yes,6,Debit Card,Fortnightly,True,True,False,14.0,Promotion-led growth,2.5714285714285716
497,30,25-34,Male,Dress,Clothing,63,California,Fall,3.3,Yes,Express,Yes,31,Venmo,Fortnightly,True,True,True,14.0,Loyal high-value,4.5
498,43,35-49,Male,Sneakers,Footwear,39,Oklahoma,Winter,4.6,Yes,Free Shipping,Yes,31,Cash,Weekly,True,True,True,7.0,Subscribed repeat,5.571428571428571
499,43,35-49,Male,Boots,Footwear,78,Iowa,Spring,3.6,Yes,Free Shipping,Yes,27,Bank Transfer,Monthly,True,True,True,30.0,Loyal high-value,2.6
500,36,35-49,Male,Shoes,Footwear,99,Rhode Island,Winter,4.8,Yes,Express,Yes,24,PayPal,Monthly,True,True,True,30.0,New or occasional,3.3
501,36,35-49,Male,T-shirt,Clothing,31,Washington,Fall,4.8,Yes,Next Day Air,Yes,35,Venmo,Every 3 Months,True,True,True,90.0,Subscribed repeat,0.34444444444444444
502,64,50+,Male,Boots,Footwear,45,Florida,Spring,2.9,Yes,Next Day Air,Yes,21,Venmo,Annually,True,True,True,30.0,Promotion-led growth,1.5
503,59,50+,Male,Pants,Clothing,30,South Carolina,Fall,2.8,Yes,Express,Yes,8,PayPal,Fortnightly,True,True,False,14.0,Promotion-led growth,2.142857142857143
504,55,50+,Male,Shoes,Footwear,24,West Virginia,Summer,3.2,Yes,Next Day Air,Yes,26,Bank Transfer,Quarterly,True,True,True,90.0,Subscribed repeat,0.26666666666666666
505,42,35-49,Male,Shoes,Footwear,22,Missouri,Winter,3.9,Yes,Free Shipping,Yes,26,PayPal,Annually,True,True,True,30.0,Subscribed repeat,0.7333333333333333
506,61,50+,Male,T-shirt,Clothing,63,Maine,Spring,4.3,Yes,Express,Yes,9,Cash,Bi-Weekly,True,True,False,14.0,New or occasional,4.5
507,28,25-34,Male,Scarf,Accessories,40,Georgia,Fall,2.7,Yes,2-Day Shipping,Yes,48,Debit Card,Annually,True,True,True,30.0,Subscribed repeat,1.3333333333333333
508,65,50+,Male,Shorts,Clothing,20,Maine,Spring,5.0,Yes,Store Pickup,Yes,33,Debit Card,Fortnightly,True,True,True,14.0,Subscribed repeat,1.4285714285714286
509,27,25-34,Male,Jewelry,Accessories,20,Illinois,Winter,3.7,Yes,Store Pickup,Yes,31,PayPal,Quarterly,True,True,True,90.0,Subscribed repeat,0.2222222222222222
510,41,35-49,Male,T-shirt,Clothing,80,Delaware,Summer,3.9,Yes,Free Shipping,Yes,17,Debit Card,Weekly,True,True,True,7.0,New or occasional,11.428571428571429
511,21,Under 25,Male,Shirt,Clothing,87,West Virginia,Fall,3.9,Yes,2-Day Shipping,Yes,22,Venmo,Annually,True,True,True,30.0,New or occasional,2.9
512,61,50+,Male,Shirt,Clothing,46,Hawaii,Fall,3.1,Yes,Free Shipping,Yes,8,PayPal,Annually,True,True,False,30.0,Promotion-led growth,1.5333333333333334
513,19,Under 25,Male,Gloves,Accessories,49,New York,Winter,3.8,Yes,Next Day Air,Yes,2,Bank Transfer,Monthly,True,True,False,30.0,Promotion-led growth,1.6333333333333333
514,22,Under 25,Male,Scarf,Accessories,65,New Mexico,Fall,3.6,Yes,Store Pickup,Yes,45,Venmo,Annually,True,True,True,30.0,Loyal high-value,2.1666666666666665
515,64,50+,Male,Skirt,Clothing,62,Indiana,Winter,4.3,Yes,Standard,Yes,47,PayPal,Quarterly,True,True,True,90.0,Loyal high-value,0.6888888888888889
516,28,25-34,Male,Hat,Accessories,67,Kentucky,Spring,4.5,Yes,Next Day Air,Yes,7,Cash,Monthly,True,True,False,30.0,New or occasional,2.2333333333333334
517,34,25-34,Male,Hoodie,Clothing,41,West Virginia,Fall,2.8,Yes,2-Day Shipping,Yes,19,Debit Card,Bi-Weekly,True,True,True,14.0,Promotion-led growth,2.9285714285714284
518,61,50+,Male,Boots,Footwear,49,North Dakota,Fall,2.7,Yes,Free Shipping,Yes,44,Cash,Every 3 Months,True,True,True,90.0,Subscribed repeat,0.5444444444444444
519,24,Under 25,Male,Blouse,Clothing,100,Oregon,Fall,2.9,Yes,Next Day Air,Yes,16,Venmo,Every 3 Months,True,True,True,90.0,New or occasional,1.1111111111111112
520,19,Under 25,Male,Belt,Accessories,54,Minnesota,Summer,4.4,Yes,2-Day Shipping,Yes,17,Bank Transfer,Quarterly,True,True,True,90.0,Promotion-led growth,0.6
521,51,50+,Male,Sunglasses,Accessories,84,South Carolina,Spring,3.9,Yes,Free Shipping,Yes,20,Debit Card,Quarterly,True,True,True,90.0,New or occasional,0.9333333333333333
522,36,35-49,Male,Shorts,Clothing,41,Vermont,Winter,3.5,Yes,Standard,Yes,50,Bank Transfer,Annually,True,True,True,30.0,Subscribed repeat,1.3666666666666667
523,65,50+,Male,Gloves,Accessories,88,Minnesota,Spring,2.5,Yes,Store Pickup,Yes,37,Cash,Quarterly,True,True,True,90.0,Loyal high-value,0.9777777777777777
524,46,35-49,Male,Sandals,Footwear,40,Delaware,Spring,4.9,Yes,Express,Yes,5,PayPal,Quarterly,True,True,False,90.0,Promotion-led growth,0.4444444444444444
525,59,50+,Male,Shirt,Clothing,39,Pennsylvania,Summer,4.8,Yes,Free Shipping,Yes,44,PayPal,Annually,True,True,True,30.0,Subscribed repeat,1.3
526,51,50+,Male,Coat,Outerwear,37,Iowa,Spring,3.2,Yes,Next Day Air,Yes,41,Debit Card,Monthly,True,True,True,30.0,Subscribed repeat,1.2333333333333334
527,51,50+,Male,Pants,Clothing,52,New Jersey,Winter,4.9,Yes,Standard,Yes,19,Cash,Monthly,True,True,True,30.0,Promotion-led growth,1.7333333333333334
528,21,Under 25,Male,T-shirt,Clothing,23,South Carolina,Winter,4.3,Yes,Next Day Air,Yes,47,Bank Transfer,Every 3 Months,True,True,True,90.0,Subscribed repeat,0.25555555555555554
529,34,25-34,Male,Sneakers,Footwear,88,Maryland,Winter,3.2,Yes,Express,Yes,40,Cash,Annually,True,True,True,30.0,Loyal high-value,2.933333333333333
530,32,25-34,Male,Shorts,Clothing,84,California,Fall,3.7,Yes,Standard,Yes,6,Credit Card,Monthly,True,True,False,30.0,New or occasional,2.8
531,48,35-49,Male,Coat,Outerwear,37,Montana,Winter,3.2,Yes,Store Pickup,Yes,25,Credit Card,Bi-Weekly,True,True,True,14.0,Subscribed repeat,2.642857142857143
532,50,50+,Male,Sandals,Footwear,51,Vermont,Fall,3.4,Yes,Next Day Air,Yes,42,Cash,Weekly,True,True,True,7.0,Subscribed repeat,7.285714285714286
533,26,25-34,Male,Pants,Clothing,76,Texas,Winter,4.1,Yes,Express,Yes,35,Bank Transfer,Every 3 Months,True,True,True,90.0,Loyal high-value,0.8444444444444444
534,57,50+,Male,Sandals,Footwear,60,North Carolina,Spring,4.5,Yes,Next Day Air,Yes,17,Debit Card,Weekly,True,True,True,7.0,New or occasional,8.571428571428571
535,65,50+,Male,Gloves,Accessories,72,Florida,Fall,4.5,Yes,Next Day Air,Yes,4,PayPal,Quarterly,True,True,False,90.0,New or occasional,0.8
536,56,50+,Male,T-shirt,Clothing,45,West Virginia,Spring,3.2,Yes,Free Shipping,Yes,24,Bank Transfer,Weekly,True,True,True,7.0,Promotion-led growth,6.428571428571429
537,44,35-49,Male,Jacket,Outerwear,84,Illinois,Fall,4.4,Yes,Store Pickup,Yes,16,Debit Card,Every 3 Months,True,True,True,90.0,New or occasional,0.9333333333333333
538,50,50+,Male,Blouse,Clothing,49,Virginia,Summer,3.0,Yes,Store Pickup,Yes,14,Debit Card,Annually,True,True,True,30.0,Promotion-led growth,1.6333333333333333
539,27,25-34,Male,Socks,Clothing,22,Virginia,Spring,3.2,Yes,Free Shipping,Yes,43,Cash,Weekly,True,True,True,7.0,Subscribed repeat,3.142857142857143
540,49,35-49,Male,Coat,Outerwear,48,Wyoming,Winter,4.0,Yes,Store Pickup,Yes,49,Debit Card,Weekly,True,True,True,7.0,Subscribed repeat,6.857142857142857
541,49,35-49,Male,Dress,Clothing,37,South Carolina,Spring,3.1,Yes,Next Day Air,Yes,33,Cash,Every 3 Months,True,True,True,90.0,Subscribed repeat,0.4111111111111111
542,52,50+,Male,Jacket,Outerwear,27,Connecticut,Fall,2.8,Yes,Next Day Air,Yes,45,Cash,Bi-Weekly,True,True,True,14.0,Subscribed repeat,1.9285714285714286
543,27,25-34,Male,Boots,Footwear,79,Illinois,Spring,4.6,Yes,Next Day Air,Yes,35,Cash,Bi-Weekly,True,True,True,14.0,Loyal high-value,5.642857142857143
544,53,50+,Male,Skirt,Clothing,98,Alabama,Spring,4.3,Yes,Express,Yes,11,Credit Card,Monthly,True,True,True,30.0,New or occasional,3.2666666666666666
545,34,25-34,Male,Sandals,Footwear,64,Washington,Summer,3.3,Yes,Standard,Yes,30,Bank Transfer,Every 3 Months,True,True,True,90.0,Loyal high-value,0.7111111111111111
546,33,25-34,Male,Coat,Outerwear,32,Alabama,Summer,3.5,Yes,2-Day Shipping,Yes,48,Debit Card,Annually,True,True,True,30.0,Subscribed repeat,1.0666666666666667
547,62,50+,Male,Hoodie,Clothing,74,New Mexico,Winter,3.4,Yes,Free Shipping,Yes,45,Venmo,Bi-Weekly,True,True,True,14.0,Loyal high-value,5.285714285714286
548,38,35-49,Male,Jacket,Outerwear,50,Nevada,Winter,2.8,Yes,Free Shipping,Yes,26,Venmo,Weekly,True,True,True,7.0,Subscribed repeat,7.142857142857143
549,36,35-49,Male,Backpack,Accessories,64,Nebraska,Winter,4.6,Yes,Store Pickup,Yes,41,Debit Card,Every 3 Months,True,True,True,90.0,Loyal high-value,0.7111111111111111
550,31,25-34,Male,Backpack,Accessories,29,Arizona,Fall,3.6,Yes,Express,Yes,37,Venmo,Bi-Weekly,True,True,True,14.0,Subscribed repeat,2.0714285714285716
551,62,50+,Male,Belt,Accessories,62,Georgia,Summer,3.3,Yes,Store Pickup,Yes,12,PayPal,Weekly,True,True,True,7.0,New or occasional,8.857142857142858
552,29,25-34,Male,Coat,Outerwear,78,Idaho,Fall,3.1,Yes,2-Day Shipping,Yes,27,Cash,Bi-Weekly,True,True,True,14.0,Loyal high-value,5.571428571428571
553,24,Under 25,Male,T-shirt,Clothing,94,Missouri,Fall,3.5,Yes,Express,Yes,18,Bank Transfer,Weekly,True,True,True,7.0,New or occasional,13.428571428571429
554,63,50+,Male,Sunglasses,Accessories,59,Florida,Winter,3.2,Yes,Express,Yes,15,Credit Card,Quarterly,True,True,True,90.0,Promotion-led growth,0.6555555555555556
555,56,50+,Male,Sneakers,Footwear,47,Minnesota,Summer,3.0,Yes,Express,Yes,34,Bank Transfer,Weekly,True,True,True,7.0,Subscribed repeat,6.714285714285714
556,63,50+,Male,Gloves,Accessories,57,Maine,Fall,4.8,Yes,Express,Yes,37,Venmo,Annually,True,True,True,30.0,Subscribed repeat,1.9
557,40,35-49,Male,Coat,Outerwear,90,Montana,Winter,5.0,Yes,Store Pickup,Yes,21,Cash,Fortnightly,True,True,True,14.0,New or occasional,6.428571428571429
558,18,Under 25,Male,Shirt,Clothing,60,Alaska,Spring,2.9,Yes,Free Shipping,Yes,31,Debit Card,Weekly,True,True,True,7.0,Loyal high-value,8.571428571428571
559,50,50+,Male,Sneakers,Footwear,77,Iowa,Fall,3.2,Yes,Express,Yes,43,Debit Card,Every 3 Months,True,True,True,90.0,Loyal high-value,0.8555555555555555
560,66,50+,Male,Scarf,Accessories,41,Arizona,Fall,2.9,Yes,Store Pickup,Yes,22,Bank Transfer,Monthly,True,True,True,30.0,Promotion-led growth,1.3666666666666667
561,25,25-34,Male,Jewelry,Accessories,48,Louisiana,Fall,3.8,Yes,Free Shipping,Yes,12,Debit Card,Annually,True,True,True,30.0,Promotion-led growth,1.6
562,65,50+,Male,Jacket,Outerwear,65,Alabama,Fall,2.6,Yes,Next Day Air,Yes,25,PayPal,Fortnightly,True,True,True,14.0,Loyal high-value,4.642857142857143
563,53,50+,Male,Jeans,Clothing,62,Missouri,Summer,3.5,Yes,Standard,Yes,40,Debit Card,Annually,True,True,True,30.0,Loyal high-value,2.066666666666667
564,61,50+,Male,Shoes,Footwear,99,Idaho,Fall,4.4,Yes,Standard,Yes,16,Debit Card,Quarterly,True,True,True,90.0,New or occasional,1.1
565,67,50+,Male,Hoodie,Clothing,58,Florida,Winter,3.4,Yes,Next Day Air,Yes,30,Bank Transfer,Weekly,True,True,True,7.0,Subscribed repeat,8.285714285714286
566,59,50+,Male,Backpack,Accessories,43,Idaho,Fall,4.2,Yes,Store Pickup,Yes,10,Venmo,Weekly,True,True,True,7.0,Promotion-led growth,6.142857142857143
567,55,50+,Male,Sneakers,Footwear,93,Alabama,Spring,3.6,Yes,Store Pickup,Yes,1,Debit Card,Fortnightly,True,True,False,14.0,New or occasional,6.642857142857143
568,21,Under 25,Male,Blouse,Clothing,50,New Hampshire,Winter,3.0,Yes,Next Day Air,Yes,24,Venmo,Fortnightly,True,True,True,14.0,Promotion-led growth,3.5714285714285716
569,44,35-49,Male,Pants,Clothing,88,Utah,Summer,4.0,Yes,Free Shipping,Yes,36,PayPal,Monthly,True,True,True,30.0,Loyal high-value,2.933333333333333
570,65,50+,Male,Skirt,Clothing,33,Alabama,Fall,4.4,Yes,Express,Yes,46,Credit Card,Every 3 Months,True,True,True,90.0,Subscribed repeat,0.36666666666666664
571,65,50+,Male,T-shirt,Clothing,99,Iowa,Fall,4.1,Yes,Standard,Yes,20,Cash,Annually,True,True,True,30.0,New or occasional,3.3
572,54,50+,Male,Jacket,Outerwear,76,Kentucky,Spring,3.6,Yes,Free Shipping,Yes,37,Venmo,Weekly,True,True,True,7.0,Loyal high-value,10.857142857142858
573,56,50+,Male,Scarf,Accessories,97,South Carolina,Summer,4.6,Yes,Next Day Air,Yes,26,Bank Transfer,Annually,True,True,True,30.0,Loyal high-value,3.2333333333333334
574,58,50+,Male,Pants,Clothing,68,California,Summer,3.2,Yes,2-Day Shipping,Yes,23,Credit Card,Bi-Weekly,True,True,True,14.0,New or occasional,4.857142857142857
575,54,50+,Male,Sneakers,Footwear,79,Maine,Fall,4.8,Yes,Free Shipping,Yes,20,Bank Transfer,Bi-Weekly,True,True,True,14.0,New or occasional,5.642857142857143
576,58,50+,Male,Jeans,Clothing,86,Nebraska,Fall,4.8,Yes,Express,Yes,38,PayPal,Monthly,True,True,True,30.0,Loyal high-value,2.8666666666666667
577,48,35-49,Male,Hat,Accessories,68,Washington,Winter,5.0,Yes,2-Day Shipping,Yes,5,Credit Card,Every 3 Months,True,True,False,90.0,New or occasional,0.7555555555555555
578,19,Under 25,Male,Skirt,Clothing,52,Alabama,Fall,3.7,Yes,Store Pickup,Yes,41,Venmo,Annually,True,True,True,30.0,Subscribed repeat,1.7333333333333334
579,69,50+,Male,Sandals,Footwear,90,Maine,Fall,4.6,Yes,Next Day Air,Yes,22,Credit Card,Fortnightly,True,True,True,14.0,New or occasional,6.428571428571429
580,58,50+,Male,Sandals,Footwear,41,California,Winter,3.7,Yes,Free Shipping,Yes,48,Credit Card,Annually,True,True,True,30.0,Subscribed repeat,1.3666666666666667
581,49,35-49,Male,Sweater,Clothing,80,Iowa,Spring,4.1,Yes,Free Shipping,Yes,10,PayPal,Weekly,True,True,True,7.0,New or occasional,11.428571428571429
582,32,25-34,Male,Sweater,Clothing,100,Iowa,Winter,2.7,Yes,Store Pickup,Yes,12,Bank Transfer,Every 3 Months,True,True,True,90.0,New or occasional,1.1111111111111112
583,40,35-49,Male,Jacket,Outerwear,77,Colorado,Spring,4.9,Yes,Store Pickup,Yes,2,Bank Transfer,Quarterly,True,True,False,90.0,New or occasional,0.8555555555555555
584,25,25-34,Male,Shorts,Clothing,78,California,Spring,4.0,Yes,Store Pickup,Yes,38,PayPal,Monthly,True,True,True,30.0,Loyal high-value,2.6
585,70,50+,Male,Socks,Clothing,94,Indiana,Spring,4.7,Yes,Free Shipping,Yes,20,Debit Card,Monthly,True,True,True,30.0,New or occasional,3.1333333333333333
586,69,50+,Male,Socks,Clothing,23,South Carolina,Fall,2.8,Yes,Next Day Air,Yes,5,Cash,Every 3 Months,True,True,False,90.0,Promotion-led growth,0.25555555555555554
587,45,35-49,Male,Hoodie,Clothing,20,Wisconsin,Winter,4.9,Yes,2-Day Shipping,Yes,9,Venmo,Annually,True,True,False,30.0,Promotion-led growth,0.6666666666666666
588,29,25-34,Male,Socks,Clothing,86,Washington,Fall,4.2,Yes,Express,Yes,48,Debit Card,Every 3 Months,True,True,True,90.0,Loyal high-value,0.9555555555555556
589,47,35-49,Male,Boots,Footwear,60,South Dakota,Fall,3.0,Yes,Standard,Yes,9,Debit Card,Quarterly,True,True,False,90.0,New or occasional,0.6666666666666666
590,28,25-34,Male,Shirt,Clothing,70,Minnesota,Fall,3.4,Yes,2-Day Shipping,Yes,40,PayPal,Annually,True,True,True,30.0,Loyal high-value,2.3333333333333335
591,64,50+,Male,Belt,Accessories,39,Alaska,Fall,4.6,Yes,Standard,Yes,30,Venmo,Fortnightly,True,True,True,14.0,Subscribed repeat,2.7857142857142856
592,47,35-49,Male,Backpack,Accessories,37,Kentucky,Fall,4.2,Yes,Store Pickup,Yes,6,Debit Card,Bi-Weekly,True,True,False,14.0,Promotion-led growth,2.642857142857143
593,60,50+,Male,Boots,Footwear,29,North Dakota,Fall,3.2,Yes,Free Shipping,Yes,42,Venmo,Every 3 Months,True,True,True,90.0,Subscribed repeat,0.32222222222222224
594,67,50+,Male,Coat,Outerwear,35,Alaska,Winter,4.4,Yes,Store Pickup,Yes,9,PayPal,Every 3 Months,True,True,False,90.0,Promotion-led growth,0.3888888888888889
595,35,35-49,Male,Hoodie,Clothing,83,Oklahoma,Winter,2.5,Yes,Next Day Air,Yes,6,Debit Card,Monthly,True,True,False,30.0,New or occasional,2.7666666666666666
596,30,25-34,Male,Shoes,Footwear,77,Delaware,Summer,3.6,Yes,Next Day Air,Yes,47,PayPal,Quarterly,True,True,True,90.0,Loyal high-value,0.8555555555555555
597,23,Under 25,Male,Shoes,Footwear,37,Montana,Summer,4.5,Yes,Store Pickup,Yes,36,Venmo,Annually,True,True,True,30.0,Subscribed repeat,1.2333333333333334
598,70,50+,Male,Jewelry,Accessories,69,Alaska,Summer,3.4,Yes,Standard,Yes,19,Bank Transfer,Fortnightly,True,True,True,14.0,New or occasional,4.928571428571429
599,21,Under 25,Male,Dress,Clothing,66,California,Winter,3.2,Yes,2-Day Shipping,Yes,30,Cash,Every 3 Months,True,True,True,90.0,Loyal high-value,0.7333333333333333
600,51,50+,Male,Boots,Footwear,26,Massachusetts,Spring,4.2,Yes,Standard,Yes,27,Debit Card,Every 3 Months,True,True,True,90.0,Subscribed repeat,0.28888888888888886
601,22,Under 25,Male,Hat,Accessories,63,South Carolina,Spring,5.0,Yes,2-Day Shipping,Yes,25,Venmo,Monthly,True,True,True,30.0,Loyal high-value,2.1
602,32,25-34,Male,Backpack,Accessories,38,West Virginia,Summer,4.7,Yes,Store Pickup,Yes,5,Cash,Fortnightly,True,True,False,14.0,Promotion-led growth,2.7142857142857144
603,37,35-49,Male,Shoes,Footwear,58,Oregon,Summer,4.2,Yes,Next Day Air,Yes,10,Cash,Every 3 Months,True,True,True,90.0,Promotion-led growth,0.6444444444444445
604,31,25-34,Male,Handbag,Accessories,46,Massachusetts,Winter,3.4,Yes,2-Day Shipping,Yes,26,PayPal,Every 3 Months,True,True,True,90.0,Subscribed repeat,0.5111111111111111
605,44,35-49,Male,Sunglasses,Accessories,92,West Virginia,Fall,4.4,Yes,Store Pickup,Yes,11,Credit Card,Every 3 Months,True,True,True,90.0,New or occasional,1.0222222222222221
606,40,35-49,Male,Hat,Accessories,32,California,Winter,4.2,Yes,Standard,Yes,17,Bank Transfer,Weekly,True,True,True,7.0,Promotion-led growth,4.571428571428571
607,27,25-34,Male,Scarf,Accessories,90,Colorado,Spring,4.5,Yes,Standard,Yes,44,PayPal,Monthly,True,True,True,30.0,Loyal high-value,3.0
608,47,35-49,Male,Hoodie,Clothing,23,Indiana,Fall,2.8,Yes,Next Day Air,Yes,44,Cash,Monthly,True,True,True,30.0,Subscribed repeat,0.7666666666666667
609,41,35-49,Male,Backpack,Accessories,25,Delaware,Fall,3.3,Yes,Next Day Air,Yes,21,Venmo,Every 3 Months,True,True,True,90.0,Promotion-led growth,0.2777777777777778
610,51,50+,Male,Sweater,Clothing,54,Ohio,Fall,4.6,Yes,Next Day Air,Yes,49,Credit Card,Fortnightly,True,True,True,14.0,Subscribed repeat,3.857142857142857
611,53,50+,Male,Shorts,Clothing,72,Oklahoma,Summer,2.5,Yes,Free Shipping,Yes,27,Bank Transfer,Every 3 Months,True,True,True,90.0,Loyal high-value,0.8
612,43,35-49,Male,Scarf,Accessories,33,California,Winter,4.7,Yes,Store Pickup,Yes,19,Cash,Monthly,True,True,True,30.0,Promotion-led growth,1.1
613,67,50+,Male,Hat,Accessories,43,New Hampshire,Fall,4.6,Yes,Express,Yes,33,Credit Card,Quarterly,True,True,True,90.0,Subscribed repeat,0.4777777777777778
614,61,50+,Male,Coat,Outerwear,51,Pennsylvania,Fall,2.6,Yes,Standard,Yes,46,Cash,Bi-Weekly,True,True,True,14.0,Subscribed repeat,3.642857142857143
615,68,50+,Male,Jewelry,Accessories,85,Idaho,Winter,4.0,Yes,Standard,Yes,21,Credit Card,Bi-Weekly,True,True,True,14.0,New or occasional,6.071428571428571
616,67,50+,Male,Sandals,Footwear,100,Maryland,Summer,2.6,Yes,Next Day Air,Yes,23,Venmo,Annually,True,True,True,30.0,New or occasional,3.3333333333333335
617,29,25-34,Male,Gloves,Accessories,72,Pennsylvania,Spring,4.6,Yes,Free Shipping,Yes,38,Credit Card,Every 3 Months,True,True,True,90.0,Loyal high-value,0.8
618,50,50+,Male,Backpack,Accessories,57,Colorado,Fall,2.6,Yes,Standard,Yes,2,Bank Transfer,Quarterly,True,True,False,90.0,Promotion-led growth,0.6333333333333333
619,61,50+,Male,Jacket,Outerwear,94,Indiana,Spring,4.0,Yes,Express,Yes,21,Debit Card,Bi-Weekly,True,True,True,14.0,New or occasional,6.714285714285714
620,19,Under 25,Male,Backpack,Accessories,34,Nebraska,Summer,4.6,Yes,Store Pickup,Yes,1,Debit Card,Every 3 Months,True,True,False,90.0,Promotion-led growth,0.37777777777777777
621,33,25-34,Male,Backpack,Accessories,89,Rhode Island,Fall,3.7,Yes,2-Day Shipping,Yes,10,Venmo,Every 3 Months,True,True,True,90.0,New or occasional,0.9888888888888889
622,51,50+,Male,Sunglasses,Accessories,27,Kansas,Fall,4.4,Yes,Store Pickup,Yes,45,Credit Card,Weekly,True,True,True,7.0,Subscribed repeat,3.857142857142857
623,69,50+,Male,Socks,Clothing,63,Georgia,Spring,4.0,Yes,Next Day Air,Yes,44,Bank Transfer,Fortnightly,True,True,True,14.0,Loyal high-value,4.5
624,19,Under 25,Male,Shoes,Footwear,70,Nevada,Fall,4.7,Yes,Standard,Yes,48,PayPal,Bi-Weekly,True,True,True,14.0,Loyal high-value,5.0
625,55,50+,Male,Pants,Clothing,87,South Carolina,Fall,3.4,Yes,Express,Yes,21,PayPal,Annually,True,True,True,30.0,New or occasional,2.9
626,49,35-49,Male,Jewelry,Accessories,79,Delaware,Fall,4.0,Yes,Next Day Air,Yes,1,Venmo,Weekly,True,True,False,7.0,New or occasional,11.285714285714286
627,31,25-34,Male,Sunglasses,Accessories,79,New Hampshire,Spring,3.9,Yes,Standard,Yes,10,Venmo,Annually,True,True,True,30.0,New or occasional,2.6333333333333333
628,42,35-49,Male,Sandals,Footwear,44,Oregon,Winter,4.1,Yes,Express,Yes,24,PayPal,Monthly,True,True,True,30.0,Promotion-led growth,1.4666666666666666
629,69,50+,Male,Sweater,Clothing,85,Massachusetts,Fall,3.7,Yes,2-Day Shipping,Yes,29,Credit Card,Monthly,True,True,True,30.0,Loyal high-value,2.8333333333333335
630,26,25-34,Male,Shoes,Footwear,90,Vermont,Spring,4.7,Yes,Standard,Yes,11,Debit Card,Annually,True,True,True,30.0,New or occasional,3.0
631,41,35-49,Male,Jewelry,Accessories,94,Mississippi,Fall,4.3,Yes,2-Day Shipping,Yes,33,Debit Card,Annually,True,True,True,30.0,Loyal high-value,3.1333333333333333
632,55,50+,Male,Boots,Footwear,68,Washington,Summer,4.1,Yes,Store Pickup,Yes,27,Cash,Fortnightly,True,True,True,14.0,Loyal high-value,4.857142857142857
633,35,35-49,Male,Backpack,Accessories,51,Wyoming,Winter,3.9,Yes,Next Day Air,Yes,19,Venmo,Fortnightly,True,True,True,14.0,Promotion-led growth,3.642857142857143
634,66,50+,Male,Sandals,Footwear,33,Minnesota,Spring,2.9,Yes,Express,Yes,50,Debit Card,Quarterly,True,True,True,90.0,Subscribed repeat,0.36666666666666664
635,36,35-49,Male,Sneakers,Footwear,60,Ohio,Summer,3.9,Yes,Standard,Yes,46,PayPal,Weekly,True,True,True,7.0,Loyal high-value,8.571428571428571
636,27,25-34,Male,Hoodie,Clothing,59,South Carolina,Fall,4.3,Yes,2-Day Shipping,Yes,28,Cash,Quarterly,True,True,True,90.0,Subscribed repeat,0.6555555555555556
637,41,35-49,Male,Handbag,Accessories,30,Wisconsin,Summer,2.8,Yes,Store Pickup,Yes,14,Bank Transfer,Every 3 Months,True,True,True,90.0,Promotion-led growth,0.3333333333333333
638,21,Under 25,Male,Sweater,Clothing,20,Tennessee,Winter,3.4,Yes,2-Day Shipping,Yes,46,Cash,Fortnightly,True,True,True,14.0,Subscribed repeat,1.4285714285714286
639,53,50+,Male,Sandals,Footwear,20,Maryland,Summer,2.7,Yes,Express,Yes,41,PayPal,Monthly,True,True,True,30.0,Subscribed repeat,0.6666666666666666
640,54,50+,Male,Dress,Clothing,24,Mississippi,Spring,4.0,Yes,2-Day Shipping,Yes,50,Credit Card,Annually,True,True,True,30.0,Subscribed repeat,0.8
641,53,50+,Male,Skirt,Clothing,88,Minnesota,Summer,4.4,Yes,Store Pickup,Yes,28,Debit Card,Fortnightly,True,True,True,14.0,Loyal high-value,6.285714285714286
642,47,35-49,Male,Blouse,Clothing,78,Alaska,Winter,3.9,Yes,2-Day Shipping,Yes,23,Credit Card,Every 3 Months,True,True,True,90.0,New or occasional,0.8666666666666667
643,64,50+,Male,Skirt,Clothing,25,Arkansas,Spring,2.8,Yes,2-Day Shipping,Yes,14,Debit Card,Bi-Weekly,True,True,True,14.0,Promotion-led growth,1.7857142857142858
644,18,Under 25,Male,Sweater,Clothing,57,Oregon,Winter,3.2,Yes,Next Day Air,Yes,10,Bank Transfer,Every 3 Months,True,True,True,90.0,Promotion-led growth,0.6333333333333333
645,68,50+,Male,Backpack,Accessories,93,Louisiana,Summer,4.3,Yes,Next Day Air,Yes,37,Cash,Weekly,True,True,True,7.0,Loyal high-value,13.285714285714286
646,62,50+,Male,Hoodie,Clothing,42,Oklahoma,Summer,4.2,Yes,Express,Yes,15,Venmo,Bi-Weekly,True,True,True,14.0,Promotion-led growth,3.0
647,51,50+,Male,Boots,Footwear,54,Indiana,Spring,4.9,Yes,Standard,Yes,19,Venmo,Bi-Weekly,True,True,True,14.0,Promotion-led growth,3.857142857142857
648,54,50+,Male,Blouse,Clothing,70,Mississippi,Summer,3.7,Yes,Express,Yes,23,Credit Card,Fortnightly,True,True,True,14.0,New or occasional,5.0
649,22,Under 25,Male,Hoodie,Clothing,31,Michigan,Winter,4.1,Yes,Store Pickup,Yes,35,Credit Card,Weekly,True,True,True,7.0,Subscribed repeat,4.428571428571429
650,53,50+,Male,Pants,Clothing,93,Delaware,Spring,4.2,Yes,Store Pickup,Yes,33,PayPal,Every 3 Months,True,True,True,90.0,Loyal high-value,1.0333333333333334
651,34,25-34,Male,Gloves,Accessories,40,Florida,Spring,3.9,Yes,Next Day Air,Yes,12,Bank Transfer,Annually,True,True,True,30.0,Promotion-led growth,1.3333333333333333
652,32,25-34,Male,Hat,Accessories,32,Arkansas,Summer,2.9,Yes,Next Day Air,Yes,41,Venmo,Fortnightly,True,True,True,14.0,Subscribed repeat,2.2857142857142856
653,64,50+,Male,Sunglasses,Accessories,27,Minnesota,Winter,3.1,Yes,Free Shipping,Yes,27,Venmo,Weekly,True,True,True,7.0,Subscribed repeat,3.857142857142857
654,20,Under 25,Male,Scarf,Accessories,68,North Dakota,Winter,3.6,Yes,2-Day Shipping,Yes,45,Cash,Fortnightly,True,True,True,14.0,Loyal high-value,4.857142857142857
655,24,Under 25,Male,Handbag,Accessories,59,California,Summer,4.4,Yes,2-Day Shipping,Yes,23,Venmo,Annually,True,True,True,30.0,Promotion-led growth,1.9666666666666666
656,20,Under 25,Male,Handbag,Accessories,36,Mississippi,Fall,3.1,Yes,Free Shipping,Yes,19,Venmo,Monthly,True,True,True,30.0,Promotion-led growth,1.2
657,42,35-49,Male,Jeans,Clothing,23,Pennsylvania,Summer,3.9,Yes,Standard,Yes,6,PayPal,Quarterly,True,True,False,90.0,Promotion-led growth,0.25555555555555554
658,48,35-49,Male,Jacket,Outerwear,80,Arizona,Winter,4.3,Yes,Free Shipping,Yes,6,PayPal,Quarterly,True,True,False,90.0,New or occasional,0.8888888888888888
659,62,50+,Male,Backpack,Accessories,37,Louisiana,Fall,4.9,Yes,Store Pickup,Yes,20,Venmo,Weekly,True,True,True,7.0,Promotion-led growth,5.285714285714286
660,62,50+,Male,Shorts,Clothing,52,Virginia,Spring,3.6,Yes,2-Day Shipping,Yes,8,Cash,Weekly,True,True,False,7.0,Promotion-led growth,7.428571428571429
661,50,50+,Male,Coat,Outerwear,79,Montana,Fall,5.0,Yes,2-Day Shipping,Yes,39,Credit Card,Quarterly,True,True,True,90.0,Loyal high-value,0.8777777777777778
662,57,50+,Male,Shirt,Clothing,68,Iowa,Fall,4.1,Yes,Store Pickup,Yes,39,Credit Card,Quarterly,True,True,True,90.0,Loyal high-value,0.7555555555555555
663,24,Under 25,Male,Gloves,Accessories,98,Illinois,Fall,2.8,Yes,Express,Yes,39,Venmo,Bi-Weekly,True,True,True,14.0,Loyal high-value,7.0
664,59,50+,Male,Dress,Clothing,83,Alaska,Fall,4.7,Yes,Express,Yes,23,Credit Card,Monthly,True,True,True,30.0,New or occasional,2.7666666666666666
665,63,50+,Male,Pants,Clothing,83,Colorado,Winter,4.4,Yes,Express,Yes,41,PayPal,Bi-Weekly,True,True,True,14.0,Loyal high-value,5.928571428571429
666,41,35-49,Male,Pants,Clothing,55,New Mexico,Spring,4.9,Yes,2-Day Shipping,Yes,50,Credit Card,Annually,True,True,True,30.0,Subscribed repeat,1.8333333333333333
667,35,35-49,Male,Hoodie,Clothing,26,Colorado,Winter,3.1,Yes,Free Shipping,Yes,30,Debit Card,Quarterly,True,True,True,90.0,Subscribed repeat,0.28888888888888886
668,34,25-34,Male,Sunglasses,Accessories,76,Arizona,Winter,2.6,Yes,Standard,Yes,32,Bank Transfer,Quarterly,True,True,True,90.0,Loyal high-value,0.8444444444444444
669,49,35-49,Male,T-shirt,Clothing,85,Hawaii,Fall,2.9,Yes,Express,Yes,35,Bank Transfer,Monthly,True,True,True,30.0,Loyal high-value,2.8333333333333335
670,43,35-49,Male,Jacket,Outerwear,89,Illinois,Spring,3.3,Yes,Free Shipping,Yes,45,Venmo,Bi-Weekly,True,True,True,14.0,Loyal high-value,6.357142857142857
671,63,50+,Male,Sweater,Clothing,41,Louisiana,Spring,4.8,Yes,Next Day Air,Yes,37,Cash,Bi-Weekly,True,True,True,14.0,Subscribed repeat,2.9285714285714284
672,38,35-49,Male,Jacket,Outerwear,30,Iowa,Winter,4.7,Yes,Express,Yes,45,Cash,Weekly,True,True,True,7.0,Subscribed repeat,4.285714285714286
673,59,50+,Male,Socks,Clothing,53,Washington,Winter,3.3,Yes,2-Day Shipping,Yes,29,Cash,Quarterly,True,True,True,90.0,Subscribed repeat,0.5888888888888889
674,35,35-49,Male,Shirt,Clothing,66,Oklahoma,Spring,4.2,Yes,Free Shipping,Yes,27,Venmo,Bi-Weekly,True,True,True,14.0,Loyal high-value,4.714285714285714
675,48,35-49,Male,Jewelry,Accessories,33,Washington,Winter,4.7,Yes,Store Pickup,Yes,36,Bank Transfer,Annually,True,True,True,30.0,Subscribed repeat,1.1
676,64,50+,Male,Sunglasses,Accessories,86,Arkansas,Spring,2.6,Yes,2-Day Shipping,Yes,9,Cash,Annually,True,True,False,30.0,New or occasional,2.8666666666666667
677,28,25-34,Male,Pants,Clothing,60,Connecticut,Winter,2.9,Yes,2-Day Shipping,Yes,38,Venmo,Bi-Weekly,True,True,True,14.0,Loyal high-value,4.285714285714286
678,60,50+,Male,Socks,Clothing,62,Washington,Summer,2.7,Yes,Express,Yes,41,PayPal,Annually,True,True,True,30.0,Loyal high-value,2.066666666666667
679,27,25-34,Male,Blouse,Clothing,74,Maine,Fall,3.3,Yes,Store Pickup,Yes,25,Debit Card,Every 3 Months,True,True,True,90.0,Loyal high-value,0.8222222222222222
680,56,50+,Male,Sandals,Footwear,95,Michigan,Fall,3.4,Yes,Express,Yes,37,Venmo,Fortnightly,True,True,True,14.0,Loyal high-value,6.785714285714286
681,58,50+,Male,Sneakers,Footwear,25,Tennessee,Spring,4.2,Yes,Express,Yes,3,PayPal,Annually,True,True,False,30.0,Promotion-led growth,0.8333333333333334
682,30,25-34,Male,Shirt,Clothing,59,Louisiana,Winter,3.8,Yes,2-Day Shipping,Yes,24,Credit Card,Every 3 Months,True,True,True,90.0,Promotion-led growth,0.6555555555555556
683,23,Under 25,Male,Jacket,Outerwear,29,Missouri,Summer,4.0,Yes,Standard,Yes,49,Credit Card,Bi-Weekly,True,True,True,14.0,Subscribed repeat,2.0714285714285716
684,33,25-34,Male,Sandals,Footwear,36,Michigan,Winter,2.7,Yes,Free Shipping,Yes,3,Bank Transfer,Monthly,True,True,False,30.0,Promotion-led growth,1.2
685,63,50+,Male,Hat,Accessories,82,Alabama,Summer,4.7,Yes,Express,Yes,42,Debit Card,Monthly,True,True,True,30.0,Loyal high-value,2.7333333333333334
686,70,50+,Male,Blouse,Clothing,71,Massachusetts,Winter,3.5,Yes,Standard,Yes,32,Cash,Fortnightly,True,True,True,14.0,Loyal high-value,5.071428571428571
687,70,50+,Male,Sweater,Clothing,35,Indiana,Fall,3.0,Yes,2-Day Shipping,Yes,33,Venmo,Fortnightly,True,True,True,14.0,Subscribed repeat,2.5
688,19,Under 25,Male,Gloves,Accessories,38,West Virginia,Winter,3.3,Yes,Free Shipping,Yes,46,Bank Transfer,Quarterly,True,True,True,90.0,Subscribed repeat,0.4222222222222222
689,25,25-34,Male,Scarf,Accessories,59,Michigan,Summer,4.7,Yes,Store Pickup,Yes,44,Venmo,Monthly,True,True,True,30.0,Subscribed repeat,1.9666666666666666
690,19,Under 25,Male,Hoodie,Clothing,91,Pennsylvania,Summer,4.7,Yes,Express,Yes,35,Credit Card,Every 3 Months,True,True,True,90.0,Loyal high-value,1.011111111111111
691,25,25-34,Male,Shorts,Clothing,68,Alaska,Spring,4.8,Yes,Standard,Yes,45,Bank Transfer,Weekly,True,True,True,7.0,Loyal high-value,9.714285714285714
692,60,50+,Male,Backpack,Accessories,21,Massachusetts,Summer,2.9,Yes,Standard,Yes,37,PayPal,Bi-Weekly,True,True,True,14.0,Subscribed repeat,1.5
693,35,35-49,Male,Sunglasses,Accessories,95,North Dakota,Spring,4.0,Yes,2-Day Shipping,Yes,40,Debit Card,Every 3 Months,True,True,True,90.0,Loyal high-value,1.0555555555555556
694,46,35-49,Male,Shorts,Clothing,52,Vermont,Spring,3.1,Yes,Free Shipping,Yes,30,Cash,Every 3 Months,True,True,True,90.0,Subscribed repeat,0.5777777777777777
695,41,35-49,Male,Dress,Clothing,21,Kentucky,Fall,3.5,Yes,2-Day Shipping,Yes,38,Venmo,Every 3 Months,True,True,True,90.0,Subscribed repeat,0.23333333333333334
696,30,25-34,Male,Shorts,Clothing,67,Nevada,Summer,3.7,Yes,Next Day Air,Yes,15,Debit Card,Every 3 Months,True,True,True,90.0,New or occasional,0.7444444444444445
697,44,35-49,Male,Belt,Accessories,42,Utah,Fall,2.8,Yes,Standard,Yes,49,Cash,Monthly,True,True,True,30.0,Subscribed repeat,1.4
698,61,50+,Male,Scarf,Accessories,63,North Dakota,Summer,4.6,Yes,Free Shipping,Yes,40,Debit Card,Quarterly,True,True,True,90.0,Loyal high-value,0.7
699,55,50+,Male,Boots,Footwear,41,Iowa,Winter,3.8,Yes,Standard,Yes,40,Debit Card,Weekly,True,True,True,7.0,Subscribed repeat,5.857142857142857
700,50,50+,Male,Handbag,Accessories,46,Connecticut,Fall,2.6,Yes,2-Day Shipping,Yes,5,PayPal,Weekly,True,True,False,7.0,Promotion-led growth,6.571428571428571
701,57,50+,Male,Pants,Clothing,79,Wisconsin,Winter,4.1,Yes,Standard,Yes,5,PayPal,Monthly,True,True,False,30.0,New or occasional,2.6333333333333333
702,51,50+,Male,Boots,Footwear,90,Idaho,Fall,3.3,Yes,Next Day Air,Yes,5,Debit Card,Every 3 Months,True,True,False,90.0,New or occasional,1.0
703,18,Under 25,Male,Shirt,Clothing,71,Montana,Winter,3.4,Yes,Store Pickup,Yes,1,Cash,Weekly,True,True,False,7.0,New or occasional,10.142857142857142
704,63,50+,Male,Dress,Clothing,87,Connecticut,Summer,3.0,Yes,Standard,Yes,21,Venmo,Weekly,True,True,True,7.0,New or occasional,12.428571428571429
705,34,25-34,Male,Hoodie,Clothing,66,Idaho,Spring,3.2,Yes,Express,Yes,18,PayPal,Annually,True,True,True,30.0,New or occasional,2.2
706,25,25-34,Male,Pants,Clothing,90,Arkansas,Summer,4.5,Yes,Free Shipping,Yes,49,Cash,Quarterly,True,True,True,90.0,Loyal high-value,1.0
707,46,35-49,Male,Jeans,Clothing,47,Iowa,Summer,4.8,Yes,Express,Yes,27,Debit Card,Weekly,True,True,True,7.0,Subscribed repeat,6.714285714285714
708,59,50+,Male,Shirt,Clothing,38,Louisiana,Spring,3.7,Yes,Next Day Air,Yes,21,Venmo,Annually,True,True,True,30.0,Promotion-led growth,1.2666666666666666
709,37,35-49,Male,Backpack,Accessories,50,Kentucky,Summer,3.4,Yes,Store Pickup,Yes,19,Cash,Fortnightly,True,True,True,14.0,Promotion-led growth,3.5714285714285716
710,49,35-49,Male,Jacket,Outerwear,79,Massachusetts,Summer,4.6,Yes,Standard,Yes,23,Debit Card,Monthly,True,True,True,30.0,New or occasional,2.6333333333333333
711,22,Under 25,Male,Scarf,Accessories,91,Virginia,Spring,4.1,Yes,Standard,Yes,26,PayPal,Fortnightly,True,True,True,14.0,Loyal high-value,6.5
712,64,50+,Male,Boots,Footwear,60,New Hampshire,Spring,3.5,Yes,2-Day Shipping,Yes,13,Bank Transfer,Bi-Weekly,True,True,True,14.0,New or occasional,4.285714285714286
713,42,35-49,Male,Blouse,Clothing,81,New Hampshire,Summer,3.8,Yes,Next Day Air,Yes,36,Bank Transfer,Quarterly,True,True,True,90.0,Loyal high-value,0.9
714,37,35-49,Male,Hoodie,Clothing,90,Oregon,Summer,2.6,Yes,Express,Yes,39,Bank Transfer,Bi-Weekly,True,True,True,14.0,Loyal high-value,6.428571428571429
715,26,25-34,Male,Jacket,Outerwear,70,South Dakota,Fall,4.4,Yes,Store Pickup,Yes,40,Debit Card,Fortnightly,True,True,True,14.0,Loyal high-value,5.0
716,33,25-34,Male,Jeans,Clothing,63,Delaware,Spring,2.6,Yes,Express,Yes,37,Debit Card,Quarterly,True,True,True,90.0,Loyal high-value,0.7
717,30,25-34,Male,Jewelry,Accessories,29,Missouri,Spring,3.6,Yes,Express,Yes,9,Venmo,Bi-Weekly,True,True,False,14.0,Promotion-led growth,2.0714285714285716
718,21,Under 25,Male,Socks,Clothing,90,Alaska,Spring,4.2,Yes,Express,Yes,7,Venmo,Every 3 Months,True,True,False,90.0,New or occasional,1.0
719,22,Under 25,Male,Shirt,Clothing,22,Florida,Summer,4.6,Yes,Standard,Yes,25,Bank Transfer,Annually,True,True,True,30.0,Subscribed repeat,0.7333333333333333
720,63,50+,Male,Shorts,Clothing,22,Mississippi,Summer,3.3,Yes,Next Day Air,Yes,42,Venmo,Bi-Weekly,True,True,True,14.0,Subscribed repeat,1.5714285714285714
721,33,25-34,Male,Jewelry,Accessories,62,New Mexico,Fall,3.4,Yes,Free Shipping,Yes,19,Debit Card,Weekly,True,True,True,7.0,New or occasional,8.857142857142858
722,43,35-49,Male,Blouse,Clothing,57,California,Summer,4.4,Yes,Next Day Air,Yes,41,Debit Card,Every 3 Months,True,True,True,90.0,Subscribed repeat,0.6333333333333333
723,27,25-34,Male,Sweater,Clothing,32,Wyoming,Summer,4.3,Yes,Store Pickup,Yes,50,Cash,Bi-Weekly,True,True,True,14.0,Subscribed repeat,2.2857142857142856
724,35,35-49,Male,Jewelry,Accessories,53,Missouri,Fall,3.5,Yes,Express,Yes,43,PayPal,Monthly,True,True,True,30.0,Subscribed repeat,1.7666666666666666
725,37,35-49,Male,T-shirt,Clothing,79,New Hampshire,Fall,4.7,Yes,Store Pickup,Yes,36,Venmo,Every 3 Months,True,True,True,90.0,Loyal high-value,0.8777777777777778
726,61,50+,Male,Hat,Accessories,61,Texas,Winter,3.1,Yes,Standard,Yes,33,Debit Card,Fortnightly,True,True,True,14.0,Loyal high-value,4.357142857142857
727,32,25-34,Male,Shorts,Clothing,78,North Dakota,Summer,3.6,Yes,Next Day Air,Yes,20,Bank Transfer,Every 3 Months,True,True,True,90.0,New or occasional,0.8666666666666667
728,62,50+,Male,Sweater,Clothing,97,Arkansas,Winter,4.8,Yes,Next Day Air,Yes,37,Venmo,Every 3 Months,True,True,True,90.0,Loyal high-value,1.0777777777777777
729,29,25-34,Male,Jeans,Clothing,78,Nebraska,Winter,3.7,Yes,Next Day Air,Yes,12,PayPal,Every 3 Months,True,True,True,90.0,New or occasional,0.8666666666666667
730,41,35-49,Male,Sunglasses,Accessories,56,Minnesota,Summer,3.2,Yes,Express,Yes,46,PayPal,Every 3 Months,True,True,True,90.0,Subscribed repeat,0.6222222222222222
731,48,35-49,Male,Boots,Footwear,25,Massachusetts,Summer,3.9,Yes,Standard,Yes,28,Venmo,Fortnightly,True,True,True,14.0,Subscribed repeat,1.7857142857142858
732,43,35-49,Male,Coat,Outerwear,28,Arkansas,Spring,3.5,Yes,Free Shipping,Yes,30,PayPal,Fortnightly,True,True,True,14.0,Subscribed repeat,2.0
733,34,25-34,Male,Shirt,Clothing,57,New Hampshire,Spring,2.8,Yes,Express,Yes,28,Cash,Bi-Weekly,True,True,True,14.0,Subscribed repeat,4.071428571428571
734,45,35-49,Male,Dress,Clothing,36,Rhode Island,Fall,2.7,Yes,2-Day Shipping,Yes,20,Debit Card,Bi-Weekly,True,True,True,14.0,Promotion-led growth,2.5714285714285716
735,65,50+,Male,Shirt,Clothing,69,New Jersey,Winter,3.1,Yes,Express,Yes,39,Bank Transfer,Every 3 Months,True,True,True,90.0,Loyal high-value,0.7666666666666667
736,61,50+,Male,Sunglasses,Accessories,48,Montana,Fall,3.6,Yes,2-Day Shipping,Yes,48,Cash,Bi-Weekly,True,True,True,14.0,Subscribed repeat,3.4285714285714284
737,18,Under 25,Male,Dress,Clothing,58,Colorado,Spring,2.9,Yes,2-Day Shipping,Yes,32,Credit Card,Every 3 Months,True,True,True,90.0,Subscribed repeat,0.6444444444444445
738,47,35-49,Male,Sunglasses,Accessories,24,Nebraska,Spring,3.6,Yes,Store Pickup,Yes,28,PayPal,Annually,True,True,True,30.0,Subscribed repeat,0.8
739,56,50+,Male,Sunglasses,Accessories,31,Minnesota,Winter,3.5,Yes,2-Day Shipping,Yes,27,Venmo,Quarterly,True,True,True,90.0,Subscribed repeat,0.34444444444444444
740,64,50+,Male,Shorts,Clothing,29,Minnesota,Summer,3.5,Yes,Free Shipping,Yes,26,Venmo,Bi-Weekly,True,True,True,14.0,Subscribed repeat,2.0714285714285716
741,26,25-34,Male,Jeans,Clothing,69,South Dakota,Summer,2.8,Yes,Next Day Air,Yes,22,Credit Card,Fortnightly,True,True,True,14.0,New or occasional,4.928571428571429
742,22,Under 25,Male,T-shirt,Clothing,79,West Virginia,Summer,4.7,Yes,Free Shipping,Yes,23,Bank Transfer,Every 3 Months,True,True,True,90.0,New or occasional,0.8777777777777778
743,64,50+,Male,Pants,Clothing,39,Nevada,Summer,3.1,Yes,Express,Yes,21,Debit Card,Quarterly,True,True,True,90.0,Promotion-led growth,0.43333333333333335
744,21,Under 25,Male,Sunglasses,Accessories,84,North Carolina,Fall,4.9,Yes,Free Shipping,Yes,36,Cash,Weekly,True,True,True,7.0,Loyal high-value,12.0
745,67,50+,Male,Boots,Footwear,66,Illinois,Spring,4.1,Yes,Next Day Air,Yes,42,Debit Card,Bi-Weekly,True,True,True,14.0,Loyal high-value,4.714285714285714
746,46,35-49,Male,T-shirt,Clothing,92,Michigan,Fall,4.7,Yes,Standard,Yes,4,Venmo,Monthly,True,True,False,30.0,New or occasional,3.066666666666667
747,40,35-49,Male,Sandals,Footwear,45,Michigan,Winter,2.5,Yes,Free Shipping,Yes,47,Credit Card,Annually,True,True,True,30.0,Subscribed repeat,1.5
748,51,50+,Male,Shorts,Clothing,74,Oklahoma,Spring,4.4,Yes,Next Day Air,Yes,13,Bank Transfer,Weekly,True,True,True,7.0,New or occasional,10.571428571428571
749,35,35-49,Male,Hat,Accessories,39,South Dakota,Fall,3.9,Yes,Free Shipping,Yes,8,Bank Transfer,Quarterly,True,True,False,90.0,Promotion-led growth,0.43333333333333335
750,56,50+,Male,Scarf,Accessories,71,Oklahoma,Winter,3.7,Yes,Standard,Yes,11,Debit Card,Quarterly,True,True,True,90.0,New or occasional,0.7888888888888889
751,25,25-34,Male,T-shirt,Clothing,95,Maryland,Fall,3.4,Yes,Free Shipping,Yes,5,Venmo,Annually,True,True,False,30.0,New or occasional,3.1666666666666665
752,65,50+,Male,Gloves,Accessories,72,Ohio,Fall,4.8,Yes,Free Shipping,Yes,1,Credit Card,Monthly,True,True,False,30.0,New or occasional,2.4
753,39,35-49,Male,Scarf,Accessories,85,Ohio,Fall,4.2,Yes,2-Day Shipping,Yes,17,PayPal,Every 3 Months,True,True,True,90.0,New or occasional,0.9444444444444444
754,47,35-49,Male,Boots,Footwear,54,Massachusetts,Fall,3.4,Yes,Store Pickup,Yes,27,Venmo,Quarterly,True,True,True,90.0,Subscribed repeat,0.6
755,36,35-49,Male,Gloves,Accessories,41,North Carolina,Spring,2.9,Yes,Store Pickup,Yes,3,Debit Card,Quarterly,True,True,False,90.0,Promotion-led growth,0.45555555555555555
756,66,50+,Male,Coat,Outerwear,24,Florida,Spring,3.3,Yes,Free Shipping,Yes,22,PayPal,Weekly,True,True,True,7.0,Promotion-led growth,3.4285714285714284
757,62,50+,Male,Belt,Accessories,99,Montana,Summer,4.8,Yes,Standard,Yes,24,Cash,Fortnightly,True,True,True,14.0,New or occasional,7.071428571428571
758,41,35-49,Male,Hoodie,Clothing,32,Minnesota,Fall,3.8,Yes,Store Pickup,Yes,18,Debit Card,Quarterly,True,True,True,90.0,Promotion-led growth,0.35555555555555557
759,66,50+,Male,Shoes,Footwear,71,Massachusetts,Summer,4.6,Yes,2-Day Shipping,Yes,39,Bank Transfer,Every 3 Months,True,True,True,90.0,Loyal high-value,0.7888888888888889
760,51,50+,Male,Dress,Clothing,49,Rhode Island,Winter,2.6,Yes,Next Day Air,Yes,25,Credit Card,Fortnightly,True,True,True,14.0,Subscribed repeat,3.5
761,33,25-34,Male,Gloves,Accessories,50,Minnesota,Fall,3.4,Yes,Free Shipping,Yes,6,Cash,Annually,True,True,False,30.0,Promotion-led growth,1.6666666666666667
762,57,50+,Male,Jewelry,Accessories,91,Nevada,Fall,4.2,Yes,Express,Yes,26,Bank Transfer,Weekly,True,True,True,7.0,Loyal high-value,13.0
763,45,35-49,Male,Belt,Accessories,46,New Mexico,Fall,3.9,Yes,Standard,Yes,43,Debit Card,Fortnightly,True,True,True,14.0,Subscribed repeat,3.2857142857142856
764,61,50+,Male,Sweater,Clothing,50,North Carolina,Spring,2.9,Yes,2-Day Shipping,Yes,6,Credit Card,Monthly,True,True,False,30.0,Promotion-led growth,1.6666666666666667
765,55,50+,Male,Skirt,Clothing,39,Virginia,Fall,4.2,Yes,Free Shipping,Yes,6,Debit Card,Quarterly,True,True,False,90.0,Promotion-led growth,0.43333333333333335
766,54,50+,Male,Sneakers,Footwear,99,Alaska,Summer,3.0,Yes,Store Pickup,Yes,13,Cash,Quarterly,True,True,True,90.0,New or occasional,1.1
767,57,50+,Male,Gloves,Accessories,48,Nevada,Winter,3.6,Yes,Next Day Air,Yes,13,PayPal,Monthly,True,True,True,30.0,Promotion-led growth,1.6
768,27,25-34,Male,Coat,Outerwear,77,Pennsylvania,Fall,2.5,Yes,Next Day Air,Yes,11,Cash,Annually,True,True,True,30.0,New or occasional,2.566666666666667
769,64,50+,Male,Backpack,Accessories,95,Illinois,Spring,2.6,Yes,Express,Yes,45,Venmo,Weekly,True,True,True,7.0,Loyal high-value,13.571428571428571
770,52,50+,Male,Socks,Clothing,100,Delaware,Spring,4.3,Yes,Store Pickup,Yes,8,PayPal,Monthly,True,True,False,30.0,New or occasional,3.3333333333333335
771,19,Under 25,Male,Sneakers,Footwear,54,Vermont,Spring,3.3,Yes,Express,Yes,8,Credit Card,Annually,True,True,False,30.0,Promotion-led growth,1.8
772,22,Under 25,Male,Sweater,Clothing,68,Hawaii,Fall,2.6,Yes,Next Day Air,Yes,34,Bank Transfer,Fortnightly,True,True,True,14.0,Loyal high-value,4.857142857142857
773,18,Under 25,Male,Jeans,Clothing,22,Illinois,Fall,3.6,Yes,Free Shipping,Yes,40,Debit Card,Bi-Weekly,True,True,True,14.0,Subscribed repeat,1.5714285714285714
774,29,25-34,Male,Hat,Accessories,84,California,Winter,2.6,Yes,Express,Yes,14,Debit Card,Bi-Weekly,True,True,True,14.0,New or occasional,6.0
775,42,35-49,Male,Hat,Accessories,46,Nevada,Summer,3.5,Yes,Standard,Yes,11,Credit Card,Quarterly,True,True,True,90.0,Promotion-led growth,0.5111111111111111
776,49,35-49,Male,Handbag,Accessories,53,Kentucky,Winter,3.0,Yes,Store Pickup,Yes,8,PayPal,Monthly,True,True,False,30.0,Promotion-led growth,1.7666666666666666
777,49,35-49,Male,Shirt,Clothing,60,Alabama,Spring,5.0,Yes,Standard,Yes,8,Venmo,Every 3 Months,True,True,False,90.0,New or occasional,0.6666666666666666
778,55,50+,Male,Socks,Clothing,32,Wyoming,Spring,2.5,Yes,Express,Yes,37,Venmo,Weekly,True,True,True,7.0,Subscribed repeat,4.571428571428571
779,29,25-34,Male,Socks,Clothing,50,Massachusetts,Summer,2.9,Yes,Store Pickup,Yes,23,Debit Card,Annually,True,True,True,30.0,Promotion-led growth,1.6666666666666667
780,60,50+,Male,Dress,Clothing,94,Utah,Spring,4.6,Yes,Express,Yes,38,Cash,Annually,True,True,True,30.0,Loyal high-value,3.1333333333333333
781,34,25-34,Male,Shoes,Footwear,26,New York,Spring,3.6,Yes,Free Shipping,Yes,38,Cash,Quarterly,True,True,True,90.0,Subscribed repeat,0.28888888888888886
782,30,25-34,Male,Scarf,Accessories,44,Vermont,Winter,3.0,Yes,Store Pickup,Yes,12,Credit Card,Fortnightly,True,True,True,14.0,Promotion-led growth,3.142857142857143
783,28,25-34,Male,Hoodie,Clothing,57,Hawaii,Summer,4.5,Yes,Standard,Yes,15,Cash,Weekly,True,True,True,7.0,Promotion-led growth,8.142857142857142
784,63,50+,Male,T-shirt,Clothing,65,Louisiana,Winter,4.5,Yes,Next Day Air,Yes,38,PayPal,Fortnightly,True,True,True,14.0,Loyal high-value,4.642857142857143
785,31,25-34,Male,Jeans,Clothing,72,Alabama,Winter,3.2,Yes,Store Pickup,Yes,41,Bank Transfer,Every 3 Months,True,True,True,90.0,Loyal high-value,0.8
786,46,35-49,Male,Shorts,Clothing,62,Louisiana,Spring,4.0,Yes,Next Day Air,Yes,37,PayPal,Fortnightly,True,True,True,14.0,Loyal high-value,4.428571428571429
787,70,50+,Male,Hat,Accessories,21,Indiana,Winter,4.8,Yes,Express,Yes,16,Bank Transfer,Every 3 Months,True,True,True,90.0,Promotion-led growth,0.23333333333333334
788,53,50+,Male,Handbag,Accessories,85,Michigan,Spring,3.7,Yes,Free Shipping,Yes,25,Venmo,Weekly,True,True,True,7.0,Loyal high-value,12.142857142857142
789,50,50+,Male,Pants,Clothing,51,Rhode Island,Summer,3.8,Yes,Store Pickup,Yes,18,Bank Transfer,Quarterly,True,True,True,90.0,Promotion-led growth,0.5666666666666667
790,33,25-34,Male,Handbag,Accessories,84,Idaho,Fall,2.7,Yes,Standard,Yes,4,Credit Card,Bi-Weekly,True,True,False,14.0,New or occasional,6.0
791,22,Under 25,Male,Sweater,Clothing,37,Louisiana,Summer,4.9,Yes,Store Pickup,Yes,12,Bank Transfer,Quarterly,True,True,True,90.0,Promotion-led growth,0.4111111111111111
792,50,50+,Male,Scarf,Accessories,44,North Carolina,Summer,3.1,Yes,2-Day Shipping,Yes,35,PayPal,Fortnightly,True,True,True,14.0,Subscribed repeat,3.142857142857143
793,34,25-34,Male,Sneakers,Footwear,45,New Jersey,Spring,4.2,Yes,Next Day Air,Yes,45,Venmo,Weekly,True,True,True,7.0,Subscribed repeat,6.428571428571429
794,24,Under 25,Male,Pants,Clothing,35,Alabama,Summer,3.8,Yes,Free Shipping,Yes,16,Credit Card,Monthly,True,True,True,30.0,Promotion-led growth,1.1666666666666667
795,69,50+,Male,Backpack,Accessories,50,Kentucky,Winter,4.2,Yes,Store Pickup,Yes,10,Debit Card,Fortnightly,True,True,True,14.0,Promotion-led growth,3.5714285714285716
796,39,35-49,Male,Sandals,Footwear,26,New York,Summer,4.6,Yes,Store Pickup,Yes,34,Venmo,Annually,True,True,True,30.0,Subscribed repeat,0.8666666666666667
797,42,35-49,Male,Socks,Clothing,78,Arizona,Fall,4.0,Yes,2-Day Shipping,Yes,43,Credit Card,Annually,True,True,True,30.0,Loyal high-value,2.6
798,42,35-49,Male,Coat,Outerwear,82,Maryland,Fall,4.0,Yes,2-Day Shipping,Yes,38,Debit Card,Weekly,True,True,True,7.0,Loyal high-value,11.714285714285714
799,29,25-34,Male,Socks,Clothing,39,Alaska,Spring,3.8,Yes,2-Day Shipping,Yes,48,PayPal,Every 3 Months,True,True,True,90.0,Subscribed repeat,0.43333333333333335
800,55,50+,Male,Belt,Accessories,55,Nevada,Summer,3.8,Yes,Free Shipping,Yes,31,PayPal,Annually,True,True,True,30.0,Subscribed repeat,1.8333333333333333
801,32,25-34,Male,Socks,Clothing,20,Utah,Summer,2.6,Yes,Free Shipping,Yes,20,Cash,Every 3 Months,True,True,True,90.0,Promotion-led growth,0.2222222222222222
802,25,25-34,Male,Belt,Accessories,29,New Mexico,Fall,4.9,Yes,Express,Yes,12,Credit Card,Fortnightly,True,True,True,14.0,Promotion-led growth,2.0714285714285716
803,38,35-49,Male,Pants,Clothing,41,Delaware,Winter,3.5,Yes,Next Day Air,Yes,2,Bank Transfer,Weekly,True,True,False,7.0,Promotion-led growth,5.857142857142857
804,32,25-34,Male,Shorts,Clothing,38,Connecticut,Winter,2.8,Yes,Express,Yes,30,Venmo,Every 3 Months,True,True,True,90.0,Subscribed repeat,0.4222222222222222
805,43,35-49,Male,Boots,Footwear,47,Mississippi,Summer,2.6,Yes,Store Pickup,Yes,28,Venmo,Quarterly,True,True,True,90.0,Subscribed repeat,0.5222222222222223
806,41,35-49,Male,Dress,Clothing,30,Connecticut,Summer,3.7,Yes,Next Day Air,Yes,40,Debit Card,Monthly,True,True,True,30.0,Subscribed repeat,1.0
807,56,50+,Male,Jeans,Clothing,56,Florida,Summer,2.7,Yes,Standard,Yes,46,PayPal,Quarterly,True,True,True,90.0,Subscribed repeat,0.6222222222222222
808,27,25-34,Male,T-shirt,Clothing,89,New York,Winter,3.3,Yes,Express,Yes,15,Credit Card,Weekly,True,True,True,7.0,New or occasional,12.714285714285714
809,46,35-49,Male,Shoes,Footwear,96,Wisconsin,Fall,4.6,Yes,Next Day Air,Yes,38,Cash,Every 3 Months,True,True,True,90.0,Loyal high-value,1.0666666666666667
810,48,35-49,Male,Boots,Footwear,81,South Carolina,Fall,4.9,Yes,Next Day Air,Yes,30,PayPal,Bi-Weekly,True,True,True,14.0,Loyal high-value,5.785714285714286
811,52,50+,Male,Scarf,Accessories,83,South Dakota,Fall,4.9,Yes,Store Pickup,Yes,32,Debit Card,Bi-Weekly,True,True,True,14.0,Loyal high-value,5.928571428571429
812,18,Under 25,Male,Sneakers,Footwear,35,Illinois,Winter,2.7,Yes,Free Shipping,Yes,36,Venmo,Quarterly,True,True,True,90.0,Subscribed repeat,0.3888888888888889
813,64,50+,Male,Boots,Footwear,56,Alaska,Summer,3.2,Yes,Standard,Yes,32,Credit Card,Weekly,True,True,True,7.0,Subscribed repeat,8.0
814,54,50+,Male,Handbag,Accessories,45,Montana,Summer,2.9,Yes,Store Pickup,Yes,14,Debit Card,Annually,True,True,True,30.0,Promotion-led growth,1.5
815,31,25-34,Male,Shirt,Clothing,62,Minnesota,Winter,3.8,Yes,Express,Yes,8,PayPal,Monthly,True,True,False,30.0,New or occasional,2.066666666666667
816,30,25-34,Male,Hat,Accessories,84,West Virginia,Spring,3.0,Yes,Next Day Air,Yes,27,Venmo,Bi-Weekly,True,True,True,14.0,Loyal high-value,6.0
817,26,25-34,Male,Sweater,Clothing,24,Illinois,Summer,3.9,Yes,Store Pickup,Yes,24,Debit Card,Monthly,True,True,True,30.0,Promotion-led growth,0.8
818,25,25-34,Male,Handbag,Accessories,21,Nevada,Spring,4.7,Yes,Store Pickup,Yes,30,PayPal,Fortnightly,True,True,True,14.0,Subscribed repeat,1.5
819,59,50+,Male,Shirt,Clothing,91,Idaho,Winter,4.9,Yes,Store Pickup,Yes,34,Debit Card,Monthly,True,True,True,30.0,Loyal high-value,3.033333333333333
820,55,50+,Male,Sunglasses,Accessories,36,Colorado,Winter,4.8,Yes,Next Day Air,Yes,28,Debit Card,Quarterly,True,True,True,90.0,Subscribed repeat,0.4
821,56,50+,Male,Sneakers,Footwear,39,Louisiana,Spring,2.5,Yes,2-Day Shipping,Yes,27,Debit Card,Monthly,True,True,True,30.0,Subscribed repeat,1.3
822,62,50+,Male,Hoodie,Clothing,39,Vermont,Spring,3.9,Yes,Standard,Yes,31,Credit Card,Bi-Weekly,True,True,True,14.0,Subscribed repeat,2.7857142857142856
823,35,35-49,Male,Shirt,Clothing,59,Mississippi,Winter,3.4,Yes,Standard,Yes,23,Bank Transfer,Annually,True,True,True,30.0,Promotion-led growth,1.9666666666666666
824,51,50+,Male,Sunglasses,Accessories,27,Georgia,Winter,2.5,Yes,Free Shipping,Yes,11,Credit Card,Quarterly,True,True,True,90.0,Promotion-led growth,0.3
825,61,50+,Male,Blouse,Clothing,94,Georgia,Spring,3.0,Yes,Store Pickup,Yes,48,Cash,Quarterly,True,True,True,90.0,Loyal high-value,1.0444444444444445
826,27,25-34,Male,Belt,Accessories,94,Nebraska,Fall,3.6,Yes,Next Day Air,Yes,17,Cash,Monthly,True,True,True,30.0,New or occasional,3.1333333333333333
827,54,50+,Male,Dress,Clothing,94,Massachusetts,Winter,3.6,Yes,Standard,Yes,36,PayPal,Weekly,True,True,True,7.0,Loyal high-value,13.428571428571429
828,31,25-34,Male,Shoes,Footwear,51,Colorado,Fall,4.1,Yes,Free Shipping,Yes,33,Bank Transfer,Fortnightly,True,True,True,14.0,Subscribed repeat,3.642857142857143
829,24,Under 25,Male,Socks,Clothing,62,Nevada,Fall,3.7,Yes,2-Day Shipping,Yes,27,PayPal,Bi-Weekly,True,True,True,14.0,Loyal high-value,4.428571428571429
830,42,35-49,Male,Socks,Clothing,57,Idaho,Spring,3.7,Yes,2-Day Shipping,Yes,14,Credit Card,Fortnightly,True,True,True,14.0,Promotion-led growth,4.071428571428571
831,41,35-49,Male,Shorts,Clothing,76,Wyoming,Fall,4.2,Yes,Express,Yes,5,Credit Card,Annually,True,True,False,30.0,New or occasional,2.533333333333333
832,66,50+,Male,Gloves,Accessories,63,Washington,Summer,4.3,Yes,Express,Yes,47,Cash,Every 3 Months,True,True,True,90.0,Loyal high-value,0.7
833,58,50+,Male,Jacket,Outerwear,80,California,Fall,2.5,Yes,Express,Yes,28,Cash,Bi-Weekly,True,True,True,14.0,Loyal high-value,5.714285714285714
834,43,35-49,Male,Handbag,Accessories,68,Oklahoma,Fall,3.5,Yes,Standard,Yes,11,Credit Card,Annually,True,True,True,30.0,New or occasional,2.2666666666666666
835,52,50+,Male,Backpack,Accessories,89,Nevada,Summer,3.1,Yes,Free Shipping,Yes,18,Credit Card,Weekly,True,True,True,7.0,New or occasional,12.714285714285714
836,35,35-49,Male,Boots,Footwear,26,Maryland,Summer,2.5,Yes,Next Day Air,Yes,21,Debit Card,Weekly,True,True,True,7.0,Promotion-led growth,3.7142857142857144
837,23,Under 25,Male,Gloves,Accessories,90,West Virginia,Winter,3.9,Yes,Store Pickup,Yes,22,Cash,Bi-Weekly,True,True,True,14.0,New or occasional,6.428571428571429
838,25,25-34,Male,Hoodie,Clothing,28,Illinois,Spring,4.9,Yes,Express,Yes,33,Cash,Every 3 Months,True,True,True,90.0,Subscribed repeat,0.3111111111111111
839,33,25-34,Male,Coat,Outerwear,29,Kentucky,Spring,4.3,Yes,Express,Yes,49,Credit Card,Annually,True,True,True,30.0,Subscribed repeat,0.9666666666666667
840,48,35-49,Male,Shirt,Clothing,31,Illinois,Spring,2.6,Yes,Free Shipping,Yes,10,Debit Card,Every 3 Months,True,True,True,90.0,Promotion-led growth,0.34444444444444444
841,42,35-49,Male,Shirt,Clothing,24,Alabama,Summer,4.2,Yes,2-Day Shipping,Yes,18,PayPal,Weekly,True,True,True,7.0,Promotion-led growth,3.4285714285714284
842,55,50+,Male,Sweater,Clothing,88,Texas,Summer,2.6,Yes,Store Pickup,Yes,28,PayPal,Fortnightly,True,True,True,14.0,Loyal high-value,6.285714285714286
843,59,50+,Male,Shirt,Clothing,87,Missouri,Spring,3.6,Yes,Express,Yes,25,PayPal,Weekly,True,True,True,7.0,Loyal high-value,12.428571428571429
844,65,50+,Male,Hoodie,Clothing,80,Pennsylvania,Summer,3.2,Yes,Express,Yes,6,PayPal,Weekly,True,True,False,7.0,New or occasional,11.428571428571429
845,59,50+,Male,Sandals,Footwear,48,Missouri,Winter,4.4,Yes,Express,Yes,44,Venmo,Bi-Weekly,True,True,True,14.0,Subscribed repeat,3.4285714285714284
846,31,25-34,Male,Belt,Accessories,21,Michigan,Winter,3.7,Yes,Standard,Yes,30,Venmo,Monthly,True,True,True,30.0,Subscribed repeat,0.7
847,49,35-49,Male,Boots,Footwear,72,Kentucky,Spring,3.7,Yes,Express,Yes,42,Debit Card,Quarterly,True,True,True,90.0,Loyal high-value,0.8
848,53,50+,Male,Hoodie,Clothing,44,New Jersey,Fall,4.1,Yes,Standard,Yes,30,PayPal,Monthly,True,True,True,30.0,Subscribed repeat,1.4666666666666666
849,48,35-49,Male,Sandals,Footwear,73,Delaware,Fall,3.6,Yes,Store Pickup,Yes,33,Credit Card,Bi-Weekly,True,True,True,14.0,Loyal high-value,5.214285714285714
850,23,Under 25,Male,Jeans,Clothing,61,Missouri,Spring,4.3,Yes,Express,Yes,24,PayPal,Quarterly,True,True,True,90.0,New or occasional,0.6777777777777778
851,68,50+,Male,Shoes,Footwear,20,Connecticut,Winter,2.6,Yes,Store Pickup,Yes,13,Venmo,Monthly,True,True,True,30.0,Promotion-led growth,0.6666666666666666
852,35,35-49,Male,Sandals,Footwear,86,Massachusetts,Summer,2.9,Yes,Express,Yes,19,Debit Card,Monthly,True,True,True,30.0,New or occasional,2.8666666666666667
853,34,25-34,Male,Dress,Clothing,60,Florida,Spring,4.2,Yes,Next Day Air,Yes,23,Debit Card,Every 3 Months,True,True,True,90.0,New or occasional,0.6666666666666666
854,62,50+,Male,Hat,Accessories,43,Delaware,Winter,4.0,Yes,Free Shipping,Yes,35,Cash,Monthly,True,True,True,30.0,Subscribed repeat,1.4333333333333333
855,21,Under 25,Male,Pants,Clothing,44,California,Spring,4.3,Yes,Free Shipping,Yes,22,Venmo,Monthly,True,True,True,30.0,Promotion-led growth,1.4666666666666666
856,70,50+,Male,Socks,Clothing,76,Oregon,Spring,3.0,Yes,2-Day Shipping,Yes,14,Credit Card,Quarterly,True,True,True,90.0,New or occasional,0.8444444444444444
857,55,50+,Male,Shirt,Clothing,33,Alaska,Summer,3.5,Yes,Express,Yes,47,Debit Card,Fortnightly,True,True,True,14.0,Subscribed repeat,2.357142857142857
858,43,35-49,Male,Shorts,Clothing,60,Missouri,Fall,3.0,Yes,Standard,Yes,50,Debit Card,Every 3 Months,True,True,True,90.0,Loyal high-value,0.6666666666666666
859,19,Under 25,Male,Jacket,Outerwear,26,Oklahoma,Fall,3.1,Yes,Free Shipping,Yes,33,PayPal,Weekly,True,True,True,7.0,Subscribed repeat,3.7142857142857144
860,47,35-49,Male,Hoodie,Clothing,73,Wisconsin,Winter,4.0,Yes,Next Day Air,Yes,7,Debit Card,Monthly,True,True,False,30.0,New or occasional,2.433333333333333
861,26,25-34,Male,Shoes,Footwear,87,South Carolina,Spring,4.1,Yes,Standard,Yes,3,Cash,Monthly,True,True,False,30.0,New or occasional,2.9
862,46,35-49,Male,Skirt,Clothing,100,Virginia,Spring,3.7,Yes,2-Day Shipping,Yes,35,Credit Card,Every 3 Months,True,True,True,90.0,Loyal high-value,1.1111111111111112
863,19,Under 25,Male,Coat,Outerwear,84,Arkansas,Winter,4.9,Yes,Standard,Yes,13,PayPal,Fortnightly,True,True,True,14.0,New or occasional,6.0
864,49,35-49,Male,Sneakers,Footwear,41,Vermont,Summer,3.9,Yes,Standard,Yes,42,PayPal,Fortnightly,True,True,True,14.0,Subscribed repeat,2.9285714285714284
865,51,50+,Male,Jeans,Clothing,59,Kentucky,Winter,3.9,Yes,Next Day Air,Yes,5,PayPal,Annually,True,True,False,30.0,Promotion-led growth,1.9666666666666666
866,64,50+,Male,Blouse,Clothing,26,Colorado,Winter,4.8,Yes,Store Pickup,Yes,23,Venmo,Annually,True,True,True,30.0,Promotion-led growth,0.8666666666666667
867,67,50+,Male,Sunglasses,Accessories,69,New Mexico,Summer,2.7,Yes,Free Shipping,Yes,11,PayPal,Bi-Weekly,True,True,True,14.0,New or occasional,4.928571428571429
868,37,35-49,Male,Jacket,Outerwear,20,Colorado,Spring,3.1,Yes,Free Shipping,Yes,23,Bank Transfer,Fortnightly,True,True,True,14.0,Promotion-led growth,1.4285714285714286
869,40,35-49,Male,Dress,Clothing,83,North Carolina,Summer,3.2,Yes,Next Day Air,Yes,2,Credit Card,Every 3 Months,True,True,False,90.0,New or occasional,0.9222222222222223
870,38,35-49,Male,Hat,Accessories,54,New Hampshire,Spring,2.7,Yes,2-Day Shipping,Yes,33,PayPal,Weekly,True,True,True,7.0,Subscribed repeat,7.714285714285714
871,66,50+,Male,Hoodie,Clothing,66,West Virginia,Fall,2.5,Yes,Standard,Yes,6,Bank Transfer,Bi-Weekly,True,True,False,14.0,New or occasional,4.714285714285714
872,47,35-49,Male,Handbag,Accessories,42,Hawaii,Spring,2.6,Yes,Next Day Air,Yes,45,Debit Card,Quarterly,True,True,True,90.0,Subscribed repeat,0.4666666666666667
873,56,50+,Male,Jeans,Clothing,33,North Dakota,Spring,2.9,Yes,Standard,Yes,25,Cash,Quarterly,True,True,True,90.0,Subscribed repeat,0.36666666666666664
874,51,50+,Male,Boots,Footwear,77,Mississippi,Summer,4.2,Yes,Free Shipping,Yes,24,Venmo,Quarterly,True,True,True,90.0,New or occasional,0.8555555555555555
875,25,25-34,Male,Jacket,Outerwear,65,Maine,Fall,4.4,Yes,Free Shipping,Yes,10,Venmo,Every 3 Months,True,True,True,90.0,New or occasional,0.7222222222222222
876,37,35-49,Male,Sandals,Footwear,39,North Dakota,Summer,4.1,Yes,Free Shipping,Yes,7,Bank Transfer,Every 3 Months,True,True,False,90.0,Promotion-led growth,0.43333333333333335
877,41,35-49,Male,Belt,Accessories,51,Nebraska,Summer,3.8,Yes,2-Day Shipping,Yes,1,Debit Card,Weekly,True,True,False,7.0,Promotion-led growth,7.285714285714286
878,64,50+,Male,Handbag,Accessories,65,Nebraska,Winter,4.9,Yes,Next Day Air,Yes,45,Venmo,Every 3 Months,True,True,True,90.0,Loyal high-value,0.7222222222222222
879,23,Under 25,Male,Sunglasses,Accessories,89,Tennessee,Summer,4.9,Yes,Express,Yes,37,Debit Card,Weekly,True,True,True,7.0,Loyal high-value,12.714285714285714
880,62,50+,Male,Skirt,Clothing,76,Wyoming,Spring,4.1,Yes,Free Shipping,Yes,14,PayPal,Quarterly,True,True,True,90.0,New or occasional,0.8444444444444444
881,39,35-49,Male,Backpack,Accessories,75,Nevada,Spring,3.1,Yes,Express,Yes,25,Debit Card,Monthly,True,True,True,30.0,Loyal high-value,2.5
882,52,50+,Male,Sandals,Footwear,61,South Carolina,Summer,2.7,Yes,Next Day Air,Yes,18,Venmo,Annually,True,True,True,30.0,New or occasional,2.033333333333333
883,50,50+,Male,Boots,Footwear,35,Virginia,Fall,3.8,Yes,Next Day Air,Yes,37,Cash,Every 3 Months,True,True,True,90.0,Subscribed repeat,0.3888888888888889
884,28,25-34,Male,Sneakers,Footwear,37,Pennsylvania,Fall,4.3,Yes,Free Shipping,Yes,30,Bank Transfer,Monthly,True,True,True,30.0,Subscribed repeat,1.2333333333333334
885,67,50+,Male,Skirt,Clothing,91,Hawaii,Winter,4.1,Yes,Express,Yes,34,Bank Transfer,Weekly,True,True,True,7.0,Loyal high-value,13.0
886,41,35-49,Male,Dress,Clothing,99,Ohio,Fall,4.4,Yes,Free Shipping,Yes,49,Debit Card,Every 3 Months,True,True,True,90.0,Loyal high-value,1.1
887,19,Under 25,Male,Shorts,Clothing,54,Utah,Summer,3.6,Yes,Express,Yes,48,Bank Transfer,Monthly,True,True,True,30.0,Subscribed repeat,1.8
888,70,50+,Male,Handbag,Accessories,47,Minnesota,Winter,3.3,Yes,2-Day Shipping,Yes,33,PayPal,Fortnightly,True,True,True,14.0,Subscribed repeat,3.357142857142857
889,49,35-49,Male,Scarf,Accessories,77,New Hampshire,Spring,3.8,Yes,Express,Yes,44,Cash,Annually,True,True,True,30.0,Loyal high-value,2.566666666666667
890,59,50+,Male,Belt,Accessories,84,Arizona,Fall,2.8,Yes,Free Shipping,Yes,50,Venmo,Weekly,True,True,True,7.0,Loyal high-value,12.0
891,52,50+,Male,Gloves,Accessories,51,New York,Spring,4.3,Yes,2-Day Shipping,Yes,47,Credit Card,Monthly,True,True,True,30.0,Subscribed repeat,1.7
892,20,Under 25,Male,Skirt,Clothing,26,Pennsylvania,Summer,3.9,Yes,Store Pickup,Yes,24,PayPal,Every 3 Months,True,True,True,90.0,Promotion-led growth,0.28888888888888886
893,31,25-34,Male,Shorts,Clothing,64,New Mexico,Summer,2.7,Yes,Free Shipping,Yes,43,Debit Card,Monthly,True,True,True,30.0,Loyal high-value,2.1333333333333333
894,33,25-34,Male,Backpack,Accessories,51,Nebraska,Spring,4.7,Yes,Express,Yes,14,Venmo,Monthly,True,True,True,30.0,Promotion-led growth,1.7
895,44,35-49,Male,Hoodie,Clothing,60,Wyoming,Spring,3.8,Yes,Free Shipping,Yes,3,Debit Card,Quarterly,True,True,False,90.0,New or occasional,0.6666666666666666
896,40,35-49,Male,Hat,Accessories,69,Mississippi,Spring,4.7,Yes,Next Day Air,Yes,33,Debit Card,Quarterly,True,True,True,90.0,Loyal high-value,0.7666666666666667
897,69,50+,Male,Jewelry,Accessories,29,Arkansas,Spring,4.7,Yes,Express,Yes,38,Cash,Fortnightly,True,True,True,14.0,Subscribed repeat,2.0714285714285716
898,29,25-34,Male,Shirt,Clothing,91,Illinois,Spring,3.4,Yes,Express,Yes,46,Venmo,Weekly,True,True,True,7.0,Loyal high-value,13.0
899,54,50+,Male,Belt,Accessories,70,Nevada,Spring,3.5,Yes,2-Day Shipping,Yes,19,Bank Transfer,Every 3 Months,True,True,True,90.0,New or occasional,0.7777777777777778
900,65,50+,Male,Sweater,Clothing,58,Rhode Island,Summer,4.0,Yes,Standard,Yes,20,PayPal,Annually,True,True,True,30.0,Promotion-led growth,1.9333333333333333
901,54,50+,Male,Hat,Accessories,98,West Virginia,Fall,3.3,Yes,Free Shipping,Yes,42,Bank Transfer,Quarterly,True,True,True,90.0,Loyal high-value,1.0888888888888888
902,60,50+,Male,Scarf,Accessories,68,Missouri,Summer,4.7,Yes,2-Day Shipping,Yes,34,Cash,Monthly,True,True,True,30.0,Loyal high-value,2.2666666666666666
903,43,35-49,Male,Hat,Accessories,44,Kentucky,Summer,2.8,Yes,Next Day Air,Yes,5,Cash,Monthly,True,True,False,30.0,Promotion-led growth,1.4666666666666666
904,44,35-49,Male,Jacket,Outerwear,45,Washington,Winter,3.3,Yes,Express,Yes,3,PayPal,Quarterly,True,True,False,90.0,Promotion-led growth,0.5
905,69,50+,Male,T-shirt,Clothing,99,Alaska,Spring,2.9,Yes,Free Shipping,Yes,46,PayPal,Every 3 Months,True,True,True,90.0,Loyal high-value,1.1
906,46,35-49,Male,Dress,Clothing,68,Mississippi,Spring,2.8,Yes,Standard,Yes,16,Venmo,Annually,True,True,True,30.0,New or occasional,2.2666666666666666
907,41,35-49,Male,Pants,Clothing,56,South Carolina,Spring,4.2,Yes,Standard,Yes,21,Debit Card,Bi-Weekly,True,True,True,14.0,Promotion-led growth,4.0
908,32,25-34,Male,Sweater,Clothing,43,Missouri,Winter,4.4,Yes,Express,Yes,34,Credit Card,Bi-Weekly,True,True,True,14.0,Subscribed repeat,3.0714285714285716
909,26,25-34,Male,Sunglasses,Accessories,99,New Jersey,Winter,3.6,Yes,Free Shipping,Yes,9,PayPal,Every 3 Months,True,True,False,90.0,New or occasional,1.1
910,61,50+,Male,Belt,Accessories,56,Louisiana,Fall,2.7,Yes,Express,Yes,36,PayPal,Weekly,True,True,True,7.0,Subscribed repeat,8.0
911,49,35-49,Male,Hoodie,Clothing,25,South Carolina,Spring,3.4,Yes,Express,Yes,22,Credit Card,Monthly,True,True,True,30.0,Promotion-led growth,0.8333333333333334
912,53,50+,Male,Pants,Clothing,74,Vermont,Winter,2.8,Yes,2-Day Shipping,Yes,2,Bank Transfer,Quarterly,True,True,False,90.0,New or occasional,0.8222222222222222
913,24,Under 25,Male,Hoodie,Clothing,56,Arkansas,Winter,3.4,Yes,Next Day Air,Yes,32,Bank Transfer,Monthly,True,True,True,30.0,Subscribed repeat,1.8666666666666667
914,37,35-49,Male,Sneakers,Footwear,47,Utah,Fall,2.6,Yes,Next Day Air,Yes,29,Cash,Every 3 Months,True,True,True,90.0,Subscribed repeat,0.5222222222222223
915,43,35-49,Male,Dress,Clothing,67,Washington,Summer,4.1,Yes,Standard,Yes,27,Venmo,Every 3 Months,True,True,True,90.0,Loyal high-value,0.7444444444444445
916,31,25-34,Male,Dress,Clothing,22,Rhode Island,Winter,2.9,Yes,Store Pickup,Yes,33,Credit Card,Fortnightly,True,True,True,14.0,Subscribed repeat,1.5714285714285714
917,49,35-49,Male,Jeans,Clothing,34,Illinois,Spring,2.7,Yes,Standard,Yes,16,Venmo,Monthly,True,True,True,30.0,Promotion-led growth,1.1333333333333333
918,69,50+,Male,Sweater,Clothing,64,Missouri,Spring,3.7,Yes,Standard,Yes,11,Bank Transfer,Quarterly,True,True,True,90.0,New or occasional,0.7111111111111111
919,65,50+,Male,Shorts,Clothing,42,North Carolina,Spring,4.3,Yes,2-Day Shipping,Yes,11,Cash,Fortnightly,True,True,True,14.0,Promotion-led growth,3.0
920,41,35-49,Male,Shirt,Clothing,82,Massachusetts,Winter,2.6,Yes,2-Day Shipping,Yes,17,Debit Card,Bi-Weekly,True,True,True,14.0,New or occasional,5.857142857142857
921,37,35-49,Male,Belt,Accessories,81,Arkansas,Summer,4.3,Yes,Free Shipping,Yes,37,Cash,Weekly,True,True,True,7.0,Loyal high-value,11.571428571428571
922,70,50+,Male,Coat,Outerwear,24,South Dakota,Summer,4.1,Yes,Express,Yes,18,PayPal,Weekly,True,True,True,7.0,Promotion-led growth,3.4285714285714284
923,63,50+,Male,Sneakers,Footwear,60,Georgia,Fall,4.2,Yes,Standard,Yes,13,Credit Card,Monthly,True,True,True,30.0,New or occasional,2.0
924,55,50+,Male,Shirt,Clothing,24,Arkansas,Spring,4.2,Yes,2-Day Shipping,Yes,7,PayPal,Weekly,True,True,False,7.0,Promotion-led growth,3.4285714285714284
925,52,50+,Male,Socks,Clothing,78,Kansas,Winter,3.1,Yes,Standard,Yes,37,Cash,Quarterly,True,True,True,90.0,Loyal high-value,0.8666666666666667
926,22,Under 25,Male,Jeans,Clothing,88,Arizona,Winter,4.9,Yes,Express,Yes,8,Cash,Monthly,True,True,False,30.0,New or occasional,2.933333333333333
927,54,50+,Male,Jeans,Clothing,63,Massachusetts,Spring,4.4,Yes,Express,Yes,11,Cash,Bi-Weekly,True,True,True,14.0,New or occasional,4.5
928,28,25-34,Male,Sneakers,Footwear,78,New Mexico,Summer,4.4,Yes,Standard,Yes,8,Venmo,Bi-Weekly,True,True,False,14.0,New or occasional,5.571428571428571
929,67,50+,Male,Dress,Clothing,37,Arkansas,Winter,3.4,Yes,Store Pickup,Yes,31,Cash,Every 3 Months,True,True,True,90.0,Subscribed repeat,0.4111111111111111
930,59,50+,Male,Boots,Footwear,94,Nebraska,Fall,4.5,Yes,2-Day Shipping,Yes,26,Debit Card,Fortnightly,True,True,True,14.0,Loyal high-value,6.714285714285714
931,26,25-34,Male,T-shirt,Clothing,78,Hawaii,Fall,4.5,Yes,Store Pickup,Yes,20,Credit Card,Bi-Weekly,True,True,True,14.0,New or occasional,5.571428571428571
932,24,Under 25,Male,Coat,Outerwear,36,Nebraska,Winter,4.1,Yes,Standard,Yes,24,Bank Transfer,Fortnightly,True,True,True,14.0,Promotion-led growth,2.5714285714285716
933,62,50+,Male,Skirt,Clothing,24,Indiana,Winter,3.2,Yes,Standard,Yes,45,Debit Card,Bi-Weekly,True,True,True,14.0,Subscribed repeat,1.7142857142857142
934,70,50+,Male,Sneakers,Footwear,84,Colorado,Spring,2.7,Yes,Store Pickup,Yes,33,Debit Card,Monthly,True,True,True,30.0,Loyal high-value,2.8
935,45,35-49,Male,Jeans,Clothing,47,Oregon,Spring,3.7,Yes,Express,Yes,21,Bank Transfer,Monthly,True,True,True,30.0,Promotion-led growth,1.5666666666666667
936,58,50+,Male,Hoodie,Clothing,51,Ohio,Fall,2.6,Yes,Store Pickup,Yes,2,Bank Transfer,Fortnightly,True,True,False,14.0,Promotion-led growth,3.642857142857143
937,31,25-34,Male,Shoes,Footwear,84,Maine,Summer,2.7,Yes,Free Shipping,Yes,28,Cash,Weekly,True,True,True,7.0,Loyal high-value,12.0
938,32,25-34,Male,Shorts,Clothing,24,Iowa,Summer,2.7,Yes,Express,Yes,18,Venmo,Quarterly,True,True,True,90.0,Promotion-led growth,0.26666666666666666
939,36,35-49,Male,Blouse,Clothing,97,Wisconsin,Fall,4.8,Yes,Free Shipping,Yes,21,Debit Card,Fortnightly,True,True,True,14.0,New or occasional,6.928571428571429
940,25,25-34,Male,T-shirt,Clothing,89,New York,Winter,4.8,Yes,Next Day Air,Yes,24,Credit Card,Monthly,True,True,True,30.0,New or occasional,2.966666666666667
941,48,35-49,Male,Belt,Accessories,44,Colorado,Spring,2.6,Yes,Store Pickup,Yes,15,PayPal,Every 3 Months,True,True,True,90.0,Promotion-led growth,0.4888888888888889
942,39,35-49,Male,Handbag,Accessories,35,Illinois,Winter,4.5,Yes,2-Day Shipping,Yes,38,PayPal,Every 3 Months,True,True,True,90.0,Subscribed repeat,0.3888888888888889
943,26,25-34,Male,Dress,Clothing,91,Arizona,Winter,3.2,Yes,Express,Yes,38,PayPal,Bi-Weekly,True,True,True,14.0,Loyal high-value,6.5
944,32,25-34,Male,Hat,Accessories,63,Oklahoma,Winter,3.8,Yes,Next Day Air,Yes,13,Venmo,Fortnightly,True,True,True,14.0,New or occasional,4.5
945,54,50+,Male,Belt,Accessories,97,Indiana,Spring,4.8,Yes,Express,Yes,39,Cash,Bi-Weekly,True,True,True,14.0,Loyal high-value,6.928571428571429
946,38,35-49,Male,Boots,Footwear,38,Minnesota,Summer,4.1,Yes,Store Pickup,Yes,8,Venmo,Every 3 Months,True,True,False,90.0,Promotion-led growth,0.4222222222222222
947,46,35-49,Male,Coat,Outerwear,24,Pennsylvania,Spring,2.8,Yes,Next Day Air,Yes,4,PayPal,Quarterly,True,True,False,90.0,Promotion-led growth,0.26666666666666666
948,57,50+,Male,Blouse,Clothing,32,Indiana,Winter,3.9,Yes,Store Pickup,Yes,6,Cash,Every 3 Months,True,True,False,90.0,Promotion-led growth,0.35555555555555557
949,49,35-49,Male,Hat,Accessories,90,Alabama,Summer,4.9,Yes,Express,Yes,11,Venmo,Every 3 Months,True,True,True,90.0,New or occasional,1.0
950,33,25-34,Male,Jeans,Clothing,36,Montana,Summer,3.4,Yes,Standard,Yes,49,Venmo,Monthly,True,True,True,30.0,Subscribed repeat,1.2
951,54,50+,Male,Backpack,Accessories,37,New Mexico,Winter,4.1,Yes,Free Shipping,Yes,30,PayPal,Quarterly,True,True,True,90.0,Subscribed repeat,0.4111111111111111
952,47,35-49,Male,Dress,Clothing,51,Alaska,Summer,2.9,Yes,Express,Yes,34,Bank Transfer,Monthly,True,True,True,30.0,Subscribed repeat,1.7
953,36,35-49,Male,Hat,Accessories,71,Idaho,Fall,3.1,Yes,2-Day Shipping,Yes,28,PayPal,Monthly,True,True,True,30.0,Loyal high-value,2.3666666666666667
954,68,50+,Male,Sunglasses,Accessories,50,Utah,Spring,3.6,Yes,2-Day Shipping,Yes,36,Venmo,Quarterly,True,True,True,90.0,Subscribed repeat,0.5555555555555556
955,60,50+,Male,Hat,Accessories,74,Louisiana,Fall,3.5,Yes,Standard,Yes,18,Credit Card,Every 3 Months,True,True,True,90.0,New or occasional,0.8222222222222222
956,55,50+,Male,Dress,Clothing,75,Mississippi,Summer,3.4,Yes,Free Shipping,Yes,4,PayPal,Monthly,True,True,False,30.0,New or occasional,2.5
957,29,25-34,Male,Shirt,Clothing,99,Mississippi,Spring,2.9,Yes,2-Day Shipping,Yes,42,Debit Card,Quarterly,True,True,True,90.0,Loyal high-value,1.1
958,38,35-49,Male,Scarf,Accessories,23,Indiana,Spring,4.7,Yes,Store Pickup,Yes,11,Cash,Quarterly,True,True,True,90.0,Promotion-led growth,0.25555555555555554
959,70,50+,Male,Sneakers,Footwear,53,Washington,Winter,4.4,Yes,Free Shipping,Yes,31,Credit Card,Bi-Weekly,True,True,True,14.0,Subscribed repeat,3.7857142857142856
960,36,35-49,Male,Skirt,Clothing,99,Nevada,Spring,2.6,Yes,Standard,Yes,12,Cash,Fortnightly,True,True,True,14.0,New or occasional,7.071428571428571
961,18,Under 25,Male,Jewelry,Accessories,48,Louisiana,Spring,4.4,Yes,Standard,Yes,20,Venmo,Quarterly,True,True,True,90.0,Promotion-led growth,0.5333333333333333
962,62,50+,Male,Boots,Footwear,72,Pennsylvania,Fall,3.7,Yes,Next Day Air,Yes,37,Debit Card,Quarterly,True,True,True,90.0,Loyal high-value,0.8
963,29,25-34,Male,Sunglasses,Accessories,64,Michigan,Spring,4.4,Yes,Standard,Yes,26,Debit Card,Fortnightly,True,True,True,14.0,Loyal high-value,4.571428571428571
964,21,Under 25,Male,Boots,Footwear,63,South Carolina,Spring,2.5,Yes,2-Day Shipping,Yes,14,Credit Card,Weekly,True,True,True,7.0,New or occasional,9.0
965,42,35-49,Male,Sandals,Footwear,51,Arizona,Spring,2.6,Yes,Next Day Air,Yes,12,Venmo,Bi-Weekly,True,True,True,14.0,Promotion-led growth,3.642857142857143
966,43,35-49,Male,Boots,Footwear,55,Delaware,Spring,5.0,Yes,Store Pickup,Yes,10,Credit Card,Annually,True,True,True,30.0,Promotion-led growth,1.8333333333333333
967,58,50+,Male,Dress,Clothing,55,Kentucky,Spring,4.9,Yes,Express,Yes,19,Cash,Annually,True,True,True,30.0,Promotion-led growth,1.8333333333333333
968,27,25-34,Male,Hoodie,Clothing,26,Georgia,Summer,3.7,Yes,Store Pickup,Yes,4,Cash,Weekly,True,True,False,7.0,Promotion-led growth,3.7142857142857144
969,57,50+,Male,Shorts,Clothing,67,North Carolina,Summer,3.1,Yes,Next Day Air,Yes,48,Bank Transfer,Quarterly,True,True,True,90.0,Loyal high-value,0.7444444444444445
970,40,35-49,Male,Coat,Outerwear,31,California,Fall,3.2,Yes,Express,Yes,37,PayPal,Monthly,True,True,True,30.0,Subscribed repeat,1.0333333333333334
971,45,35-49,Male,Jeans,Clothing,66,California,Winter,4.4,Yes,Free Shipping,Yes,4,Cash,Monthly,True,True,False,30.0,New or occasional,2.2
972,47,35-49,Male,Sunglasses,Accessories,67,Indiana,Summer,4.3,Yes,Next Day Air,Yes,15,Credit Card,Weekly,True,True,True,7.0,New or occasional,9.571428571428571
973,61,50+,Male,Sneakers,Footwear,61,Colorado,Winter,3.0,Yes,Standard,Yes,33,Credit Card,Weekly,True,True,True,7.0,Loyal high-value,8.714285714285714
974,60,50+,Male,Jacket,Outerwear,75,Colorado,Fall,3.5,Yes,2-Day Shipping,Yes,30,Bank Transfer,Quarterly,True,True,True,90.0,Loyal high-value,0.8333333333333334
975,69,50+,Male,Skirt,Clothing,90,North Carolina,Spring,3.6,Yes,2-Day Shipping,Yes,23,Bank Transfer,Monthly,True,True,True,30.0,New or occasional,3.0
976,58,50+,Male,Sweater,Clothing,40,Washington,Summer,3.8,Yes,2-Day Shipping,Yes,2,Bank Transfer,Weekly,True,True,False,7.0,Promotion-led growth,5.714285714285714
977,34,25-34,Male,T-shirt,Clothing,90,Florida,Fall,3.6,Yes,Express,Yes,50,Credit Card,Every 3 Months,True,True,True,90.0,Loyal high-value,1.0
978,20,Under 25,Male,Belt,Accessories,20,Washington,Spring,4.6,Yes,Express,Yes,34,Cash,Bi-Weekly,True,True,True,14.0,Subscribed repeat,1.4285714285714286
979,56,50+,Male,Gloves,Accessories,40,Colorado,Summer,2.5,Yes,Standard,Yes,33,Credit Card,Weekly,True,True,True,7.0,Subscribed repeat,5.714285714285714
980,64,50+,Male,Hat,Accessories,33,New Hampshire,Fall,3.5,Yes,Store Pickup,Yes,34,Debit Card,Monthly,True,True,True,30.0,Subscribed repeat,1.1
981,56,50+,Male,Boots,Footwear,98,Maryland,Spring,4.0,Yes,Free Shipping,Yes,39,PayPal,Every 3 Months,True,True,True,90.0,Loyal high-value,1.0888888888888888
982,27,25-34,Male,Belt,Accessories,42,Maryland,Spring,3.5,Yes,Next Day Air,Yes,47,Credit Card,Quarterly,True,True,True,90.0,Subscribed repeat,0.4666666666666667
983,35,35-49,Male,Coat,Outerwear,62,Texas,Summer,3.2,Yes,Standard,Yes,37,PayPal,Monthly,True,True,True,30.0,Loyal high-value,2.066666666666667
984,24,Under 25,Male,Hat,Accessories,45,New Mexico,Winter,3.5,Yes,Free Shipping,Yes,40,Venmo,Bi-Weekly,True,True,True,14.0,Subscribed repeat,3.2142857142857144
985,26,25-34,Male,Shoes,Footwear,78,Utah,Summer,3.4,Yes,Free Shipping,Yes,8,Credit Card,Bi-Weekly,True,True,False,14.0,New or occasional,5.571428571428571
986,32,25-34,Male,Handbag,Accessories,80,West Virginia,Fall,5.0,Yes,Express,Yes,12,Bank Transfer,Annually,True,True,True,30.0,New or occasional,2.6666666666666665
987,54,50+,Male,Scarf,Accessories,96,Connecticut,Spring,4.5,Yes,Store Pickup,Yes,36,Bank Transfer,Monthly,True,True,True,30.0,Loyal high-value,3.2
988,62,50+,Male,Handbag,Accessories,47,West Virginia,Summer,2.8,Yes,Express,Yes,48,PayPal,Weekly,True,True,True,7.0,Subscribed repeat,6.714285714285714
989,50,50+,Male,Pants,Clothing,84,Ohio,Winter,4.9,Yes,2-Day Shipping,Yes,47,PayPal,Fortnightly,True,True,True,14.0,Loyal high-value,6.0
990,70,50+,Male,Shoes,Footwear,31,Texas,Spring,3.1,Yes,Store Pickup,Yes,2,Bank Transfer,Monthly,True,True,False,30.0,Promotion-led growth,1.0333333333333334
991,48,35-49,Male,Sunglasses,Accessories,63,Washington,Spring,4.8,Yes,Store Pickup,Yes,24,Cash,Weekly,True,True,True,7.0,New or occasional,9.0
992,20,Under 25,Male,Shorts,Clothing,97,Wisconsin,Spring,2.7,Yes,Standard,Yes,40,Bank Transfer,Bi-Weekly,True,True,True,14.0,Loyal high-value,6.928571428571429
993,46,35-49,Male,Jacket,Outerwear,99,Louisiana,Winter,4.6,Yes,Express,Yes,50,Debit Card,Weekly,True,True,True,7.0,Loyal high-value,14.142857142857142
994,51,50+,Male,Sandals,Footwear,90,Iowa,Winter,4.4,Yes,Store Pickup,Yes,25,Cash,Weekly,True,True,True,7.0,Loyal high-value,12.857142857142858
995,53,50+,Male,Shoes,Footwear,68,New York,Fall,3.2,Yes,Express,Yes,20,Debit Card,Monthly,True,True,True,30.0,New or occasional,2.2666666666666666
996,44,35-49,Male,Jewelry,Accessories,80,Idaho,Spring,3.0,Yes,2-Day Shipping,Yes,10,Venmo,Weekly,True,True,True,7.0,New or occasional,11.428571428571429
997,29,25-34,Male,Sandals,Footwear,91,Delaware,Summer,4.9,Yes,Standard,Yes,32,Bank Transfer,Quarterly,True,True,True,90.0,Loyal high-value,1.011111111111111
998,64,50+,Male,Pants,Clothing,30,Kentucky,Spring,3.6,Yes,Express,Yes,31,Cash,Fortnightly,True,True,True,14.0,Subscribed repeat,2.142857142857143
999,51,50+,Male,Shoes,Footwear,90,Connecticut,Spring,3.8,Yes,Next Day Air,Yes,48,Bank Transfer,Bi-Weekly,True,True,True,14.0,Loyal high-value,6.428571428571429
1000,50,50+,Male,Socks,Clothing,28,New Mexico,Spring,2.9,Yes,Standard,Yes,23,Debit Card,Monthly,True,True,True,30.0,Promotion-led growth,0.9333333333333333
1001,43,35-49,Male,Socks,Clothing,46,Georgia,Winter,3.9,Yes,Express,Yes,1,Bank Transfer,Bi-Weekly,True,True,False,14.0,Promotion-led growth,3.2857142857142856
1002,61,50+,Male,Dress,Clothing,60,Washington,Fall,3.6,Yes,Standard,Yes,4,Debit Card,Fortnightly,True,True,False,14.0,New or occasional,4.285714285714286
1003,55,50+,Male,Shoes,Footwear,59,North Dakota,Spring,3.5,Yes,Store Pickup,Yes,3,Bank Transfer,Bi-Weekly,True,True,False,14.0,Promotion-led growth,4.214285714285714
1004,56,50+,Male,Hat,Accessories,68,Ohio,Fall,4.0,Yes,Store Pickup,Yes,3,Cash,Bi-Weekly,True,True,False,14.0,New or occasional,4.857142857142857
1005,33,25-34,Male,Backpack,Accessories,79,Tennessee,Summer,4.8,Yes,2-Day Shipping,Yes,44,Cash,Annually,True,True,True,30.0,Loyal high-value,2.6333333333333333
1006,43,35-49,Male,Backpack,Accessories,94,New York,Winter,3.9,Yes,Store Pickup,Yes,5,Debit Card,Bi-Weekly,True,True,False,14.0,New or occasional,6.714285714285714
1007,21,Under 25,Male,Pants,Clothing,83,Michigan,Summer,4.5,Yes,Next Day Air,Yes,50,Venmo,Quarterly,True,True,True,90.0,Loyal high-value,0.9222222222222223
1008,58,50+,Male,Gloves,Accessories,62,Georgia,Spring,4.8,Yes,Standard,Yes,2,Credit Card,Annually,True,True,False,30.0,New or occasional,2.066666666666667
1009,41,35-49,Male,Scarf,Accessories,85,New Mexico,Spring,2.6,Yes,Store Pickup,Yes,29,PayPal,Annually,True,True,True,30.0,Loyal high-value,2.8333333333333335
1010,39,35-49,Male,Hoodie,Clothing,30,Louisiana,Summer,3.1,Yes,Express,Yes,11,Venmo,Annually,True,True,True,30.0,Promotion-led growth,1.0
1011,54,50+,Male,Jeans,Clothing,24,South Dakota,Spring,4.7,Yes,2-Day Shipping,Yes,37,Credit Card,Fortnightly,True,True,True,14.0,Subscribed repeat,1.7142857142857142
1012,43,35-49,Male,Backpack,Accessories,25,Montana,Spring,2.9,Yes,Next Day Air,Yes,32,Debit Card,Fortnightly,True,True,True,14.0,Subscribed repeat,1.7857142857142858
1013,28,25-34,Male,Sandals,Footwear,37,New Mexico,Summer,3.8,Yes,Express,Yes,27,Credit Card,Annually,True,True,True,30.0,Subscribed repeat,1.2333333333333334
1014,59,50+,Male,Belt,Accessories,69,South Carolina,Summer,3.8,Yes,2-Day Shipping,Yes,31,Venmo,Bi-Weekly,True,True,True,14.0,Loyal high-value,4.928571428571429
1015,28,25-34,Male,Shoes,Footwear,97,Ohio,Summer,3.0,Yes,Standard,Yes,36,Debit Card,Fortnightly,True,True,True,14.0,Loyal high-value,6.928571428571429
1016,68,50+,Male,Gloves,Accessories,24,North Carolina,Summer,4.1,Yes,Standard,Yes,34,Cash,Weekly,True,True,True,7.0,Subscribed repeat,3.4285714285714284
1017,20,Under 25,Male,Belt,Accessories,30,Idaho,Summer,3.4,Yes,Express,Yes,15,Bank Transfer,Every 3 Months,True,True,True,90.0,Promotion-led growth,0.3333333333333333
1018,21,Under 25,Male,Jacket,Outerwear,53,Oklahoma,Fall,2.5,Yes,Express,Yes,14,Credit Card,Annually,True,True,True,30.0,Promotion-led growth,1.7666666666666666
1019,50,50+,Male,Dress,Clothing,70,Georgia,Spring,4.9,Yes,Next Day Air,Yes,46,Cash,Weekly,True,True,True,7.0,Loyal high-value,10.0
1020,32,25-34,Male,Shirt,Clothing,76,Kentucky,Winter,2.8,Yes,Standard,Yes,33,Venmo,Bi-Weekly,True,True,True,14.0,Loyal high-value,5.428571428571429
1021,24,Under 25,Male,Scarf,Accessories,95,Delaware,Fall,4.5,Yes,Express,Yes,41,Debit Card,Annually,True,True,True,30.0,Loyal high-value,3.1666666666666665
1022,55,50+,Male,Coat,Outerwear,51,Massachusetts,Winter,4.9,Yes,2-Day Shipping,Yes,39,PayPal,Weekly,True,True,True,7.0,Subscribed repeat,7.285714285714286
1023,61,50+,Male,Handbag,Accessories,41,Nebraska,Winter,4.9,Yes,Store Pickup,Yes,7,Cash,Annually,True,True,False,30.0,Promotion-led growth,1.3666666666666667
1024,61,50+,Male,Sunglasses,Accessories,71,Maine,Winter,3.5,Yes,Free Shipping,Yes,29,Bank Transfer,Every 3 Months,True,True,True,90.0,Loyal high-value,0.7888888888888889
1025,28,25-34,Male,T-shirt,Clothing,66,Pennsylvania,Summer,3.5,Yes,Free Shipping,Yes,18,Venmo,Quarterly,True,True,True,90.0,New or occasional,0.7333333333333333
1026,60,50+,Male,Shirt,Clothing,84,Nebraska,Winter,4.9,Yes,Free Shipping,Yes,15,Credit Card,Annually,True,True,True,30.0,New or occasional,2.8
1027,49,35-49,Male,Handbag,Accessories,95,Virginia,Winter,3.0,Yes,Express,Yes,39,PayPal,Bi-Weekly,True,True,True,14.0,Loyal high-value,6.785714285714286
1028,33,25-34,Male,Jewelry,Accessories,90,Ohio,Summer,2.8,Yes,Next Day Air,Yes,11,Cash,Monthly,True,True,True,30.0,New or occasional,3.0
1029,45,35-49,Male,Hoodie,Clothing,36,Nebraska,Summer,3.7,Yes,Standard,Yes,4,Cash,Fortnightly,True,True,False,14.0,Promotion-led growth,2.5714285714285716
1030,29,25-34,Male,Gloves,Accessories,22,Ohio,Spring,3.6,Yes,2-Day Shipping,Yes,33,Venmo,Bi-Weekly,True,True,True,14.0,Subscribed repeat,1.5714285714285714
1031,58,50+,Male,Coat,Outerwear,89,Kentucky,Winter,3.3,Yes,Next Day Air,Yes,37,Debit Card,Quarterly,True,True,True,90.0,Loyal high-value,0.9888888888888889
1032,22,Under 25,Male,Sandals,Footwear,50,Tennessee,Spring,3.4,Yes,Free Shipping,Yes,32,Cash,Quarterly,True,True,True,90.0,Subscribed repeat,0.5555555555555556
1033,55,50+,Male,Boots,Footwear,36,Maine,Fall,4.0,Yes,Free Shipping,Yes,44,Credit Card,Quarterly,True,True,True,90.0,Subscribed repeat,0.4
1034,19,Under 25,Male,Pants,Clothing,52,Montana,Spring,4.6,Yes,Free Shipping,Yes,41,Bank Transfer,Quarterly,True,True,True,90.0,Subscribed repeat,0.5777777777777777
1035,68,50+,Male,Socks,Clothing,29,Maryland,Fall,4.2,Yes,Next Day Air,Yes,44,Bank Transfer,Weekly,True,True,True,7.0,Subscribed repeat,4.142857142857143
1036,61,50+,Male,Blouse,Clothing,89,Georgia,Fall,2.8,Yes,Express,Yes,32,Venmo,Annually,True,True,True,30.0,Loyal high-value,2.966666666666667
1037,68,50+,Male,Handbag,Accessories,47,Hawaii,Fall,3.7,Yes,2-Day Shipping,Yes,13,Bank Transfer,Monthly,True,True,True,30.0,Promotion-led growth,1.5666666666666667
1038,52,50+,Male,Jewelry,Accessories,25,Rhode Island,Spring,3.4,Yes,Standard,Yes,48,Debit Card,Quarterly,True,True,True,90.0,Subscribed repeat,0.2777777777777778
1039,41,35-49,Male,Pants,Clothing,74,Nebraska,Fall,3.0,Yes,Express,Yes,3,Bank Transfer,Weekly,True,True,False,7.0,New or occasional,10.571428571428571
1040,29,25-34,Male,Belt,Accessories,46,Michigan,Fall,4.8,Yes,Standard,Yes,39,Venmo,Monthly,True,True,True,30.0,Subscribed repeat,1.5333333333333334
1041,68,50+,Male,Jeans,Clothing,22,North Carolina,Fall,4.0,Yes,Next Day Air,Yes,7,Cash,Fortnightly,True,True,False,14.0,Promotion-led growth,1.5714285714285714
1042,36,35-49,Male,Shirt,Clothing,25,Minnesota,Summer,4.9,Yes,Next Day Air,Yes,11,Cash,Fortnightly,True,True,True,14.0,Promotion-led growth,1.7857142857142858
1043,55,50+,Male,Belt,Accessories,80,Maryland,Spring,4.9,Yes,Next Day Air,Yes,47,Credit Card,Weekly,True,True,True,7.0,Loyal high-value,11.428571428571429
1044,28,25-34,Male,Jeans,Clothing,76,Hawaii,Spring,3.3,Yes,2-Day Shipping,Yes,28,Debit Card,Fortnightly,True,True,True,14.0,Loyal high-value,5.428571428571429
1045,39,35-49,Male,Jeans,Clothing,30,Oregon,Summer,4.4,Yes,Next Day Air,Yes,17,Bank Transfer,Every 3 Months,True,True,True,90.0,Promotion-led growth,0.3333333333333333
1046,54,50+,Male,Sweater,Clothing,79,New Mexico,Fall,3.5,Yes,2-Day Shipping,Yes,11,PayPal,Bi-Weekly,True,True,True,14.0,New or occasional,5.642857142857143
1047,40,35-49,Male,Sneakers,Footwear,22,Illinois,Winter,4.2,Yes,Standard,Yes,12,Venmo,Annually,True,True,True,30.0,Promotion-led growth,0.7333333333333333
1048,31,25-34,Male,Socks,Clothing,36,Utah,Fall,4.2,Yes,Standard,Yes,7,Credit Card,Fortnightly,True,True,False,14.0,Promotion-led growth,2.5714285714285716
1049,30,25-34,Male,Socks,Clothing,77,Maine,Fall,2.7,Yes,Standard,Yes,19,Venmo,Fortnightly,True,True,True,14.0,New or occasional,5.5
1050,45,35-49,Male,Sunglasses,Accessories,33,Virginia,Fall,2.8,Yes,Store Pickup,Yes,24,Cash,Quarterly,True,True,True,90.0,Promotion-led growth,0.36666666666666664
1051,48,35-49,Male,Sneakers,Footwear,64,Florida,Winter,3.8,Yes,Next Day Air,Yes,19,Venmo,Monthly,True,True,True,30.0,New or occasional,2.1333333333333333
1052,45,35-49,Male,Socks,Clothing,53,Ohio,Fall,2.6,Yes,Free Shipping,Yes,39,PayPal,Annually,True,True,True,30.0,Subscribed repeat,1.7666666666666666
1053,60,50+,Male,Shoes,Footwear,36,Virginia,Fall,3.0,Yes,2-Day Shipping,Yes,1,Credit Card,Fortnightly,True,True,False,14.0,Promotion-led growth,2.5714285714285716
1054,59,50+,Male,Blouse,Clothing,70,Kansas,Spring,3.3,No,2-Day Shipping,Yes,10,Debit Card,Bi-Weekly,True,False,True,14.0,New or occasional,5.0
1055,18,Under 25,Male,Shorts,Clothing,96,Arkansas,Winter,4.9,No,Express,Yes,48,PayPal,Quarterly,True,False,True,90.0,Loyal high-value,1.0666666666666667
1056,70,50+,Male,Jacket,Outerwear,27,Massachusetts,Spring,3.3,No,Next Day Air,Yes,24,Debit Card,Annually,True,False,True,30.0,Promotion-led growth,0.9
1057,20,Under 25,Male,Sweater,Clothing,64,Idaho,Winter,2.9,No,2-Day Shipping,Yes,42,Venmo,Fortnightly,True,False,True,14.0,Loyal high-value,4.571428571428571
1058,65,50+,Male,Jacket,Outerwear,23,Wisconsin,Spring,4.4,No,2-Day Shipping,Yes,20,Credit Card,Weekly,True,False,True,7.0,Promotion-led growth,3.2857142857142856
1059,29,25-34,Male,Scarf,Accessories,33,New Mexico,Summer,3.1,No,Next Day Air,Yes,49,Bank Transfer,Every 3 Months,True,False,True,90.0,Promotion-led growth,0.36666666666666664
1060,22,Under 25,Male,Jacket,Outerwear,34,North Carolina,Winter,2.5,No,Standard,Yes,25,Debit Card,Monthly,True,False,True,30.0,Promotion-led growth,1.1333333333333333
1061,27,25-34,Male,Sweater,Clothing,35,Iowa,Summer,2.6,No,Next Day Air,Yes,21,Debit Card,Every 3 Months,True,False,True,90.0,Promotion-led growth,0.3888888888888889
1062,36,35-49,Male,Coat,Outerwear,62,Idaho,Summer,4.4,No,Free Shipping,Yes,12,Venmo,Every 3 Months,True,False,True,90.0,New or occasional,0.6888888888888889
1063,59,50+,Male,Boots,Footwear,75,Ohio,Fall,2.6,No,Next Day Air,Yes,21,Debit Card,Every 3 Months,True,False,True,90.0,New or occasional,0.8333333333333334
1064,62,50+,Male,Hoodie,Clothing,29,Alabama,Summer,3.3,No,Free Shipping,Yes,35,Cash,Monthly,True,False,True,30.0,Promotion-led growth,0.9666666666666667
1065,34,25-34,Male,Hat,Accessories,28,Wyoming,Spring,3.5,No,Express,Yes,42,Credit Card,Every 3 Months,True,False,True,90.0,Promotion-led growth,0.3111111111111111
1066,59,50+,Male,T-shirt,Clothing,20,Alabama,Spring,4.1,No,Store Pickup,Yes,3,PayPal,Every 3 Months,True,False,False,90.0,Promotion-led growth,0.2222222222222222
1067,49,35-49,Male,Coat,Outerwear,96,Mississippi,Winter,4.0,No,Store Pickup,Yes,11,PayPal,Bi-Weekly,True,False,True,14.0,New or occasional,6.857142857142857
1068,18,Under 25,Male,Dress,Clothing,43,Pennsylvania,Summer,2.7,No,2-Day Shipping,Yes,22,PayPal,Quarterly,True,False,True,90.0,Promotion-led growth,0.4777777777777778
1069,55,50+,Male,Shirt,Clothing,94,Wyoming,Fall,2.5,No,Standard,Yes,47,Credit Card,Weekly,True,False,True,7.0,Loyal high-value,13.428571428571429
1070,38,35-49,Male,Skirt,Clothing,81,Maryland,Fall,4.3,No,Next Day Air,Yes,33,Venmo,Every 3 Months,True,False,True,90.0,Loyal high-value,0.9
1071,50,50+,Male,Jewelry,Accessories,75,North Carolina,Summer,3.3,No,Free Shipping,Yes,50,Debit Card,Weekly,True,False,True,7.0,Loyal high-value,10.714285714285714
1072,61,50+,Male,Hat,Accessories,81,Pennsylvania,Summer,2.6,No,Express,Yes,46,Credit Card,Monthly,True,False,True,30.0,Loyal high-value,2.7
1073,48,35-49,Male,Shorts,Clothing,92,Idaho,Fall,3.7,No,Express,Yes,34,Debit Card,Fortnightly,True,False,True,14.0,Loyal high-value,6.571428571428571
1074,22,Under 25,Male,Scarf,Accessories,96,California,Spring,4.0,No,Store Pickup,Yes,33,Credit Card,Monthly,True,False,True,30.0,Loyal high-value,3.2
1075,48,35-49,Male,Jewelry,Accessories,71,Tennessee,Fall,2.6,No,Standard,Yes,45,Bank Transfer,Fortnightly,True,False,True,14.0,Loyal high-value,5.071428571428571
1076,57,50+,Male,Sunglasses,Accessories,50,Missouri,Summer,4.9,No,Next Day Air,Yes,32,Debit Card,Bi-Weekly,True,False,True,14.0,Promotion-led growth,3.5714285714285716
1077,33,25-34,Male,Coat,Outerwear,72,North Dakota,Spring,2.9,No,Standard,Yes,47,Venmo,Bi-Weekly,True,False,True,14.0,Loyal high-value,5.142857142857143
1078,58,50+,Male,Jacket,Outerwear,28,West Virginia,Winter,3.7,No,Standard,Yes,5,PayPal,Quarterly,True,False,False,90.0,Promotion-led growth,0.3111111111111111
1079,37,35-49,Male,Sweater,Clothing,59,Arizona,Fall,4.4,No,Express,Yes,49,Credit Card,Fortnightly,True,False,True,14.0,Promotion-led growth,4.214285714285714
1080,18,Under 25,Male,Coat,Outerwear,33,Oklahoma,Summer,4.4,No,Free Shipping,Yes,48,Bank Transfer,Monthly,True,False,True,30.0,Promotion-led growth,1.1
1081,65,50+,Male,Scarf,Accessories,59,Pennsylvania,Fall,3.8,No,Express,Yes,22,Cash,Every 3 Months,True,False,True,90.0,Promotion-led growth,0.6555555555555556
1082,62,50+,Male,Belt,Accessories,30,Idaho,Spring,4.5,No,Standard,Yes,45,Credit Card,Annually,True,False,True,30.0,Promotion-led growth,1.0
1083,54,50+,Male,Hat,Accessories,85,South Carolina,Winter,2.6,No,Next Day Air,Yes,30,Venmo,Quarterly,True,False,True,90.0,Loyal high-value,0.9444444444444444
1084,35,35-49,Male,Backpack,Accessories,97,Washington,Summer,3.3,No,Store Pickup,Yes,43,Cash,Weekly,True,False,True,7.0,Loyal high-value,13.857142857142858
1085,34,25-34,Male,T-shirt,Clothing,36,Arkansas,Fall,4.1,No,Next Day Air,Yes,48,Cash,Quarterly,True,False,True,90.0,Promotion-led growth,0.4
1086,25,25-34,Male,Jewelry,Accessories,85,Utah,Winter,3.0,No,Store Pickup,Yes,23,Venmo,Fortnightly,True,False,True,14.0,New or occasional,6.071428571428571
1087,53,50+,Male,Sunglasses,Accessories,62,Alaska,Winter,3.0,No,Free Shipping,Yes,27,PayPal,Bi-Weekly,True,False,True,14.0,Loyal high-value,4.428571428571429
1088,45,35-49,Male,Jeans,Clothing,71,West Virginia,Winter,3.4,No,Next Day Air,Yes,7,Bank Transfer,Monthly,True,False,False,30.0,New or occasional,2.3666666666666667
1089,49,35-49,Male,Pants,Clothing,21,Louisiana,Winter,2.7,No,Free Shipping,Yes,2,PayPal,Weekly,True,False,False,7.0,Promotion-led growth,3.0
1090,40,35-49,Male,Backpack,Accessories,61,Arizona,Spring,3.8,No,Next Day Air,Yes,33,PayPal,Bi-Weekly,True,False,True,14.0,Loyal high-value,4.357142857142857
1091,38,35-49,Male,Scarf,Accessories,58,Connecticut,Spring,4.2,No,Store Pickup,Yes,27,Cash,Fortnightly,True,False,True,14.0,Promotion-led growth,4.142857142857143
1092,44,35-49,Male,Sweater,Clothing,80,North Carolina,Spring,4.7,No,Store Pickup,Yes,6,Credit Card,Fortnightly,True,False,False,14.0,New or occasional,5.714285714285714
1093,68,50+,Male,Jewelry,Accessories,50,South Dakota,Spring,4.1,No,2-Day Shipping,Yes,20,Venmo,Quarterly,True,False,True,90.0,Promotion-led growth,0.5555555555555556
1094,60,50+,Male,Sneakers,Footwear,48,Delaware,Winter,4.2,No,2-Day Shipping,Yes,46,Venmo,Every 3 Months,True,False,True,90.0,Promotion-led growth,0.5333333333333333
1095,25,25-34,Male,Jewelry,Accessories,40,Connecticut,Winter,4.8,No,Next Day Air,Yes,25,Cash,Quarterly,True,False,True,90.0,Promotion-led growth,0.4444444444444444
1096,19,Under 25,Male,Coat,Outerwear,34,Tennessee,Summer,3.0,No,Free Shipping,Yes,30,Bank Transfer,Quarterly,True,False,True,90.0,Promotion-led growth,0.37777777777777777
1097,57,50+,Male,Coat,Outerwear,46,New Hampshire,Fall,2.6,No,Standard,Yes,48,Credit Card,Annually,True,False,True,30.0,Promotion-led growth,1.5333333333333334
1098,58,50+,Male,Sunglasses,Accessories,27,Vermont,Summer,3.2,No,Store Pickup,Yes,47,Bank Transfer,Weekly,True,False,True,7.0,Promotion-led growth,3.857142857142857
1099,49,35-49,Male,Handbag,Accessories,98,Idaho,Spring,3.6,No,Next Day Air,Yes,27,Credit Card,Weekly,True,False,True,7.0,Loyal high-value,14.0
1100,19,Under 25,Male,Sweater,Clothing,73,North Carolina,Fall,2.6,No,Next Day Air,Yes,45,Bank Transfer,Fortnightly,True,False,True,14.0,Loyal high-value,5.214285714285714
1101,50,50+,Male,Pants,Clothing,28,Nevada,Spring,4.4,No,Express,Yes,2,Credit Card,Weekly,True,False,False,7.0,Promotion-led growth,4.0
1102,30,25-34,Male,Gloves,Accessories,76,Delaware,Fall,3.0,No,Free Shipping,Yes,39,Cash,Fortnightly,True,False,True,14.0,Loyal high-value,5.428571428571429
1103,52,50+,Male,Sweater,Clothing,83,Texas,Fall,2.9,No,Express,Yes,24,Cash,Fortnightly,True,False,True,14.0,New or occasional,5.928571428571429
1104,35,35-49,Male,Hoodie,Clothing,23,Tennessee,Spring,4.3,No,Free Shipping,Yes,8,Debit Card,Bi-Weekly,True,False,False,14.0,Promotion-led growth,1.6428571428571428
1105,35,35-49,Male,Hat,Accessories,28,Delaware,Fall,3.1,No,Express,Yes,8,Bank Transfer,Quarterly,True,False,False,90.0,Promotion-led growth,0.3111111111111111
1106,33,25-34,Male,T-shirt,Clothing,83,Massachusetts,Spring,3.0,No,Next Day Air,Yes,6,Venmo,Every 3 Months,True,False,False,90.0,New or occasional,0.9222222222222223
1107,52,50+,Male,Skirt,Clothing,96,Minnesota,Winter,3.6,No,Store Pickup,Yes,12,Venmo,Fortnightly,True,False,True,14.0,New or occasional,6.857142857142857
1108,69,50+,Male,Sneakers,Footwear,62,Texas,Fall,2.8,No,Store Pickup,Yes,26,Bank Transfer,Weekly,True,False,True,7.0,Loyal high-value,8.857142857142858
1109,27,25-34,Male,Shorts,Clothing,25,Nebraska,Fall,2.8,No,Standard,Yes,50,Cash,Fortnightly,True,False,True,14.0,Promotion-led growth,1.7857142857142858
1110,66,50+,Male,Hoodie,Clothing,97,Oklahoma,Winter,3.7,No,Next Day Air,Yes,2,Venmo,Weekly,True,False,False,7.0,New or occasional,13.857142857142858
1111,28,25-34,Male,Hoodie,Clothing,61,Texas,Fall,3.0,No,Standard,Yes,31,Cash,Bi-Weekly,True,False,True,14.0,Loyal high-value,4.357142857142857
1112,22,Under 25,Male,Shoes,Footwear,66,New York,Summer,4.1,No,Next Day Air,Yes,4,Credit Card,Bi-Weekly,True,False,False,14.0,New or occasional,4.714285714285714
1113,69,50+,Male,Hoodie,Clothing,67,Washington,Spring,4.6,No,Free Shipping,Yes,32,PayPal,Quarterly,True,False,True,90.0,Loyal high-value,0.7444444444444445
1114,28,25-34,Male,Sunglasses,Accessories,80,Maryland,Summer,4.8,No,Next Day Air,Yes,11,PayPal,Bi-Weekly,True,False,True,14.0,New or occasional,5.714285714285714
1115,55,50+,Male,Skirt,Clothing,25,New Hampshire,Fall,2.6,No,Next Day Air,Yes,47,Bank Transfer,Every 3 Months,True,False,True,90.0,Promotion-led growth,0.2777777777777778
1116,30,25-34,Male,Hat,Accessories,58,New York,Fall,4.0,No,2-Day Shipping,Yes,37,Cash,Weekly,True,False,True,7.0,Promotion-led growth,8.285714285714286
1117,67,50+,Male,Backpack,Accessories,96,Hawaii,Winter,4.2,No,Express,Yes,39,PayPal,Fortnightly,True,False,True,14.0,Loyal high-value,6.857142857142857
1118,25,25-34,Male,Sunglasses,Accessories,77,California,Spring,4.5,No,Store Pickup,Yes,24,Credit Card,Monthly,True,False,True,30.0,New or occasional,2.566666666666667
1119,49,35-49,Male,Belt,Accessories,65,Indiana,Summer,4.9,No,Standard,Yes,11,PayPal,Every 3 Months,True,False,True,90.0,New or occasional,0.7222222222222222
1120,34,25-34,Male,Jewelry,Accessories,36,Louisiana,Spring,3.1,No,Standard,Yes,36,Credit Card,Weekly,True,False,True,7.0,Promotion-led growth,5.142857142857143
1121,22,Under 25,Male,Sneakers,Footwear,84,Pennsylvania,Winter,4.0,No,Next Day Air,Yes,40,Debit Card,Monthly,True,False,True,30.0,Loyal high-value,2.8
1122,63,50+,Male,T-shirt,Clothing,58,Florida,Fall,3.2,No,Express,Yes,25,Cash,Quarterly,True,False,True,90.0,Promotion-led growth,0.6444444444444445
1123,70,50+,Male,Handbag,Accessories,62,North Carolina,Spring,4.3,No,2-Day Shipping,Yes,12,Credit Card,Annually,True,False,True,30.0,New or occasional,2.066666666666667
1124,36,35-49,Male,Hat,Accessories,67,Massachusetts,Fall,2.5,No,Store Pickup,Yes,38,Cash,Monthly,True,False,True,30.0,Loyal high-value,2.2333333333333334
1125,42,35-49,Male,Sweater,Clothing,20,Iowa,Spring,3.7,No,Express,Yes,40,Cash,Quarterly,True,False,True,90.0,Promotion-led growth,0.2222222222222222
1126,27,25-34,Male,Sandals,Footwear,90,North Dakota,Summer,2.7,No,2-Day Shipping,Yes,10,Bank Transfer,Weekly,True,False,True,7.0,New or occasional,12.857142857142858
1127,23,Under 25,Male,Scarf,Accessories,58,Iowa,Winter,3.4,No,Standard,Yes,47,Venmo,Fortnightly,True,False,True,14.0,Promotion-led growth,4.142857142857143
1128,50,50+,Male,Shirt,Clothing,53,Delaware,Spring,4.8,No,Store Pickup,Yes,22,Debit Card,Monthly,True,False,True,30.0,Promotion-led growth,1.7666666666666666
1129,56,50+,Male,Gloves,Accessories,30,New York,Winter,4.7,No,Next Day Air,Yes,35,Debit Card,Monthly,True,False,True,30.0,Promotion-led growth,1.0
1130,37,35-49,Male,Hoodie,Clothing,65,New Hampshire,Winter,4.7,No,Express,Yes,46,Venmo,Fortnightly,True,False,True,14.0,Loyal high-value,4.642857142857143
1131,67,50+,Male,Jewelry,Accessories,41,Kentucky,Summer,3.9,No,Standard,Yes,30,PayPal,Bi-Weekly,True,False,True,14.0,Promotion-led growth,2.9285714285714284
1132,67,50+,Male,Shirt,Clothing,73,Illinois,Spring,3.7,No,Express,Yes,20,Bank Transfer,Monthly,True,False,True,30.0,New or occasional,2.433333333333333
1133,50,50+,Male,Hoodie,Clothing,98,North Carolina,Spring,4.3,No,Store Pickup,Yes,25,Cash,Fortnightly,True,False,True,14.0,Loyal high-value,7.0
1134,36,35-49,Male,Shoes,Footwear,36,Connecticut,Winter,4.1,No,2-Day Shipping,Yes,29,Cash,Weekly,True,False,True,7.0,Promotion-led growth,5.142857142857143
1135,62,50+,Male,T-shirt,Clothing,81,Wisconsin,Summer,3.7,No,Express,Yes,2,Venmo,Every 3 Months,True,False,False,90.0,New or occasional,0.9
1136,65,50+,Male,Skirt,Clothing,90,Massachusetts,Winter,3.6,No,2-Day Shipping,Yes,32,Bank Transfer,Quarterly,True,False,True,90.0,Loyal high-value,1.0
1137,23,Under 25,Male,Handbag,Accessories,83,Illinois,Summer,4.8,No,Free Shipping,Yes,37,Cash,Monthly,True,False,True,30.0,Loyal high-value,2.7666666666666666
1138,46,35-49,Male,Shirt,Clothing,91,New Mexico,Winter,2.8,No,2-Day Shipping,Yes,16,Bank Transfer,Every 3 Months,True,False,True,90.0,New or occasional,1.011111111111111
1139,18,Under 25,Male,Pants,Clothing,36,Iowa,Summer,4.7,No,Express,Yes,32,Venmo,Fortnightly,True,False,True,14.0,Promotion-led growth,2.5714285714285716
1140,58,50+,Male,Coat,Outerwear,53,Alabama,Spring,3.9,No,Standard,Yes,42,Debit Card,Bi-Weekly,True,False,True,14.0,Promotion-led growth,3.7857142857142856
1141,31,25-34,Male,Jeans,Clothing,39,Maryland,Winter,2.6,No,Store Pickup,Yes,6,Credit Card,Every 3 Months,True,False,False,90.0,Promotion-led growth,0.43333333333333335
1142,39,35-49,Male,Gloves,Accessories,33,Ohio,Winter,4.7,No,Next Day Air,Yes,23,PayPal,Fortnightly,True,False,True,14.0,Promotion-led growth,2.357142857142857
1143,69,50+,Male,T-shirt,Clothing,76,Ohio,Spring,3.5,No,Store Pickup,Yes,27,Venmo,Bi-Weekly,True,False,True,14.0,Loyal high-value,5.428571428571429
1144,68,50+,Male,Boots,Footwear,23,Nevada,Winter,4.4,No,Standard,Yes,43,PayPal,Quarterly,True,False,True,90.0,Promotion-led growth,0.25555555555555554
1145,41,35-49,Male,Jeans,Clothing,54,South Carolina,Fall,4.4,No,2-Day Shipping,Yes,25,Bank Transfer,Fortnightly,True,False,True,14.0,Promotion-led growth,3.857142857142857
1146,31,25-34,Male,Sneakers,Footwear,89,Nevada,Summer,3.0,No,Express,Yes,30,Cash,Every 3 Months,True,False,True,90.0,Loyal high-value,0.9888888888888889
1147,48,35-49,Male,Sneakers,Footwear,38,Wisconsin,Summer,4.2,No,Standard,Yes,7,Bank Transfer,Every 3 Months,True,False,False,90.0,Promotion-led growth,0.4222222222222222
1148,59,50+,Male,Hat,Accessories,36,Tennessee,Winter,4.3,No,Next Day Air,Yes,17,Debit Card,Annually,True,False,True,30.0,Promotion-led growth,1.2
1149,34,25-34,Male,Pants,Clothing,66,Florida,Spring,2.6,No,Store Pickup,Yes,10,PayPal,Fortnightly,True,False,True,14.0,New or occasional,4.714285714285714
1150,21,Under 25,Male,Jewelry,Accessories,42,Georgia,Spring,3.3,No,Store Pickup,Yes,40,Venmo,Annually,True,False,True,30.0,Promotion-led growth,1.4
1151,29,25-34,Male,Jewelry,Accessories,36,Kentucky,Winter,2.7,No,Next Day Air,Yes,50,Venmo,Bi-Weekly,True,False,True,14.0,Promotion-led growth,2.5714285714285716
1152,41,35-49,Male,Blouse,Clothing,86,Ohio,Spring,3.7,No,Express,Yes,24,Credit Card,Weekly,True,False,True,7.0,New or occasional,12.285714285714286
1153,62,50+,Male,Handbag,Accessories,49,Connecticut,Fall,4.0,No,Standard,Yes,8,PayPal,Every 3 Months,True,False,False,90.0,Promotion-led growth,0.5444444444444444
1154,27,25-34,Male,Shirt,Clothing,41,Idaho,Summer,4.0,No,Free Shipping,Yes,6,Bank Transfer,Quarterly,True,False,False,90.0,Promotion-led growth,0.45555555555555555
1155,49,35-49,Male,Dress,Clothing,82,Georgia,Spring,2.9,No,2-Day Shipping,Yes,44,Credit Card,Bi-Weekly,True,False,True,14.0,Loyal high-value,5.857142857142857
1156,67,50+,Male,T-shirt,Clothing,53,Tennessee,Fall,2.6,No,Express,Yes,47,PayPal,Quarterly,True,False,True,90.0,Promotion-led growth,0.5888888888888889
1157,20,Under 25,Male,Shoes,Footwear,21,Hawaii,Summer,4.8,No,Express,Yes,6,Venmo,Every 3 Months,True,False,False,90.0,Promotion-led growth,0.23333333333333334
1158,37,35-49,Male,Belt,Accessories,66,Maryland,Fall,4.4,No,Standard,Yes,11,Cash,Quarterly,True,False,True,90.0,New or occasional,0.7333333333333333
1159,69,50+,Male,Belt,Accessories,89,Nevada,Summer,4.0,No,2-Day Shipping,Yes,41,Bank Transfer,Annually,True,False,True,30.0,Loyal high-value,2.966666666666667
1160,66,50+,Male,Handbag,Accessories,55,New Hampshire,Fall,3.6,No,2-Day Shipping,Yes,46,Venmo,Every 3 Months,True,False,True,90.0,Promotion-led growth,0.6111111111111112
1161,37,35-49,Male,Scarf,Accessories,42,North Dakota,Summer,3.2,No,Next Day Air,Yes,9,Venmo,Bi-Weekly,True,False,False,14.0,Promotion-led growth,3.0
1162,63,50+,Male,Shorts,Clothing,52,Oklahoma,Fall,3.1,No,2-Day Shipping,Yes,37,PayPal,Monthly,True,False,True,30.0,Promotion-led growth,1.7333333333333334
1163,47,35-49,Male,Sandals,Footwear,92,North Carolina,Winter,4.2,No,Express,Yes,13,PayPal,Weekly,True,False,True,7.0,New or occasional,13.142857142857142
1164,26,25-34,Male,Pants,Clothing,56,Tennessee,Summer,3.0,No,2-Day Shipping,Yes,24,Debit Card,Monthly,True,False,True,30.0,Promotion-led growth,1.8666666666666667
1165,68,50+,Male,Dress,Clothing,96,Montana,Winter,4.2,No,Standard,Yes,47,PayPal,Quarterly,True,False,True,90.0,Loyal high-value,1.0666666666666667
1166,51,50+,Male,T-shirt,Clothing,64,Wisconsin,Winter,2.9,No,Next Day Air,Yes,21,Venmo,Every 3 Months,True,False,True,90.0,New or occasional,0.7111111111111111
1167,48,35-49,Male,Dress,Clothing,48,Connecticut,Winter,3.7,No,Store Pickup,Yes,22,Venmo,Fortnightly,True,False,True,14.0,Promotion-led growth,3.4285714285714284
1168,60,50+,Male,Socks,Clothing,83,New Jersey,Summer,3.6,No,Free Shipping,Yes,16,PayPal,Quarterly,True,False,True,90.0,New or occasional,0.9222222222222223
1169,68,50+,Male,Scarf,Accessories,91,Mississippi,Summer,3.6,No,Standard,Yes,37,Debit Card,Fortnightly,True,False,True,14.0,Loyal high-value,6.5
1170,25,25-34,Male,Backpack,Accessories,94,Wyoming,Fall,4.5,No,2-Day Shipping,Yes,3,Cash,Annually,True,False,False,30.0,New or occasional,3.1333333333333333
1171,57,50+,Male,Skirt,Clothing,62,Illinois,Spring,3.2,No,Express,Yes,33,Cash,Bi-Weekly,True,False,True,14.0,Loyal high-value,4.428571428571429
1172,41,35-49,Male,Socks,Clothing,55,Louisiana,Spring,3.9,No,Next Day Air,Yes,15,Debit Card,Annually,True,False,True,30.0,Promotion-led growth,1.8333333333333333
1173,59,50+,Male,Coat,Outerwear,68,Oregon,Spring,4.6,No,Store Pickup,Yes,42,Bank Transfer,Bi-Weekly,True,False,True,14.0,Loyal high-value,4.857142857142857
1174,44,35-49,Male,Jewelry,Accessories,76,South Dakota,Winter,2.5,No,Express,Yes,42,Cash,Bi-Weekly,True,False,True,14.0,Loyal high-value,5.428571428571429
1175,42,35-49,Male,Backpack,Accessories,31,Michigan,Winter,4.3,No,Express,Yes,19,Bank Transfer,Bi-Weekly,True,False,True,14.0,Promotion-led growth,2.2142857142857144
1176,35,35-49,Male,Belt,Accessories,81,New Jersey,Spring,4.1,No,Store Pickup,Yes,26,PayPal,Quarterly,True,False,True,90.0,Loyal high-value,0.9
1177,36,35-49,Male,Dress,Clothing,83,Oregon,Winter,3.7,No,Free Shipping,Yes,39,PayPal,Quarterly,True,False,True,90.0,Loyal high-value,0.9222222222222223
1178,54,50+,Male,Skirt,Clothing,21,Iowa,Spring,4.8,No,Standard,Yes,24,Debit Card,Monthly,True,False,True,30.0,Promotion-led growth,0.7
1179,37,35-49,Male,Dress,Clothing,22,South Carolina,Spring,4.9,No,Express,Yes,23,Debit Card,Annually,True,False,True,30.0,Promotion-led growth,0.7333333333333333
1180,20,Under 25,Male,T-shirt,Clothing,33,Indiana,Summer,2.8,No,Free Shipping,Yes,44,Bank Transfer,Annually,True,False,True,30.0,Promotion-led growth,1.1
1181,23,Under 25,Male,Skirt,Clothing,23,Oregon,Spring,4.9,No,Standard,Yes,34,Cash,Monthly,True,False,True,30.0,Promotion-led growth,0.7666666666666667
1182,61,50+,Male,Shorts,Clothing,96,New York,Summer,3.5,No,Free Shipping,Yes,43,Bank Transfer,Quarterly,True,False,True,90.0,Loyal high-value,1.0666666666666667
1183,37,35-49,Male,Jewelry,Accessories,21,New Mexico,Spring,3.8,No,Express,Yes,45,PayPal,Quarterly,True,False,True,90.0,Promotion-led growth,0.23333333333333334
1184,23,Under 25,Male,Pants,Clothing,39,Louisiana,Spring,4.5,No,2-Day Shipping,Yes,4,Credit Card,Weekly,True,False,False,7.0,Promotion-led growth,5.571428571428571
1185,63,50+,Male,Belt,Accessories,73,South Carolina,Fall,3.4,No,Express,Yes,19,Credit Card,Annually,True,False,True,30.0,New or occasional,2.433333333333333
1186,47,35-49,Male,Jeans,Clothing,64,Maine,Spring,3.9,No,Standard,Yes,29,Credit Card,Monthly,True,False,True,30.0,Loyal high-value,2.1333333333333333
1187,63,50+,Male,Jeans,Clothing,68,Indiana,Summer,4.1,No,2-Day Shipping,Yes,27,Credit Card,Annually,True,False,True,30.0,Loyal high-value,2.2666666666666666
1188,56,50+,Male,Hat,Accessories,89,Iowa,Fall,3.0,No,Express,Yes,37,Credit Card,Every 3 Months,True,False,True,90.0,Loyal high-value,0.9888888888888889
1189,68,50+,Male,Blouse,Clothing,29,Mississippi,Summer,3.3,No,Next Day Air,Yes,11,Credit Card,Weekly,True,False,True,7.0,Promotion-led growth,4.142857142857143
1190,64,50+,Male,Shirt,Clothing,97,Arkansas,Summer,3.7,No,Free Shipping,Yes,28,Debit Card,Annually,True,False,True,30.0,Loyal high-value,3.2333333333333334
1191,62,50+,Male,Shirt,Clothing,45,South Carolina,Winter,4.3,No,Next Day Air,Yes,31,Credit Card,Weekly,True,False,True,7.0,Promotion-led growth,6.428571428571429
1192,34,25-34,Male,T-shirt,Clothing,70,Indiana,Winter,4.1,No,Free Shipping,Yes,50,Venmo,Quarterly,True,False,True,90.0,Loyal high-value,0.7777777777777778
1193,49,35-49,Male,Coat,Outerwear,56,Florida,Summer,4.0,No,2-Day Shipping,Yes,42,Venmo,Quarterly,True,False,True,90.0,Promotion-led growth,0.6222222222222222
1194,40,35-49,Male,Jacket,Outerwear,55,Alaska,Fall,5.0,No,2-Day Shipping,Yes,18,Credit Card,Fortnightly,True,False,True,14.0,Promotion-led growth,3.9285714285714284
1195,50,50+,Male,Hoodie,Clothing,46,New York,Winter,3.1,No,2-Day Shipping,Yes,6,Credit Card,Fortnightly,True,False,False,14.0,Promotion-led growth,3.2857142857142856
1196,25,25-34,Male,Scarf,Accessories,95,Texas,Winter,4.0,No,2-Day Shipping,Yes,33,Venmo,Monthly,True,False,True,30.0,Loyal high-value,3.1666666666666665
1197,30,25-34,Male,Belt,Accessories,88,North Dakota,Winter,3.2,No,2-Day Shipping,Yes,13,Bank Transfer,Bi-Weekly,True,False,True,14.0,New or occasional,6.285714285714286
1198,54,50+,Male,Sneakers,Footwear,92,Vermont,Fall,3.9,No,Standard,Yes,26,PayPal,Annually,True,False,True,30.0,Loyal high-value,3.066666666666667
1199,40,35-49,Male,Socks,Clothing,49,New Jersey,Summer,3.9,No,2-Day Shipping,Yes,17,Cash,Annually,True,False,True,30.0,Promotion-led growth,1.6333333333333333
1200,49,35-49,Male,Sandals,Footwear,89,Maryland,Fall,4.5,No,Free Shipping,Yes,3,Debit Card,Weekly,True,False,False,7.0,New or occasional,12.714285714285714
1201,27,25-34,Male,Coat,Outerwear,22,Connecticut,Winter,4.4,No,Store Pickup,Yes,7,PayPal,Weekly,True,False,False,7.0,Promotion-led growth,3.142857142857143
1202,27,25-34,Male,Shoes,Footwear,61,Illinois,Summer,3.1,No,2-Day Shipping,Yes,46,Venmo,Fortnightly,True,False,True,14.0,Loyal high-value,4.357142857142857
1203,48,35-49,Male,Scarf,Accessories,29,Maryland,Spring,2.9,No,Standard,Yes,14,Venmo,Every 3 Months,True,False,True,90.0,Promotion-led growth,0.32222222222222224
1204,40,35-49,Male,Sneakers,Footwear,82,Minnesota,Winter,3.7,No,Free Shipping,Yes,23,Bank Transfer,Annually,True,False,True,30.0,New or occasional,2.7333333333333334
1205,67,50+,Male,Belt,Accessories,94,Florida,Spring,3.2,No,2-Day Shipping,Yes,20,Credit Card,Every 3 Months,True,False,True,90.0,New or occasional,1.0444444444444445
1206,52,50+,Male,Handbag,Accessories,99,California,Spring,3.5,No,Standard,Yes,38,Bank Transfer,Fortnightly,True,False,True,14.0,Loyal high-value,7.071428571428571
1207,22,Under 25,Male,Handbag,Accessories,59,Mississippi,Fall,3.0,No,Free Shipping,Yes,16,Venmo,Every 3 Months,True,False,True,90.0,Promotion-led growth,0.6555555555555556
1208,62,50+,Male,Boots,Footwear,90,Washington,Summer,4.1,No,Next Day Air,Yes,48,Credit Card,Every 3 Months,True,False,True,90.0,Loyal high-value,1.0
1209,20,Under 25,Male,Boots,Footwear,100,Wisconsin,Winter,3.8,No,2-Day Shipping,Yes,8,Debit Card,Annually,True,False,False,30.0,New or occasional,3.3333333333333335
1210,41,35-49,Male,Pants,Clothing,62,Pennsylvania,Winter,3.8,No,Next Day Air,Yes,16,Bank Transfer,Monthly,True,False,True,30.0,New or occasional,2.066666666666667
1211,34,25-34,Male,Sunglasses,Accessories,78,Missouri,Fall,4.1,No,Next Day Air,Yes,5,Cash,Quarterly,True,False,False,90.0,New or occasional,0.8666666666666667
1212,23,Under 25,Male,Hoodie,Clothing,94,Oklahoma,Spring,4.6,No,Store Pickup,Yes,14,Venmo,Every 3 Months,True,False,True,90.0,New or occasional,1.0444444444444445
1213,32,25-34,Male,Shoes,Footwear,74,Pennsylvania,Summer,2.5,No,Free Shipping,Yes,18,Credit Card,Weekly,True,False,True,7.0,New or occasional,10.571428571428571
1214,68,50+,Male,Handbag,Accessories,52,Kentucky,Spring,3.7,No,Express,Yes,14,Debit Card,Every 3 Months,True,False,True,90.0,Promotion-led growth,0.5777777777777777
1215,30,25-34,Male,Jacket,Outerwear,81,Vermont,Fall,3.8,No,Free Shipping,Yes,5,Cash,Every 3 Months,True,False,False,90.0,New or occasional,0.9
1216,66,50+,Male,Blouse,Clothing,20,Oregon,Winter,2.6,No,2-Day Shipping,Yes,15,Credit Card,Every 3 Months,True,False,True,90.0,Promotion-led growth,0.2222222222222222
1217,62,50+,Male,Pants,Clothing,32,Utah,Summer,3.7,No,Free Shipping,Yes,3,Venmo,Every 3 Months,True,False,False,90.0,Promotion-led growth,0.35555555555555557
1218,50,50+,Male,Boots,Footwear,63,Nebraska,Fall,2.6,No,Free Shipping,Yes,12,Cash,Every 3 Months,True,False,True,90.0,New or occasional,0.7
1219,55,50+,Male,Boots,Footwear,79,Pennsylvania,Spring,3.1,No,Store Pickup,Yes,43,Cash,Every 3 Months,True,False,True,90.0,Loyal high-value,0.8777777777777778
1220,19,Under 25,Male,Sweater,Clothing,23,Vermont,Winter,2.5,No,Next Day Air,Yes,35,Credit Card,Bi-Weekly,True,False,True,14.0,Promotion-led growth,1.6428571428571428
1221,67,50+,Male,Gloves,Accessories,64,Kentucky,Winter,3.8,No,Express,Yes,36,Bank Transfer,Quarterly,True,False,True,90.0,Loyal high-value,0.7111111111111111
1222,18,Under 25,Male,Socks,Clothing,69,Iowa,Winter,4.5,No,Standard,Yes,3,Cash,Quarterly,True,False,False,90.0,New or occasional,0.7666666666666667
1223,58,50+,Male,Jeans,Clothing,69,Indiana,Fall,3.4,No,Store Pickup,Yes,27,Bank Transfer,Annually,True,False,True,30.0,Loyal high-value,2.3
1224,69,50+,Male,Pants,Clothing,24,Kansas,Winter,3.9,No,Free Shipping,Yes,21,Bank Transfer,Weekly,True,False,True,7.0,Promotion-led growth,3.4285714285714284
1225,62,50+,Male,Shorts,Clothing,50,Illinois,Summer,3.7,No,Store Pickup,Yes,18,Venmo,Weekly,True,False,True,7.0,Promotion-led growth,7.142857142857143
1226,28,25-34,Male,Gloves,Accessories,97,North Carolina,Fall,2.6,No,Free Shipping,Yes,16,Debit Card,Weekly,True,False,True,7.0,New or occasional,13.857142857142858
1227,53,50+,Male,Sandals,Footwear,91,Ohio,Fall,3.4,No,Store Pickup,Yes,18,Venmo,Bi-Weekly,True,False,True,14.0,New or occasional,6.5
1228,27,25-34,Male,Blouse,Clothing,37,Illinois,Spring,4.9,No,Store Pickup,Yes,19,Bank Transfer,Bi-Weekly,True,False,True,14.0,Promotion-led growth,2.642857142857143
1229,55,50+,Male,Jacket,Outerwear,55,Indiana,Winter,3.9,No,Express,Yes,1,Cash,Annually,True,False,False,30.0,Promotion-led growth,1.8333333333333333
1230,34,25-34,Male,Jewelry,Accessories,52,Kansas,Winter,3.6,No,Express,Yes,39,Bank Transfer,Annually,True,False,True,30.0,Promotion-led growth,1.7333333333333334
1231,25,25-34,Male,Hat,Accessories,80,Illinois,Spring,3.8,No,Standard,Yes,49,Venmo,Monthly,True,False,True,30.0,Loyal high-value,2.6666666666666665
1232,66,50+,Male,Socks,Clothing,79,Pennsylvania,Spring,4.0,No,2-Day Shipping,Yes,43,Credit Card,Fortnightly,True,False,True,14.0,Loyal high-value,5.642857142857143
1233,57,50+,Male,Handbag,Accessories,23,New York,Summer,3.6,No,Free Shipping,Yes,31,Debit Card,Every 3 Months,True,False,True,90.0,Promotion-led growth,0.25555555555555554
1234,46,35-49,Male,Pants,Clothing,73,Utah,Winter,3.5,No,Next Day Air,Yes,40,Venmo,Every 3 Months,True,False,True,90.0,Loyal high-value,0.8111111111111111
1235,38,35-49,Male,Gloves,Accessories,99,New Jersey,Fall,4.1,No,Store Pickup,Yes,2,Bank Transfer,Bi-Weekly,True,False,False,14.0,New or occasional,7.071428571428571
1236,23,Under 25,Male,Sweater,Clothing,22,Idaho,Spring,3.0,No,Store Pickup,Yes,46,PayPal,Every 3 Months,True,False,True,90.0,Promotion-led growth,0.24444444444444444
1237,42,35-49,Male,Hat,Accessories,68,New Mexico,Summer,4.4,No,Store Pickup,Yes,35,Debit Card,Every 3 Months,True,False,True,90.0,Loyal high-value,0.7555555555555555
1238,25,25-34,Male,Dress,Clothing,92,Michigan,Spring,4.4,No,2-Day Shipping,Yes,42,Credit Card,Quarterly,True,False,True,90.0,Loyal high-value,1.0222222222222221
1239,55,50+,Male,Pants,Clothing,77,Wyoming,Winter,3.7,No,Express,Yes,3,Venmo,Fortnightly,True,False,False,14.0,New or occasional,5.5
1240,62,50+,Male,Coat,Outerwear,37,New Jersey,Spring,4.8,No,Standard,Yes,32,Debit Card,Every 3 Months,True,False,True,90.0,Promotion-led growth,0.4111111111111111
1241,41,35-49,Male,Scarf,Accessories,79,New Jersey,Winter,2.9,No,Store Pickup,Yes,48,Debit Card,Annually,True,False,True,30.0,Loyal high-value,2.6333333333333333
1242,58,50+,Male,Hoodie,Clothing,51,Hawaii,Winter,3.1,No,Express,Yes,34,Credit Card,Weekly,True,False,True,7.0,Promotion-led growth,7.285714285714286
1243,56,50+,Male,Socks,Clothing,27,Nevada,Summer,4.0,No,Next Day Air,Yes,15,Bank Transfer,Quarterly,True,False,True,90.0,Promotion-led growth,0.3
1244,25,25-34,Male,Blouse,Clothing,23,New Hampshire,Spring,3.0,No,Store Pickup,Yes,22,Debit Card,Annually,True,False,True,30.0,Promotion-led growth,0.7666666666666667
1245,70,50+,Male,Socks,Clothing,76,Indiana,Summer,3.9,No,2-Day Shipping,Yes,2,Cash,Monthly,True,False,False,30.0,New or occasional,2.533333333333333
1246,42,35-49,Male,Dress,Clothing,31,New York,Fall,3.4,No,Standard,Yes,30,Bank Transfer,Weekly,True,False,True,7.0,Promotion-led growth,4.428571428571429
1247,27,25-34,Male,Hoodie,Clothing,60,Louisiana,Winter,2.7,No,Standard,Yes,27,Cash,Monthly,True,False,True,30.0,Loyal high-value,2.0
1248,65,50+,Male,T-shirt,Clothing,99,Virginia,Spring,3.7,No,Express,Yes,18,Venmo,Bi-Weekly,True,False,True,14.0,New or occasional,7.071428571428571
1249,62,50+,Male,Hat,Accessories,37,Wisconsin,Winter,3.0,No,Free Shipping,Yes,8,Credit Card,Annually,True,False,False,30.0,Promotion-led growth,1.2333333333333334
1250,62,50+,Male,Boots,Footwear,50,Oregon,Winter,4.5,No,Express,Yes,48,Venmo,Fortnightly,True,False,True,14.0,Promotion-led growth,3.5714285714285716
1251,52,50+,Male,Jeans,Clothing,26,New Hampshire,Winter,4.1,No,Free Shipping,Yes,24,Cash,Monthly,True,False,True,30.0,Promotion-led growth,0.8666666666666667
1252,56,50+,Male,Shorts,Clothing,86,Indiana,Spring,5.0,No,Next Day Air,Yes,43,Credit Card,Monthly,True,False,True,30.0,Loyal high-value,2.8666666666666667
1253,28,25-34,Male,Sandals,Footwear,41,Massachusetts,Fall,4.0,No,Standard,Yes,8,Cash,Quarterly,True,False,False,90.0,Promotion-led growth,0.45555555555555555
1254,39,35-49,Male,Sandals,Footwear,23,Montana,Winter,4.9,No,Express,Yes,49,PayPal,Annually,True,False,True,30.0,Promotion-led growth,0.7666666666666667
1255,54,50+,Male,Sneakers,Footwear,56,California,Spring,3.3,No,2-Day Shipping,Yes,2,Credit Card,Bi-Weekly,True,False,False,14.0,Promotion-led growth,4.0
1256,30,25-34,Male,Hat,Accessories,68,Indiana,Fall,4.1,No,Standard,Yes,38,Cash,Fortnightly,True,False,True,14.0,Loyal high-value,4.857142857142857
1257,45,35-49,Male,Coat,Outerwear,48,West Virginia,Winter,3.6,No,Express,Yes,4,Cash,Fortnightly,True,False,False,14.0,Promotion-led growth,3.4285714285714284
1258,68,50+,Male,Dress,Clothing,67,Minnesota,Spring,3.0,No,Free Shipping,Yes,31,Cash,Every 3 Months,True,False,True,90.0,Loyal high-value,0.7444444444444445
1259,47,35-49,Male,Boots,Footwear,87,Ohio,Spring,4.1,No,2-Day Shipping,Yes,34,Debit Card,Every 3 Months,True,False,True,90.0,Loyal high-value,0.9666666666666667
1260,68,50+,Male,Skirt,Clothing,64,Minnesota,Fall,3.9,No,Standard,Yes,45,Credit Card,Monthly,True,False,True,30.0,Loyal high-value,2.1333333333333333
1261,63,50+,Male,Shirt,Clothing,93,Virginia,Spring,4.1,No,Store Pickup,Yes,30,Debit Card,Quarterly,True,False,True,90.0,Loyal high-value,1.0333333333333334
1262,20,Under 25,Male,Shirt,Clothing,29,Connecticut,Summer,2.8,No,Next Day Air,Yes,2,Credit Card,Fortnightly,True,False,False,14.0,Promotion-led growth,2.0714285714285716
1263,29,25-34,Male,Boots,Footwear,62,Tennessee,Winter,4.8,No,Store Pickup,Yes,44,Venmo,Monthly,True,False,True,30.0,Loyal high-value,2.066666666666667
1264,41,35-49,Male,Hoodie,Clothing,70,Delaware,Winter,4.6,No,2-Day Shipping,Yes,1,Credit Card,Bi-Weekly,True,False,False,14.0,New or occasional,5.0
1265,52,50+,Male,Sweater,Clothing,92,Vermont,Winter,2.5,No,Next Day Air,Yes,1,Venmo,Bi-Weekly,True,False,False,14.0,New or occasional,6.571428571428571
1266,32,25-34,Male,Shirt,Clothing,79,Louisiana,Spring,2.7,No,Next Day Air,Yes,27,Bank Transfer,Weekly,True,False,True,7.0,Loyal high-value,11.285714285714286
1267,20,Under 25,Male,Blouse,Clothing,31,North Dakota,Fall,4.0,No,Standard,Yes,14,Debit Card,Every 3 Months,True,False,True,90.0,Promotion-led growth,0.34444444444444444
1268,47,35-49,Male,T-shirt,Clothing,83,Oregon,Spring,2.7,No,Standard,Yes,41,Cash,Weekly,True,False,True,7.0,Loyal high-value,11.857142857142858
1269,23,Under 25,Male,Jacket,Outerwear,88,Idaho,Winter,2.9,No,Next Day Air,Yes,25,Debit Card,Bi-Weekly,True,False,True,14.0,Loyal high-value,6.285714285714286
1270,43,35-49,Male,Jewelry,Accessories,53,Vermont,Spring,3.0,No,Standard,Yes,47,PayPal,Quarterly,True,False,True,90.0,Promotion-led growth,0.5888888888888889
1271,67,50+,Male,Hoodie,Clothing,98,West Virginia,Fall,3.3,No,Standard,Yes,20,Cash,Annually,True,False,True,30.0,New or occasional,3.2666666666666666
1272,70,50+,Male,Jewelry,Accessories,57,Kentucky,Spring,4.3,No,Store Pickup,Yes,42,PayPal,Annually,True,False,True,30.0,Promotion-led growth,1.9
1273,35,35-49,Male,Sandals,Footwear,80,Wisconsin,Winter,4.4,No,Express,Yes,16,Bank Transfer,Monthly,True,False,True,30.0,New or occasional,2.6666666666666665
1274,41,35-49,Male,Jeans,Clothing,29,Mississippi,Spring,4.1,No,Next Day Air,Yes,32,Credit Card,Every 3 Months,True,False,True,90.0,Promotion-led growth,0.32222222222222224
1275,54,50+,Male,Hat,Accessories,73,Missouri,Spring,3.1,No,2-Day Shipping,Yes,37,PayPal,Quarterly,True,False,True,90.0,Loyal high-value,0.8111111111111111
1276,55,50+,Male,Sweater,Clothing,32,Arkansas,Fall,4.5,No,Standard,Yes,1,PayPal,Monthly,True,False,False,30.0,Promotion-led growth,1.0666666666666667
1277,51,50+,Male,Boots,Footwear,68,Wyoming,Spring,4.8,No,Next Day Air,Yes,37,Bank Transfer,Weekly,True,False,True,7.0,Loyal high-value,9.714285714285714
1278,19,Under 25,Male,Blouse,Clothing,97,Rhode Island,Spring,5.0,No,Express,Yes,5,Venmo,Quarterly,True,False,False,90.0,New or occasional,1.0777777777777777
1279,28,25-34,Male,Shorts,Clothing,98,Utah,Fall,2.8,No,Next Day Air,Yes,31,Venmo,Fortnightly,True,False,True,14.0,Loyal high-value,7.0
1280,63,50+,Male,Hoodie,Clothing,56,Maryland,Fall,3.7,No,Express,Yes,18,Debit Card,Annually,True,False,True,30.0,Promotion-led growth,1.8666666666666667
1281,30,25-34,Male,Pants,Clothing,78,Georgia,Winter,4.4,No,2-Day Shipping,Yes,39,Venmo,Every 3 Months,True,False,True,90.0,Loyal high-value,0.8666666666666667
1282,29,25-34,Male,Belt,Accessories,81,New Jersey,Spring,4.5,No,Store Pickup,Yes,8,Venmo,Bi-Weekly,True,False,False,14.0,New or occasional,5.785714285714286
1283,24,Under 25,Male,Shirt,Clothing,68,New Hampshire,Winter,3.0,No,Free Shipping,Yes,20,Venmo,Monthly,True,False,True,30.0,New or occasional,2.2666666666666666
1284,69,50+,Male,Shirt,Clothing,94,Oregon,Winter,3.9,No,2-Day Shipping,Yes,23,Debit Card,Every 3 Months,True,False,True,90.0,New or occasional,1.0444444444444445
1285,65,50+,Male,Dress,Clothing,93,Arkansas,Spring,3.9,No,Express,Yes,38,PayPal,Fortnightly,True,False,True,14.0,Loyal high-value,6.642857142857143
1286,64,50+,Male,Gloves,Accessories,99,North Carolina,Fall,3.5,No,Next Day Air,Yes,45,Bank Transfer,Fortnightly,True,False,True,14.0,Loyal high-value,7.071428571428571
1287,40,35-49,Male,Gloves,Accessories,49,West Virginia,Winter,4.9,No,Next Day Air,Yes,44,Debit Card,Fortnightly,True,False,True,14.0,Promotion-led growth,3.5
1288,24,Under 25,Male,Jeans,Clothing,28,Utah,Winter,3.4,No,Standard,Yes,20,PayPal,Monthly,True,False,True,30.0,Promotion-led growth,0.9333333333333333
1289,66,50+,Male,Belt,Accessories,93,South Dakota,Winter,4.1,No,Standard,Yes,34,PayPal,Bi-Weekly,True,False,True,14.0,Loyal high-value,6.642857142857143
1290,35,35-49,Male,Jacket,Outerwear,24,New Hampshire,Fall,2.9,No,Next Day Air,Yes,10,PayPal,Weekly,True,False,True,7.0,Promotion-led growth,3.4285714285714284
1291,67,50+,Male,Skirt,Clothing,35,Maryland,Spring,3.4,No,Free Shipping,Yes,3,PayPal,Annually,True,False,False,30.0,Promotion-led growth,1.1666666666666667
1292,69,50+,Male,Sandals,Footwear,68,South Dakota,Spring,3.2,No,2-Day Shipping,Yes,23,Debit Card,Fortnightly,True,False,True,14.0,New or occasional,4.857142857142857
1293,26,25-34,Male,Belt,Accessories,61,Kentucky,Summer,3.8,No,Free Shipping,Yes,42,Bank Transfer,Annually,True,False,True,30.0,Loyal high-value,2.033333333333333
1294,23,Under 25,Male,Sweater,Clothing,74,Florida,Fall,4.1,No,Standard,Yes,30,Debit Card,Annually,True,False,True,30.0,Loyal high-value,2.466666666666667
1295,27,25-34,Male,Shirt,Clothing,64,Texas,Summer,4.5,No,Standard,Yes,21,Cash,Every 3 Months,True,False,True,90.0,New or occasional,0.7111111111111111
1296,30,25-34,Male,Sneakers,Footwear,60,New Mexico,Fall,2.8,No,Standard,Yes,50,PayPal,Weekly,True,False,True,7.0,Loyal high-value,8.571428571428571
1297,48,35-49,Male,Jeans,Clothing,29,South Dakota,Spring,2.8,No,Express,Yes,16,Cash,Bi-Weekly,True,False,True,14.0,Promotion-led growth,2.0714285714285716
1298,44,35-49,Male,Sandals,Footwear,85,New Jersey,Summer,4.6,No,Standard,Yes,32,Venmo,Annually,True,False,True,30.0,Loyal high-value,2.8333333333333335
1299,29,25-34,Male,Pants,Clothing,81,Indiana,Summer,3.0,No,Free Shipping,Yes,14,Bank Transfer,Fortnightly,True,False,True,14.0,New or occasional,5.785714285714286
1300,29,25-34,Male,Belt,Accessories,23,Louisiana,Fall,3.6,No,2-Day Shipping,Yes,42,Venmo,Bi-Weekly,True,False,True,14.0,Promotion-led growth,1.6428571428571428
1301,67,50+,Male,T-shirt,Clothing,100,West Virginia,Spring,4.5,No,Next Day Air,Yes,47,Credit Card,Every 3 Months,True,False,True,90.0,Loyal high-value,1.1111111111111112
1302,42,35-49,Male,Shirt,Clothing,54,Maine,Fall,5.0,No,Express,Yes,21,Debit Card,Weekly,True,False,True,7.0,Promotion-led growth,7.714285714285714
1303,23,Under 25,Male,Sneakers,Footwear,25,Idaho,Fall,2.9,No,Next Day Air,Yes,37,Credit Card,Monthly,True,False,True,30.0,Promotion-led growth,0.8333333333333334
1304,34,25-34,Male,Blouse,Clothing,32,New York,Summer,3.1,No,Next Day Air,Yes,10,Credit Card,Annually,True,False,True,30.0,Promotion-led growth,1.0666666666666667
1305,64,50+,Male,Backpack,Accessories,63,Montana,Spring,4.0,No,2-Day Shipping,Yes,18,PayPal,Every 3 Months,True,False,True,90.0,New or occasional,0.7
1306,31,25-34,Male,Pants,Clothing,56,Mississippi,Spring,4.5,No,Express,Yes,2,PayPal,Every 3 Months,True,False,False,90.0,Promotion-led growth,0.6222222222222222
1307,54,50+,Male,Sweater,Clothing,33,Alaska,Winter,4.5,No,Next Day Air,Yes,40,PayPal,Annually,True,False,True,30.0,Promotion-led growth,1.1
1308,23,Under 25,Male,Coat,Outerwear,32,Missouri,Summer,3.1,No,Express,Yes,43,PayPal,Annually,True,False,True,30.0,Promotion-led growth,1.0666666666666667
1309,59,50+,Male,Dress,Clothing,38,Rhode Island,Summer,4.4,No,Next Day Air,Yes,14,Credit Card,Every 3 Months,True,False,True,90.0,Promotion-led growth,0.4222222222222222
1310,32,25-34,Male,Blouse,Clothing,21,Hawaii,Summer,4.7,No,Store Pickup,Yes,41,Cash,Quarterly,True,False,True,90.0,Promotion-led growth,0.23333333333333334
1311,43,35-49,Male,Hoodie,Clothing,59,South Carolina,Winter,3.1,No,Store Pickup,Yes,38,Credit Card,Every 3 Months,True,False,True,90.0,Promotion-led growth,0.6555555555555556
1312,32,25-34,Male,Shoes,Footwear,87,Tennessee,Fall,4.2,No,Express,Yes,12,Venmo,Annually,True,False,True,30.0,New or occasional,2.9
1313,66,50+,Male,T-shirt,Clothing,79,Missouri,Winter,3.0,No,Store Pickup,Yes,19,Bank Transfer,Monthly,True,False,True,30.0,New or occasional,2.6333333333333333
1314,70,50+,Male,Shoes,Footwear,28,Missouri,Summer,3.8,No,Free Shipping,Yes,23,Credit Card,Bi-Weekly,True,False,True,14.0,Promotion-led growth,2.0
1315,42,35-49,Male,Boots,Footwear,67,Missouri,Summer,3.4,No,Free Shipping,Yes,49,Debit Card,Annually,True,False,True,30.0,Loyal high-value,2.2333333333333334
1316,56,50+,Male,Shorts,Clothing,75,Mississippi,Spring,4.2,No,2-Day Shipping,Yes,29,Debit Card,Quarterly,True,False,True,90.0,Loyal high-value,0.8333333333333334
1317,28,25-34,Male,Belt,Accessories,32,Arkansas,Spring,4.6,No,Standard,Yes,14,Debit Card,Bi-Weekly,True,False,True,14.0,Promotion-led growth,2.2857142857142856
1318,28,25-34,Male,Pants,Clothing,43,Kentucky,Spring,2.8,No,Free Shipping,Yes,19,Cash,Monthly,True,False,True,30.0,Promotion-led growth,1.4333333333333333
1319,52,50+,Male,Shorts,Clothing,93,Connecticut,Spring,2.7,No,Express,Yes,19,Credit Card,Bi-Weekly,True,False,True,14.0,New or occasional,6.642857142857143
1320,65,50+,Male,Sunglasses,Accessories,24,Oklahoma,Spring,4.0,No,Standard,Yes,48,Bank Transfer,Weekly,True,False,True,7.0,Promotion-led growth,3.4285714285714284
1321,56,50+,Male,Hat,Accessories,31,California,Fall,3.1,No,Free Shipping,Yes,19,Debit Card,Annually,True,False,True,30.0,Promotion-led growth,1.0333333333333334
1322,59,50+,Male,T-shirt,Clothing,84,Missouri,Winter,3.7,No,Express,Yes,45,Bank Transfer,Every 3 Months,True,False,True,90.0,Loyal high-value,0.9333333333333333
1323,23,Under 25,Male,Pants,Clothing,74,Washington,Winter,4.0,No,Next Day Air,Yes,17,Bank Transfer,Quarterly,True,False,True,90.0,New or occasional,0.8222222222222222
1324,58,50+,Male,Shorts,Clothing,62,New York,Spring,4.6,No,Standard,Yes,15,Debit Card,Every 3 Months,True,False,True,90.0,New or occasional,0.6888888888888889
1325,39,35-49,Male,Jewelry,Accessories,77,Indiana,Summer,3.8,No,Free Shipping,Yes,11,Credit Card,Fortnightly,True,False,True,14.0,New or occasional,5.5
1326,28,25-34,Male,Backpack,Accessories,73,Oregon,Summer,3.5,No,Express,Yes,1,Cash,Monthly,True,False,False,30.0,New or occasional,2.433333333333333
1327,40,35-49,Male,Shoes,Footwear,50,Texas,Spring,3.8,No,Free Shipping,Yes,17,Cash,Monthly,True,False,True,30.0,Promotion-led growth,1.6666666666666667
1328,52,50+,Male,Coat,Outerwear,40,Florida,Winter,2.8,No,Standard,Yes,37,Cash,Weekly,True,False,True,7.0,Promotion-led growth,5.714285714285714
1329,37,35-49,Male,Sweater,Clothing,97,Rhode Island,Winter,3.7,No,Standard,Yes,40,Bank Transfer,Weekly,True,False,True,7.0,Loyal high-value,13.857142857142858
1330,70,50+,Male,Gloves,Accessories,63,Texas,Fall,3.3,No,Express,Yes,50,PayPal,Every 3 Months,True,False,True,90.0,Loyal high-value,0.7
1331,30,25-34,Male,Handbag,Accessories,65,Vermont,Fall,2.9,No,Standard,Yes,20,PayPal,Bi-Weekly,True,False,True,14.0,New or occasional,4.642857142857143
1332,38,35-49,Male,Socks,Clothing,91,Maryland,Spring,3.2,No,Standard,Yes,8,PayPal,Bi-Weekly,True,False,False,14.0,New or occasional,6.5
1333,66,50+,Male,Hoodie,Clothing,60,Alaska,Spring,4.3,No,Store Pickup,Yes,16,Bank Transfer,Quarterly,True,False,True,90.0,New or occasional,0.6666666666666666
1334,29,25-34,Male,Pants,Clothing,69,Idaho,Winter,2.7,No,Next Day Air,Yes,9,Bank Transfer,Quarterly,True,False,False,90.0,New or occasional,0.7666666666666667
1335,46,35-49,Male,Coat,Outerwear,52,West Virginia,Spring,3.8,No,Store Pickup,Yes,12,Venmo,Monthly,True,False,True,30.0,Promotion-led growth,1.7333333333333334
1336,56,50+,Male,Boots,Footwear,49,Nevada,Fall,4.8,No,2-Day Shipping,Yes,26,Credit Card,Weekly,True,False,True,7.0,Promotion-led growth,7.0
1337,23,Under 25,Male,Sneakers,Footwear,85,Oregon,Spring,4.8,No,Store Pickup,Yes,44,Debit Card,Fortnightly,True,False,True,14.0,Loyal high-value,6.071428571428571
1338,37,35-49,Male,Sweater,Clothing,86,Tennessee,Spring,3.4,No,Express,Yes,19,Credit Card,Bi-Weekly,True,False,True,14.0,New or occasional,6.142857142857143
1339,56,50+,Male,Handbag,Accessories,51,Alabama,Winter,2.6,No,Standard,Yes,43,PayPal,Fortnightly,True,False,True,14.0,Promotion-led growth,3.642857142857143
1340,36,35-49,Male,Belt,Accessories,56,Indiana,Winter,5.0,No,Next Day Air,Yes,5,Bank Transfer,Every 3 Months,True,False,False,90.0,Promotion-led growth,0.6222222222222222
1341,40,35-49,Male,Belt,Accessories,72,Idaho,Fall,4.4,No,Next Day Air,Yes,5,Debit Card,Every 3 Months,True,False,False,90.0,New or occasional,0.8
1342,26,25-34,Male,Hoodie,Clothing,27,Rhode Island,Fall,3.7,No,Standard,Yes,31,Bank Transfer,Quarterly,True,False,True,90.0,Promotion-led growth,0.3
1343,57,50+,Male,Sunglasses,Accessories,43,Arizona,Summer,3.4,No,2-Day Shipping,Yes,11,Bank Transfer,Monthly,True,False,True,30.0,Promotion-led growth,1.4333333333333333
1344,68,50+,Male,Sneakers,Footwear,56,Florida,Spring,3.4,No,Standard,Yes,34,Bank Transfer,Monthly,True,False,True,30.0,Promotion-led growth,1.8666666666666667
1345,56,50+,Male,T-shirt,Clothing,37,New York,Fall,4.9,No,Next Day Air,Yes,14,Cash,Annually,True,False,True,30.0,Promotion-led growth,1.2333333333333334
1346,40,35-49,Male,Dress,Clothing,21,Nebraska,Fall,3.6,No,Standard,Yes,42,Venmo,Weekly,True,False,True,7.0,Promotion-led growth,3.0
1347,44,35-49,Male,Hoodie,Clothing,91,Mississippi,Winter,3.0,No,Free Shipping,Yes,15,Venmo,Bi-Weekly,True,False,True,14.0,New or occasional,6.5
1348,44,35-49,Male,Sweater,Clothing,95,Vermont,Summer,3.9,No,2-Day Shipping,Yes,47,Bank Transfer,Monthly,True,False,True,30.0,Loyal high-value,3.1666666666666665
1349,19,Under 25,Male,Belt,Accessories,54,Nebraska,Spring,3.2,No,Standard,Yes,23,Credit Card,Fortnightly,True,False,True,14.0,Promotion-led growth,3.857142857142857
1350,21,Under 25,Male,Socks,Clothing,36,South Carolina,Spring,3.2,No,Next Day Air,Yes,23,Cash,Bi-Weekly,True,False,True,14.0,Promotion-led growth,2.5714285714285716
1351,31,25-34,Male,Sunglasses,Accessories,71,Delaware,Fall,4.3,No,Next Day Air,Yes,1,Cash,Every 3 Months,True,False,False,90.0,New or occasional,0.7888888888888889
1352,30,25-34,Male,Coat,Outerwear,31,Vermont,Summer,2.8,No,2-Day Shipping,Yes,28,Bank Transfer,Quarterly,True,False,True,90.0,Promotion-led growth,0.34444444444444444
1353,65,50+,Male,Hat,Accessories,89,Indiana,Spring,4.5,No,Next Day Air,Yes,37,Credit Card,Bi-Weekly,True,False,True,14.0,Loyal high-value,6.357142857142857
1354,39,35-49,Male,Pants,Clothing,83,Oregon,Winter,4.1,No,Next Day Air,Yes,4,Cash,Every 3 Months,True,False,False,90.0,New or occasional,0.9222222222222223
1355,64,50+,Male,Backpack,Accessories,42,Maryland,Spring,3.6,No,2-Day Shipping,Yes,21,Bank Transfer,Quarterly,True,False,True,90.0,Promotion-led growth,0.4666666666666667
1356,59,50+,Male,Shorts,Clothing,91,Florida,Summer,3.0,No,2-Day Shipping,Yes,50,PayPal,Bi-Weekly,True,False,True,14.0,Loyal high-value,6.5
1357,49,35-49,Male,Jacket,Outerwear,61,Indiana,Spring,4.0,No,Free Shipping,Yes,34,Bank Transfer,Annually,True,False,True,30.0,Loyal high-value,2.033333333333333
1358,24,Under 25,Male,Backpack,Accessories,66,Texas,Summer,3.5,No,Next Day Air,Yes,20,Cash,Quarterly,True,False,True,90.0,New or occasional,0.7333333333333333
1359,19,Under 25,Male,Scarf,Accessories,22,Nebraska,Spring,2.5,No,Store Pickup,Yes,25,Venmo,Every 3 Months,True,False,True,90.0,Promotion-led growth,0.24444444444444444
1360,27,25-34,Male,Hoodie,Clothing,68,North Carolina,Winter,4.3,No,Store Pickup,Yes,26,Bank Transfer,Fortnightly,True,False,True,14.0,Loyal high-value,4.857142857142857
1361,56,50+,Male,Skirt,Clothing,43,Alabama,Fall,2.8,No,Express,Yes,4,Bank Transfer,Annually,True,False,False,30.0,Promotion-led growth,1.4333333333333333
1362,49,35-49,Male,Dress,Clothing,32,Alabama,Fall,3.7,No,Next Day Air,Yes,39,Debit Card,Monthly,True,False,True,30.0,Promotion-led growth,1.0666666666666667
1363,41,35-49,Male,Coat,Outerwear,46,Colorado,Fall,4.3,No,Express,Yes,29,Cash,Weekly,True,False,True,7.0,Promotion-led growth,6.571428571428571
1364,36,35-49,Male,Blouse,Clothing,90,Wisconsin,Summer,4.0,No,Express,Yes,47,PayPal,Quarterly,True,False,True,90.0,Loyal high-value,1.0
1365,68,50+,Male,Hat,Accessories,75,Delaware,Fall,4.7,No,Express,Yes,5,Cash,Every 3 Months,True,False,False,90.0,New or occasional,0.8333333333333334
1366,28,25-34,Male,Handbag,Accessories,69,Indiana,Winter,4.5,No,Store Pickup,Yes,18,Bank Transfer,Fortnightly,True,False,True,14.0,New or occasional,4.928571428571429
1367,45,35-49,Male,Belt,Accessories,40,Iowa,Fall,3.1,No,Free Shipping,Yes,10,Credit Card,Fortnightly,True,False,True,14.0,Promotion-led growth,2.857142857142857
1368,60,50+,Male,Belt,Accessories,63,Iowa,Fall,3.8,No,Express,Yes,25,Cash,Quarterly,True,False,True,90.0,Loyal high-value,0.7
1369,21,Under 25,Male,Shirt,Clothing,36,Wisconsin,Summer,4.9,No,Express,Yes,2,Cash,Weekly,True,False,False,7.0,Promotion-led growth,5.142857142857143
1370,32,25-34,Male,Shoes,Footwear,75,Iowa,Winter,3.2,No,Standard,Yes,48,Venmo,Fortnightly,True,False,True,14.0,Loyal high-value,5.357142857142857
1371,27,25-34,Male,Scarf,Accessories,67,Montana,Summer,3.8,No,2-Day Shipping,Yes,41,Bank Transfer,Every 3 Months,True,False,True,90.0,Loyal high-value,0.7444444444444445
1372,40,35-49,Male,Pants,Clothing,64,Mississippi,Spring,2.8,No,Store Pickup,Yes,42,Credit Card,Monthly,True,False,True,30.0,Loyal high-value,2.1333333333333333
1373,64,50+,Male,Blouse,Clothing,61,Michigan,Fall,4.0,No,2-Day Shipping,Yes,44,PayPal,Bi-Weekly,True,False,True,14.0,Loyal high-value,4.357142857142857
1374,18,Under 25,Male,Gloves,Accessories,40,Virginia,Winter,2.6,No,Store Pickup,Yes,6,Cash,Quarterly,True,False,False,90.0,Promotion-led growth,0.4444444444444444
1375,22,Under 25,Male,Handbag,Accessories,97,New York,Fall,2.7,No,Free Shipping,Yes,5,Bank Transfer,Quarterly,True,False,False,90.0,New or occasional,1.0777777777777777
1376,42,35-49,Male,Sneakers,Footwear,31,Maine,Spring,4.1,No,2-Day Shipping,Yes,8,Credit Card,Annually,True,False,False,30.0,Promotion-led growth,1.0333333333333334
1377,57,50+,Male,Sandals,Footwear,65,New Jersey,Spring,5.0,No,Free Shipping,Yes,24,PayPal,Annually,True,False,True,30.0,New or occasional,2.1666666666666665
1378,33,25-34,Male,Sunglasses,Accessories,54,Maryland,Spring,3.0,No,Next Day Air,Yes,42,Venmo,Monthly,True,False,True,30.0,Promotion-led growth,1.8
1379,37,35-49,Male,Jacket,Outerwear,49,Kentucky,Fall,3.6,No,Free Shipping,Yes,24,Venmo,Weekly,True,False,True,7.0,Promotion-led growth,7.0
1380,21,Under 25,Male,T-shirt,Clothing,64,Minnesota,Fall,2.8,No,2-Day Shipping,Yes,38,Venmo,Bi-Weekly,True,False,True,14.0,Loyal high-value,4.571428571428571
1381,51,50+,Male,Sneakers,Footwear,35,Massachusetts,Winter,4.6,No,Standard,Yes,41,Cash,Fortnightly,True,False,True,14.0,Promotion-led growth,2.5
1382,30,25-34,Male,Shoes,Footwear,86,Illinois,Winter,2.9,No,Standard,Yes,48,Venmo,Quarterly,True,False,True,90.0,Loyal high-value,0.9555555555555556
1383,68,50+,Male,Jacket,Outerwear,55,Michigan,Winter,4.8,No,Express,Yes,16,Bank Transfer,Quarterly,True,False,True,90.0,Promotion-led growth,0.6111111111111112
1384,36,35-49,Male,Scarf,Accessories,58,Wisconsin,Spring,3.3,No,Express,Yes,4,Venmo,Monthly,True,False,False,30.0,Promotion-led growth,1.9333333333333333
1385,46,35-49,Male,Sneakers,Footwear,96,Alaska,Fall,4.6,No,Standard,Yes,8,Bank Transfer,Weekly,True,False,False,7.0,New or occasional,13.714285714285714
1386,41,35-49,Male,Jewelry,Accessories,64,Mississippi,Fall,2.6,No,Store Pickup,Yes,1,Bank Transfer,Bi-Weekly,True,False,False,14.0,New or occasional,4.571428571428571
1387,68,50+,Male,Jacket,Outerwear,56,Oregon,Fall,4.0,No,Next Day Air,Yes,4,Debit Card,Quarterly,True,False,False,90.0,Promotion-led growth,0.6222222222222222
1388,21,Under 25,Male,Blouse,Clothing,85,Maryland,Winter,3.8,No,Standard,Yes,20,Credit Card,Monthly,True,False,True,30.0,New or occasional,2.8333333333333335
1389,62,50+,Male,Dress,Clothing,23,Arkansas,Spring,3.9,No,Express,Yes,40,Cash,Quarterly,True,False,True,90.0,Promotion-led growth,0.25555555555555554
1390,59,50+,Male,Scarf,Accessories,72,Illinois,Fall,2.6,No,Store Pickup,Yes,8,Debit Card,Fortnightly,True,False,False,14.0,New or occasional,5.142857142857143
1391,25,25-34,Male,Hat,Accessories,38,Arkansas,Summer,4.3,No,Standard,Yes,42,Debit Card,Weekly,True,False,True,7.0,Promotion-led growth,5.428571428571429
1392,53,50+,Male,Blouse,Clothing,29,Mississippi,Winter,3.6,No,Express,Yes,38,Credit Card,Annually,True,False,True,30.0,Promotion-led growth,0.9666666666666667
1393,31,25-34,Male,Gloves,Accessories,46,Arkansas,Spring,4.2,No,Express,Yes,34,Venmo,Every 3 Months,True,False,True,90.0,Promotion-led growth,0.5111111111111111
1394,46,35-49,Male,Gloves,Accessories,58,Idaho,Spring,3.9,No,Express,Yes,14,PayPal,Fortnightly,True,False,True,14.0,Promotion-led growth,4.142857142857143
1395,26,25-34,Male,Coat,Outerwear,43,Iowa,Fall,4.7,No,Next Day Air,Yes,39,Cash,Weekly,True,False,True,7.0,Promotion-led growth,6.142857142857143
1396,47,35-49,Male,Scarf,Accessories,32,West Virginia,Spring,2.8,No,Next Day Air,Yes,40,PayPal,Bi-Weekly,True,False,True,14.0,Promotion-led growth,2.2857142857142856
1397,37,35-49,Male,Pants,Clothing,30,Wisconsin,Winter,3.0,No,Next Day Air,Yes,49,Debit Card,Monthly,True,False,True,30.0,Promotion-led growth,1.0
1398,55,50+,Male,Sunglasses,Accessories,67,Massachusetts,Summer,4.7,No,Store Pickup,Yes,33,PayPal,Annually,True,False,True,30.0,Loyal high-value,2.2333333333333334
1399,30,25-34,Male,Dress,Clothing,45,Texas,Summer,2.5,No,Free Shipping,Yes,25,Credit Card,Weekly,True,False,True,7.0,Promotion-led growth,6.428571428571429
1400,19,Under 25,Male,Hat,Accessories,81,Nebraska,Winter,3.1,No,Store Pickup,Yes,48,Venmo,Annually,True,False,True,30.0,Loyal high-value,2.7
1401,36,35-49,Male,Backpack,Accessories,23,Nevada,Fall,3.6,No,Next Day Air,Yes,22,Credit Card,Every 3 Months,True,False,True,90.0,Promotion-led growth,0.25555555555555554
1402,23,Under 25,Male,Sandals,Footwear,59,Indiana,Fall,3.5,No,2-Day Shipping,Yes,1,PayPal,Weekly,True,False,False,7.0,Promotion-led growth,8.428571428571429
1403,62,50+,Male,Sunglasses,Accessories,21,North Dakota,Summer,3.1,No,Express,Yes,47,PayPal,Monthly,True,False,True,30.0,Promotion-led growth,0.7
1404,26,25-34,Male,Backpack,Accessories,20,Georgia,Spring,3.6,No,Store Pickup,Yes,20,Credit Card,Bi-Weekly,True,False,True,14.0,Promotion-led growth,1.4285714285714286
1405,36,35-49,Male,Jewelry,Accessories,28,New Mexico,Winter,3.5,No,Next Day Air,Yes,10,Debit Card,Weekly,True,False,True,7.0,Promotion-led growth,4.0
1406,33,25-34,Male,Socks,Clothing,100,New Hampshire,Winter,2.7,No,Store Pickup,Yes,39,Credit Card,Monthly,True,False,True,30.0,Loyal high-value,3.3333333333333335
1407,32,25-34,Male,Shirt,Clothing,46,Washington,Spring,3.6,No,Express,Yes,15,Debit Card,Monthly,True,False,True,30.0,Promotion-led growth,1.5333333333333334
1408,56,50+,Male,Handbag,Accessories,61,Nevada,Spring,4.5,No,Express,Yes,11,Credit Card,Annually,True,False,True,30.0,New or occasional,2.033333333333333
1409,58,50+,Male,Blouse,Clothing,58,Maine,Winter,4.1,No,Free Shipping,Yes,38,Venmo,Weekly,True,False,True,7.0,Promotion-led growth,8.285714285714286
1410,34,25-34,Male,Backpack,Accessories,50,Idaho,Spring,4.2,No,Standard,Yes,41,Cash,Fortnightly,True,False,True,14.0,Promotion-led growth,3.5714285714285716
1411,61,50+,Male,Hat,Accessories,93,Tennessee,Summer,4.0,No,Store Pickup,Yes,18,Debit Card,Annually,True,False,True,30.0,New or occasional,3.1
1412,48,35-49,Male,Skirt,Clothing,24,Louisiana,Summer,2.8,No,Store Pickup,Yes,13,Venmo,Quarterly,True,False,True,90.0,Promotion-led growth,0.26666666666666666
1413,25,25-34,Male,Shorts,Clothing,100,Michigan,Summer,2.6,No,2-Day Shipping,Yes,43,Venmo,Annually,True,False,True,30.0,Loyal high-value,3.3333333333333335
1414,51,50+,Male,Blouse,Clothing,79,New Hampshire,Fall,2.7,No,Store Pickup,Yes,12,Bank Transfer,Quarterly,True,False,True,90.0,New or occasional,0.8777777777777778
1415,29,25-34,Male,Socks,Clothing,51,Minnesota,Summer,4.5,No,Store Pickup,Yes,3,Credit Card,Bi-Weekly,True,False,False,14.0,Promotion-led growth,3.642857142857143
1416,54,50+,Male,Belt,Accessories,90,Illinois,Winter,3.7,No,Free Shipping,Yes,12,Credit Card,Every 3 Months,True,False,True,90.0,New or occasional,1.0
1417,48,35-49,Male,Boots,Footwear,56,Idaho,Summer,3.4,No,Free Shipping,Yes,46,Cash,Quarterly,True,False,True,90.0,Promotion-led growth,0.6222222222222222
1418,62,50+,Male,Shorts,Clothing,25,Montana,Spring,4.6,No,Standard,Yes,21,Debit Card,Fortnightly,True,False,True,14.0,Promotion-led growth,1.7857142857142858
1419,18,Under 25,Male,Shirt,Clothing,75,Alabama,Summer,4.1,No,2-Day Shipping,Yes,23,Venmo,Every 3 Months,True,False,True,90.0,New or occasional,0.8333333333333334
1420,43,35-49,Male,Handbag,Accessories,75,Montana,Summer,2.6,No,Free Shipping,Yes,4,Debit Card,Quarterly,True,False,False,90.0,New or occasional,0.8333333333333334
1421,22,Under 25,Male,Jeans,Clothing,53,California,Summer,4.6,No,Store Pickup,Yes,45,PayPal,Every 3 Months,True,False,True,90.0,Promotion-led growth,0.5888888888888889
1422,68,50+,Male,Dress,Clothing,100,Pennsylvania,Spring,3.0,No,Standard,Yes,24,Bank Transfer,Fortnightly,True,False,True,14.0,New or occasional,7.142857142857143
1423,44,35-49,Male,Dress,Clothing,27,Texas,Fall,3.4,No,Free Shipping,Yes,3,PayPal,Bi-Weekly,True,False,False,14.0,Promotion-led growth,1.9285714285714286
1424,51,50+,Male,Sandals,Footwear,60,Michigan,Fall,3.5,No,Free Shipping,Yes,12,Venmo,Every 3 Months,True,False,True,90.0,New or occasional,0.6666666666666666
1425,66,50+,Male,Jacket,Outerwear,23,Connecticut,Fall,3.5,No,Standard,Yes,34,Bank Transfer,Every 3 Months,True,False,True,90.0,Promotion-led growth,0.25555555555555554
1426,59,50+,Male,Coat,Outerwear,40,Wyoming,Winter,3.7,No,Next Day Air,Yes,39,Credit Card,Annually,True,False,True,30.0,Promotion-led growth,1.3333333333333333
1427,60,50+,Male,Pants,Clothing,38,Michigan,Summer,4.8,No,Free Shipping,Yes,35,PayPal,Every 3 Months,True,False,True,90.0,Promotion-led growth,0.4222222222222222
1428,31,25-34,Male,Backpack,Accessories,90,South Dakota,Summer,4.9,No,Store Pickup,Yes,8,Credit Card,Annually,True,False,False,30.0,New or occasional,3.0
1429,20,Under 25,Male,Blouse,Clothing,97,North Dakota,Summer,4.9,No,Express,Yes,42,PayPal,Quarterly,True,False,True,90.0,Loyal high-value,1.0777777777777777
1430,24,Under 25,Male,Skirt,Clothing,38,Maryland,Fall,4.7,No,Standard,Yes,6,Credit Card,Every 3 Months,True,False,False,90.0,Promotion-led growth,0.4222222222222222
1431,48,35-49,Male,Sandals,Footwear,30,Michigan,Summer,4.9,No,Free Shipping,Yes,3,Credit Card,Fortnightly,True,False,False,14.0,Promotion-led growth,2.142857142857143
1432,39,35-49,Male,Pants,Clothing,88,South Dakota,Fall,2.9,No,Express,Yes,29,Venmo,Quarterly,True,False,True,90.0,Loyal high-value,0.9777777777777777
1433,34,25-34,Male,Hat,Accessories,33,Florida,Winter,4.4,No,Express,Yes,32,Debit Card,Quarterly,True,False,True,90.0,Promotion-led growth,0.36666666666666664
1434,70,50+,Male,Hoodie,Clothing,60,Minnesota,Winter,3.2,No,Next Day Air,Yes,45,Debit Card,Weekly,True,False,True,7.0,Loyal high-value,8.571428571428571
1435,59,50+,Male,Sweater,Clothing,64,New York,Summer,4.6,No,Free Shipping,Yes,21,Debit Card,Bi-Weekly,True,False,True,14.0,New or occasional,4.571428571428571
1436,45,35-49,Male,Scarf,Accessories,95,Oregon,Fall,4.0,No,Standard,Yes,41,Cash,Weekly,True,False,True,7.0,Loyal high-value,13.571428571428571
1437,35,35-49,Male,Sneakers,Footwear,83,Minnesota,Winter,3.7,No,Free Shipping,Yes,23,PayPal,Fortnightly,True,False,True,14.0,New or occasional,5.928571428571429
1438,69,50+,Male,Boots,Footwear,97,Montana,Winter,4.2,No,Free Shipping,Yes,14,Cash,Annually,True,False,True,30.0,New or occasional,3.2333333333333334
1439,58,50+,Male,Coat,Outerwear,38,Washington,Spring,2.9,No,Standard,Yes,24,Debit Card,Monthly,True,False,True,30.0,Promotion-led growth,1.2666666666666666
1440,25,25-34,Male,Boots,Footwear,48,New Mexico,Summer,4.8,No,Next Day Air,Yes,25,Cash,Fortnightly,True,False,True,14.0,Promotion-led growth,3.4285714285714284
1441,27,25-34,Male,Sandals,Footwear,76,Arizona,Spring,4.4,No,Standard,Yes,13,Venmo,Monthly,True,False,True,30.0,New or occasional,2.533333333333333
1442,34,25-34,Male,Pants,Clothing,25,Nebraska,Summer,3.4,No,Free Shipping,Yes,3,Venmo,Every 3 Months,True,False,False,90.0,Promotion-led growth,0.2777777777777778
1443,53,50+,Male,Hoodie,Clothing,92,Idaho,Spring,2.8,No,2-Day Shipping,Yes,42,Credit Card,Annually,True,False,True,30.0,Loyal high-value,3.066666666666667
1444,58,50+,Male,Sandals,Footwear,47,Idaho,Fall,4.2,No,Next Day Air,Yes,2,Cash,Monthly,True,False,False,30.0,Promotion-led growth,1.5666666666666667
1445,32,25-34,Male,Sweater,Clothing,36,Vermont,Fall,3.8,No,Express,Yes,26,Cash,Quarterly,True,False,True,90.0,Promotion-led growth,0.4
1446,64,50+,Male,Belt,Accessories,51,Arkansas,Fall,3.1,No,2-Day Shipping,Yes,24,Credit Card,Annually,True,False,True,30.0,Promotion-led growth,1.7
1447,63,50+,Male,Jeans,Clothing,35,Wyoming,Summer,3.2,No,Express,Yes,6,Credit Card,Quarterly,True,False,False,90.0,Promotion-led growth,0.3888888888888889
1448,23,Under 25,Male,Hoodie,Clothing,57,New Mexico,Summer,3.0,No,Next Day Air,Yes,25,PayPal,Monthly,True,False,True,30.0,Promotion-led growth,1.9
1449,64,50+,Male,Boots,Footwear,95,West Virginia,Summer,3.6,No,Free Shipping,Yes,11,Credit Card,Every 3 Months,True,False,True,90.0,New or occasional,1.0555555555555556
1450,18,Under 25,Male,Socks,Clothing,41,New York,Winter,2.5,No,Store Pickup,Yes,20,Cash,Every 3 Months,True,False,True,90.0,Promotion-led growth,0.45555555555555555
1451,25,25-34,Male,Dress,Clothing,44,Illinois,Winter,3.4,No,Free Shipping,Yes,25,Cash,Quarterly,True,False,True,90.0,Promotion-led growth,0.4888888888888889
1452,54,50+,Male,Jacket,Outerwear,34,Utah,Fall,2.5,No,Next Day Air,Yes,35,PayPal,Quarterly,True,False,True,90.0,Promotion-led growth,0.37777777777777777
1453,60,50+,Male,Jacket,Outerwear,25,Colorado,Spring,4.7,No,2-Day Shipping,Yes,11,Bank Transfer,Quarterly,True,False,True,90.0,Promotion-led growth,0.2777777777777778
1454,36,35-49,Male,Boots,Footwear,93,Virginia,Winter,3.2,No,2-Day Shipping,Yes,41,Bank Transfer,Fortnightly,True,False,True,14.0,Loyal high-value,6.642857142857143
1455,66,50+,Male,Sneakers,Footwear,50,Georgia,Winter,2.9,No,Free Shipping,Yes,17,Credit Card,Annually,True,False,True,30.0,Promotion-led growth,1.6666666666666667
1456,60,50+,Male,Pants,Clothing,79,Alabama,Fall,4.9,No,Express,Yes,1,PayPal,Every 3 Months,True,False,False,90.0,New or occasional,0.8777777777777778
1457,59,50+,Male,Coat,Outerwear,100,Montana,Spring,2.7,No,Store Pickup,Yes,30,PayPal,Every 3 Months,True,False,True,90.0,Loyal high-value,1.1111111111111112
1458,58,50+,Male,Shirt,Clothing,57,Pennsylvania,Spring,4.7,No,Express,Yes,47,Venmo,Fortnightly,True,False,True,14.0,Promotion-led growth,4.071428571428571
1459,35,35-49,Male,Sweater,Clothing,28,Missouri,Spring,2.9,No,2-Day Shipping,Yes,34,Venmo,Weekly,True,False,True,7.0,Promotion-led growth,4.0
1460,20,Under 25,Male,Shoes,Footwear,35,Maine,Winter,4.8,No,Express,Yes,18,Venmo,Fortnightly,True,False,True,14.0,Promotion-led growth,2.5
1461,70,50+,Male,Boots,Footwear,85,Pennsylvania,Fall,4.6,No,Standard,Yes,33,Venmo,Bi-Weekly,True,False,True,14.0,Loyal high-value,6.071428571428571
1462,54,50+,Male,Sunglasses,Accessories,95,Oregon,Summer,5.0,No,2-Day Shipping,Yes,42,Venmo,Quarterly,True,False,True,90.0,Loyal high-value,1.0555555555555556
1463,38,35-49,Male,Sneakers,Footwear,90,Utah,Summer,4.8,No,2-Day Shipping,Yes,2,Venmo,Quarterly,True,False,False,90.0,New or occasional,1.0
1464,54,50+,Male,Jewelry,Accessories,49,Oklahoma,Summer,4.9,No,Store Pickup,Yes,1,Bank Transfer,Monthly,True,False,False,30.0,Promotion-led growth,1.6333333333333333
1465,33,25-34,Male,Belt,Accessories,92,Montana,Winter,4.6,No,2-Day Shipping,Yes,23,Bank Transfer,Quarterly,True,False,True,90.0,New or occasional,1.0222222222222221
1466,46,35-49,Male,Gloves,Accessories,72,Nebraska,Winter,3.9,No,Store Pickup,Yes,42,Cash,Bi-Weekly,True,False,True,14.0,Loyal high-value,5.142857142857143
1467,58,50+,Male,Shorts,Clothing,71,Alabama,Summer,4.5,No,Store Pickup,Yes,3,PayPal,Annually,True,False,False,30.0,New or occasional,2.3666666666666667
1468,30,25-34,Male,Jewelry,Accessories,27,Ohio,Winter,4.7,No,Store Pickup,Yes,16,Debit Card,Fortnightly,True,False,True,14.0,Promotion-led growth,1.9285714285714286
1469,42,35-49,Male,Gloves,Accessories,39,Arkansas,Fall,3.9,No,Express,Yes,46,Cash,Fortnightly,True,False,True,14.0,Promotion-led growth,2.7857142857142856
1470,28,25-34,Male,Jewelry,Accessories,98,Mississippi,Winter,4.4,No,Standard,Yes,31,PayPal,Every 3 Months,True,False,True,90.0,Loyal high-value,1.0888888888888888
1471,43,35-49,Male,Sandals,Footwear,27,California,Spring,3.9,No,Next Day Air,Yes,15,Cash,Every 3 Months,True,False,True,90.0,Promotion-led growth,0.3
1472,31,25-34,Male,Jewelry,Accessories,71,Alaska,Spring,2.8,No,2-Day Shipping,Yes,48,Venmo,Every 3 Months,True,False,True,90.0,Loyal high-value,0.7888888888888889
1473,39,35-49,Male,Hat,Accessories,24,Indiana,Spring,3.5,No,Store Pickup,Yes,11,Cash,Weekly,True,False,True,7.0,Promotion-led growth,3.4285714285714284
1474,69,50+,Male,Shorts,Clothing,63,Wisconsin,Fall,4.3,No,Express,Yes,20,Credit Card,Every 3 Months,True,False,True,90.0,New or occasional,0.7
1475,31,25-34,Male,Sweater,Clothing,72,New Jersey,Fall,3.9,No,Next Day Air,Yes,6,Credit Card,Monthly,True,False,False,30.0,New or occasional,2.4
1476,44,35-49,Male,Blouse,Clothing,61,Rhode Island,Spring,4.0,No,Express,Yes,24,Cash,Monthly,True,False,True,30.0,New or occasional,2.033333333333333
1477,39,35-49,Male,Hat,Accessories,56,Wyoming,Fall,4.1,No,Next Day Air,Yes,18,Credit Card,Monthly,True,False,True,30.0,Promotion-led growth,1.8666666666666667
1478,24,Under 25,Male,Belt,Accessories,32,Oregon,Summer,4.3,No,Standard,Yes,1,PayPal,Every 3 Months,True,False,False,90.0,Promotion-led growth,0.35555555555555557
1479,28,25-34,Male,Gloves,Accessories,23,Washington,Summer,4.2,No,Free Shipping,Yes,13,Venmo,Bi-Weekly,True,False,True,14.0,Promotion-led growth,1.6428571428571428
1480,48,35-49,Male,Coat,Outerwear,100,Washington,Spring,4.0,No,Standard,Yes,2,Bank Transfer,Weekly,True,False,False,7.0,New or occasional,14.285714285714286
1481,39,35-49,Male,Jewelry,Accessories,74,New Hampshire,Fall,3.6,No,Express,Yes,26,Cash,Quarterly,True,False,True,90.0,Loyal high-value,0.8222222222222222
1482,64,50+,Male,Skirt,Clothing,33,Maryland,Spring,3.3,No,Standard,Yes,31,PayPal,Quarterly,True,False,True,90.0,Promotion-led growth,0.36666666666666664
1483,28,25-34,Male,Gloves,Accessories,67,Wisconsin,Spring,4.1,No,2-Day Shipping,Yes,43,Bank Transfer,Weekly,True,False,True,7.0,Loyal high-value,9.571428571428571
1484,39,35-49,Male,Jewelry,Accessories,61,Massachusetts,Summer,4.7,No,Next Day Air,Yes,12,Debit Card,Bi-Weekly,True,False,True,14.0,New or occasional,4.357142857142857
1485,49,35-49,Male,Shorts,Clothing,46,Nebraska,Summer,4.4,No,Store Pickup,Yes,22,Venmo,Every 3 Months,True,False,True,90.0,Promotion-led growth,0.5111111111111111
1486,22,Under 25,Male,Gloves,Accessories,56,Nebraska,Spring,3.4,No,Standard,Yes,3,Cash,Fortnightly,True,False,False,14.0,Promotion-led growth,4.0
1487,25,25-34,Male,Sneakers,Footwear,73,Idaho,Spring,5.0,No,Free Shipping,Yes,23,Venmo,Every 3 Months,True,False,True,90.0,New or occasional,0.8111111111111111
1488,40,35-49,Male,Skirt,Clothing,44,Arizona,Summer,4.6,No,Store Pickup,Yes,26,PayPal,Annually,True,False,True,30.0,Promotion-led growth,1.4666666666666666
1489,23,Under 25,Male,Hat,Accessories,44,Hawaii,Winter,4.0,No,Standard,Yes,37,Credit Card,Weekly,True,False,True,7.0,Promotion-led growth,6.285714285714286
1490,24,Under 25,Male,Jewelry,Accessories,26,Missouri,Summer,4.1,No,Next Day Air,Yes,42,Venmo,Quarterly,True,False,True,90.0,Promotion-led growth,0.28888888888888886
1491,66,50+,Male,Sneakers,Footwear,52,Louisiana,Spring,4.9,No,Express,Yes,15,Venmo,Bi-Weekly,True,False,True,14.0,Promotion-led growth,3.7142857142857144
1492,27,25-34,Male,Shirt,Clothing,54,Arkansas,Summer,2.7,No,Free Shipping,Yes,10,Bank Transfer,Quarterly,True,False,True,90.0,Promotion-led growth,0.6
1493,62,50+,Male,Jacket,Outerwear,38,North Carolina,Summer,4.5,No,Free Shipping,Yes,3,Venmo,Quarterly,True,False,False,90.0,Promotion-led growth,0.4222222222222222
1494,70,50+,Male,Belt,Accessories,44,North Dakota,Fall,2.7,No,Standard,Yes,44,Credit Card,Quarterly,True,False,True,90.0,Promotion-led growth,0.4888888888888889
1495,43,35-49,Male,T-shirt,Clothing,76,Montana,Spring,3.0,No,Next Day Air,Yes,23,Bank Transfer,Fortnightly,True,False,True,14.0,New or occasional,5.428571428571429
1496,45,35-49,Male,Jewelry,Accessories,23,Rhode Island,Winter,4.5,No,Next Day Air,Yes,6,PayPal,Weekly,True,False,False,7.0,Promotion-led growth,3.2857142857142856
1497,63,50+,Male,T-shirt,Clothing,98,Idaho,Winter,5.0,No,Standard,Yes,9,Venmo,Bi-Weekly,True,False,False,14.0,New or occasional,7.0
1498,69,50+,Male,Jacket,Outerwear,33,Michigan,Spring,3.8,No,2-Day Shipping,Yes,16,Debit Card,Every 3 Months,True,False,True,90.0,Promotion-led growth,0.36666666666666664
1499,59,50+,Male,Sweater,Clothing,32,Illinois,Summer,3.1,No,Standard,Yes,46,Venmo,Fortnightly,True,False,True,14.0,Promotion-led growth,2.2857142857142856
1500,19,Under 25,Male,Boots,Footwear,85,Georgia,Fall,3.4,No,Free Shipping,Yes,24,Credit Card,Every 3 Months,True,False,True,90.0,New or occasional,0.9444444444444444
1501,63,50+,Male,Jeans,Clothing,69,Alabama,Summer,4.8,No,Next Day Air,Yes,22,Debit Card,Monthly,True,False,True,30.0,New or occasional,2.3
1502,37,35-49,Male,Jeans,Clothing,55,Alaska,Spring,2.7,No,Standard,Yes,13,Debit Card,Every 3 Months,True,False,True,90.0,Promotion-led growth,0.6111111111111112
1503,37,35-49,Male,Pants,Clothing,66,Massachusetts,Summer,3.2,No,Store Pickup,Yes,20,Cash,Fortnightly,True,False,True,14.0,New or occasional,4.714285714285714
1504,50,50+,Male,Jacket,Outerwear,30,Michigan,Fall,3.9,No,2-Day Shipping,Yes,46,Cash,Quarterly,True,False,True,90.0,Promotion-led growth,0.3333333333333333
1505,60,50+,Male,Jacket,Outerwear,80,Alaska,Winter,4.2,No,Next Day Air,Yes,10,Bank Transfer,Monthly,True,False,True,30.0,New or occasional,2.6666666666666665
1506,46,35-49,Male,Belt,Accessories,20,North Dakota,Summer,3.0,No,Express,Yes,39,Cash,Monthly,True,False,True,30.0,Promotion-led growth,0.6666666666666666
1507,35,35-49,Male,Shirt,Clothing,30,South Carolina,Fall,3.0,No,2-Day Shipping,Yes,44,PayPal,Quarterly,True,False,True,90.0,Promotion-led growth,0.3333333333333333
1508,66,50+,Male,Dress,Clothing,86,Pennsylvania,Winter,3.7,No,2-Day Shipping,Yes,7,Venmo,Annually,True,False,False,30.0,New or occasional,2.8666666666666667
1509,35,35-49,Male,Blouse,Clothing,84,Colorado,Spring,4.4,No,Store Pickup,Yes,3,Cash,Every 3 Months,True,False,False,90.0,New or occasional,0.9333333333333333
1510,20,Under 25,Male,Dress,Clothing,54,New Hampshire,Summer,4.6,No,Free Shipping,Yes,44,Debit Card,Annually,True,False,True,30.0,Promotion-led growth,1.8
1511,55,50+,Male,Blouse,Clothing,30,Maryland,Fall,3.0,No,Free Shipping,Yes,31,Venmo,Annually,True,False,True,30.0,Promotion-led growth,1.0
1512,34,25-34,Male,Dress,Clothing,91,Georgia,Winter,3.6,No,Express,Yes,48,Credit Card,Weekly,True,False,True,7.0,Loyal high-value,13.0
1513,60,50+,Male,Sneakers,Footwear,23,Wisconsin,Winter,3.9,No,Standard,Yes,18,PayPal,Bi-Weekly,True,False,True,14.0,Promotion-led growth,1.6428571428571428
1514,22,Under 25,Male,Socks,Clothing,35,Texas,Spring,4.1,No,Free Shipping,Yes,27,Cash,Monthly,True,False,True,30.0,Promotion-led growth,1.1666666666666667
1515,26,25-34,Male,Shoes,Footwear,90,Utah,Winter,3.9,No,2-Day Shipping,Yes,1,Venmo,Weekly,True,False,False,7.0,New or occasional,12.857142857142858
1516,39,35-49,Male,Jeans,Clothing,93,Indiana,Fall,3.9,No,2-Day Shipping,Yes,34,Cash,Weekly,True,False,True,7.0,Loyal high-value,13.285714285714286
1517,20,Under 25,Male,Jeans,Clothing,68,Nevada,Winter,4.5,No,Express,Yes,5,Bank Transfer,Bi-Weekly,True,False,False,14.0,New or occasional,4.857142857142857
1518,57,50+,Male,Gloves,Accessories,41,New Hampshire,Spring,3.4,No,Standard,Yes,12,Cash,Quarterly,True,False,True,90.0,Promotion-led growth,0.45555555555555555
1519,68,50+,Male,Belt,Accessories,73,New York,Winter,4.1,No,Next Day Air,Yes,14,Venmo,Fortnightly,True,False,True,14.0,New or occasional,5.214285714285714
1520,50,50+,Male,Sunglasses,Accessories,73,Texas,Fall,4.9,No,Next Day Air,Yes,40,PayPal,Weekly,True,False,True,7.0,Loyal high-value,10.428571428571429
1521,21,Under 25,Male,Hat,Accessories,66,Iowa,Summer,4.4,No,2-Day Shipping,Yes,39,Cash,Quarterly,True,False,True,90.0,Loyal high-value,0.7333333333333333
1522,29,25-34,Male,Backpack,Accessories,59,Washington,Summer,2.7,No,2-Day Shipping,Yes,50,Bank Transfer,Weekly,True,False,True,7.0,Promotion-led growth,8.428571428571429
1523,38,35-49,Male,Shorts,Clothing,72,Tennessee,Spring,4.8,No,Free Shipping,Yes,5,Debit Card,Monthly,True,False,False,30.0,New or occasional,2.4
1524,54,50+,Male,Socks,Clothing,88,Georgia,Summer,3.3,No,2-Day Shipping,Yes,35,Debit Card,Annually,True,False,True,30.0,Loyal high-value,2.933333333333333
1525,22,Under 25,Male,Socks,Clothing,76,Massachusetts,Summer,4.4,No,Free Shipping,Yes,6,Cash,Bi-Weekly,True,False,False,14.0,New or occasional,5.428571428571429
1526,29,25-34,Male,Belt,Accessories,31,Oregon,Winter,4.6,No,2-Day Shipping,Yes,22,Cash,Fortnightly,True,False,True,14.0,Promotion-led growth,2.2142857142857144
1527,41,35-49,Male,Jacket,Outerwear,22,Oklahoma,Summer,3.1,No,Next Day Air,Yes,27,PayPal,Monthly,True,False,True,30.0,Promotion-led growth,0.7333333333333333
1528,26,25-34,Male,Hat,Accessories,75,Wisconsin,Fall,4.5,No,2-Day Shipping,Yes,33,Debit Card,Fortnightly,True,False,True,14.0,Loyal high-value,5.357142857142857
1529,69,50+,Male,T-shirt,Clothing,75,Oregon,Spring,4.0,No,Store Pickup,Yes,47,Venmo,Bi-Weekly,True,False,True,14.0,Loyal high-value,5.357142857142857
1530,20,Under 25,Male,Backpack,Accessories,63,Georgia,Winter,3.1,No,Free Shipping,Yes,48,Credit Card,Bi-Weekly,True,False,True,14.0,Loyal high-value,4.5
1531,59,50+,Male,Coat,Outerwear,21,New Mexico,Spring,3.9,No,Next Day Air,Yes,22,Bank Transfer,Quarterly,True,False,True,90.0,Promotion-led growth,0.23333333333333334
1532,63,50+,Male,Backpack,Accessories,83,Mississippi,Spring,4.5,No,Next Day Air,Yes,8,PayPal,Bi-Weekly,True,False,False,14.0,New or occasional,5.928571428571429
1533,68,50+,Male,Jacket,Outerwear,46,Wisconsin,Winter,4.4,No,Next Day Air,Yes,5,PayPal,Every 3 Months,True,False,False,90.0,Promotion-led growth,0.5111111111111111
1534,50,50+,Male,Shoes,Footwear,59,New Hampshire,Summer,3.6,No,2-Day Shipping,Yes,16,Bank Transfer,Quarterly,True,False,True,90.0,Promotion-led growth,0.6555555555555556
1535,55,50+,Male,Blouse,Clothing,66,Wyoming,Summer,3.4,No,Free Shipping,Yes,26,Venmo,Fortnightly,True,False,True,14.0,Loyal high-value,4.714285714285714
1536,36,35-49,Male,Sandals,Footwear,74,West Virginia,Fall,4.0,No,2-Day Shipping,Yes,8,Venmo,Monthly,True,False,False,30.0,New or occasional,2.466666666666667
1537,18,Under 25,Male,Sunglasses,Accessories,82,Michigan,Summer,2.6,No,Store Pickup,Yes,17,Cash,Quarterly,True,False,True,90.0,New or occasional,0.9111111111111111
1538,68,50+,Male,Shoes,Footwear,89,Alaska,Spring,3.2,No,Next Day Air,Yes,50,Venmo,Annually,True,False,True,30.0,Loyal high-value,2.966666666666667
1539,56,50+,Male,Dress,Clothing,65,Illinois,Fall,3.2,No,Standard,Yes,22,Venmo,Bi-Weekly,True,False,True,14.0,New or occasional,4.642857142857143
1540,32,25-34,Male,Belt,Accessories,55,Hawaii,Spring,5.0,No,2-Day Shipping,Yes,19,Cash,Every 3 Months,True,False,True,90.0,Promotion-led growth,0.6111111111111112
1541,28,25-34,Male,Shorts,Clothing,95,Colorado,Winter,2.9,No,Next Day Air,Yes,14,Bank Transfer,Monthly,True,False,True,30.0,New or occasional,3.1666666666666665
1542,24,Under 25,Male,Handbag,Accessories,77,Illinois,Winter,2.9,No,Store Pickup,Yes,35,Cash,Bi-Weekly,True,False,True,14.0,Loyal high-value,5.5
1543,59,50+,Male,Blouse,Clothing,44,Hawaii,Winter,3.5,No,Next Day Air,Yes,43,PayPal,Weekly,True,False,True,7.0,Promotion-led growth,6.285714285714286
1544,56,50+,Male,Jeans,Clothing,89,Wisconsin,Fall,4.0,No,Standard,Yes,24,Venmo,Annually,True,False,True,30.0,New or occasional,2.966666666666667
1545,30,25-34,Male,Jewelry,Accessories,24,Arkansas,Spring,3.9,No,Standard,Yes,17,Debit Card,Bi-Weekly,True,False,True,14.0,Promotion-led growth,1.7142857142857142
1546,48,35-49,Male,Belt,Accessories,43,Delaware,Winter,4.9,No,Store Pickup,Yes,49,Bank Transfer,Annually,True,False,True,30.0,Promotion-led growth,1.4333333333333333
1547,60,50+,Male,Sneakers,Footwear,51,Oregon,Summer,3.8,No,Express,Yes,17,Bank Transfer,Annually,True,False,True,30.0,Promotion-led growth,1.7
1548,46,35-49,Male,Hat,Accessories,46,South Carolina,Summer,3.5,No,Standard,Yes,40,Cash,Quarterly,True,False,True,90.0,Promotion-led growth,0.5111111111111111
1549,69,50+,Male,Dress,Clothing,32,Maryland,Summer,3.7,No,Store Pickup,Yes,43,Bank Transfer,Weekly,True,False,True,7.0,Promotion-led growth,4.571428571428571
1550,19,Under 25,Male,Sneakers,Footwear,55,Kansas,Spring,2.9,No,2-Day Shipping,Yes,19,Debit Card,Every 3 Months,True,False,True,90.0,Promotion-led growth,0.6111111111111112
1551,66,50+,Male,Sunglasses,Accessories,26,Arkansas,Summer,2.8,No,Free Shipping,Yes,40,Bank Transfer,Quarterly,True,False,True,90.0,Promotion-led growth,0.28888888888888886
1552,64,50+,Male,Handbag,Accessories,29,Minnesota,Summer,3.7,No,2-Day Shipping,Yes,13,Credit Card,Monthly,True,False,True,30.0,Promotion-led growth,0.9666666666666667
1553,54,50+,Male,Blouse,Clothing,49,New Mexico,Spring,3.0,No,Express,Yes,20,Credit Card,Monthly,True,False,True,30.0,Promotion-led growth,1.6333333333333333
1554,27,25-34,Male,Blouse,Clothing,45,Delaware,Spring,4.8,No,Free Shipping,Yes,21,Debit Card,Quarterly,True,False,True,90.0,Promotion-led growth,0.5
1555,64,50+,Male,Shorts,Clothing,48,Utah,Winter,2.7,No,Standard,Yes,18,Cash,Bi-Weekly,True,False,True,14.0,Promotion-led growth,3.4285714285714284
1556,43,35-49,Male,Shorts,Clothing,47,Ohio,Winter,4.5,No,Free Shipping,Yes,44,Cash,Quarterly,True,False,True,90.0,Promotion-led growth,0.5222222222222223
1557,43,35-49,Male,Hoodie,Clothing,57,Alabama,Fall,2.7,No,Standard,Yes,26,Credit Card,Quarterly,True,False,True,90.0,Promotion-led growth,0.6333333333333333
1558,27,25-34,Male,Backpack,Accessories,34,South Dakota,Fall,3.5,No,Next Day Air,Yes,34,PayPal,Quarterly,True,False,True,90.0,Promotion-led growth,0.37777777777777777
1559,35,35-49,Male,Sunglasses,Accessories,75,New Mexico,Fall,3.5,No,Express,Yes,24,Credit Card,Every 3 Months,True,False,True,90.0,New or occasional,0.8333333333333334
1560,43,35-49,Male,Scarf,Accessories,94,Oregon,Fall,4.5,No,Store Pickup,Yes,23,PayPal,Fortnightly,True,False,True,14.0,New or occasional,6.714285714285714
1561,57,50+,Male,Hat,Accessories,84,Oregon,Winter,3.8,No,Free Shipping,Yes,3,Debit Card,Weekly,True,False,False,7.0,New or occasional,12.0
1562,50,50+,Male,Scarf,Accessories,38,Mississippi,Summer,3.8,No,Standard,Yes,2,Bank Transfer,Quarterly,True,False,False,90.0,Promotion-led growth,0.4222222222222222
1563,37,35-49,Male,Scarf,Accessories,75,Alabama,Winter,3.2,No,Next Day Air,Yes,23,Venmo,Bi-Weekly,True,False,True,14.0,New or occasional,5.357142857142857
1564,68,50+,Male,Pants,Clothing,44,Kansas,Fall,4.3,No,Next Day Air,Yes,8,Cash,Weekly,True,False,False,7.0,Promotion-led growth,6.285714285714286
1565,22,Under 25,Male,Backpack,Accessories,33,California,Summer,4.5,No,Next Day Air,Yes,30,Debit Card,Every 3 Months,True,False,True,90.0,Promotion-led growth,0.36666666666666664
1566,58,50+,Male,Sunglasses,Accessories,93,Idaho,Fall,4.2,No,Free Shipping,Yes,48,PayPal,Annually,True,False,True,30.0,Loyal high-value,3.1
1567,48,35-49,Male,Sneakers,Footwear,99,Wyoming,Winter,3.0,No,Free Shipping,Yes,21,Cash,Bi-Weekly,True,False,True,14.0,New or occasional,7.071428571428571
1568,30,25-34,Male,Backpack,Accessories,33,Minnesota,Spring,4.1,No,Standard,Yes,9,Cash,Monthly,True,False,False,30.0,Promotion-led growth,1.1
1569,51,50+,Male,Sneakers,Footwear,76,Washington,Spring,4.6,No,Store Pickup,Yes,8,Debit Card,Monthly,True,False,False,30.0,New or occasional,2.533333333333333
1570,20,Under 25,Male,Skirt,Clothing,63,Hawaii,Summer,2.9,No,Standard,Yes,29,Debit Card,Weekly,True,False,True,7.0,Loyal high-value,9.0
1571,30,25-34,Male,Pants,Clothing,41,Missouri,Winter,4.8,No,Next Day Air,Yes,3,Bank Transfer,Every 3 Months,True,False,False,90.0,Promotion-led growth,0.45555555555555555
1572,28,25-34,Male,Jewelry,Accessories,88,Colorado,Winter,4.5,No,Next Day Air,Yes,11,Bank Transfer,Fortnightly,True,False,True,14.0,New or occasional,6.285714285714286
1573,37,35-49,Male,Skirt,Clothing,92,Washington,Summer,3.4,No,2-Day Shipping,Yes,16,Debit Card,Monthly,True,False,True,30.0,New or occasional,3.066666666666667
1574,36,35-49,Male,T-shirt,Clothing,31,North Dakota,Summer,4.3,No,2-Day Shipping,Yes,25,Debit Card,Weekly,True,False,True,7.0,Promotion-led growth,4.428571428571429
1575,18,Under 25,Male,Skirt,Clothing,25,Minnesota,Spring,4.2,No,Free Shipping,Yes,32,PayPal,Bi-Weekly,True,False,True,14.0,Promotion-led growth,1.7857142857142858
1576,52,50+,Male,Shirt,Clothing,28,California,Spring,3.6,No,Next Day Air,Yes,28,Cash,Fortnightly,True,False,True,14.0,Promotion-led growth,2.0
1577,56,50+,Male,Dress,Clothing,75,Michigan,Spring,3.7,No,2-Day Shipping,Yes,36,PayPal,Monthly,True,False,True,30.0,Loyal high-value,2.5
1578,68,50+,Male,Boots,Footwear,34,Delaware,Spring,4.0,No,Standard,Yes,7,Venmo,Fortnightly,True,False,False,14.0,Promotion-led growth,2.4285714285714284
1579,62,50+,Male,Pants,Clothing,97,California,Winter,4.9,No,2-Day Shipping,Yes,2,PayPal,Quarterly,True,False,False,90.0,New or occasional,1.0777777777777777
1580,35,35-49,Male,Jacket,Outerwear,80,Oklahoma,Summer,3.1,No,Free Shipping,Yes,6,Bank Transfer,Monthly,True,False,False,30.0,New or occasional,2.6666666666666665
1581,65,50+,Male,Sneakers,Footwear,71,North Dakota,Summer,3.7,No,Standard,Yes,30,Cash,Annually,True,False,True,30.0,Loyal high-value,2.3666666666666667
1582,69,50+,Male,Jewelry,Accessories,77,Ohio,Fall,4.2,No,Free Shipping,Yes,46,Cash,Quarterly,True,False,True,90.0,Loyal high-value,0.8555555555555555
1583,28,25-34,Male,Belt,Accessories,41,Hawaii,Spring,2.5,No,Next Day Air,Yes,39,Cash,Monthly,True,False,True,30.0,Promotion-led growth,1.3666666666666667
1584,37,35-49,Male,Scarf,Accessories,92,Maryland,Summer,4.3,No,Next Day Air,Yes,8,Venmo,Annually,True,False,False,30.0,New or occasional,3.066666666666667
1585,41,35-49,Male,Blouse,Clothing,95,Hawaii,Spring,3.1,No,Store Pickup,Yes,46,Credit Card,Quarterly,True,False,True,90.0,Loyal high-value,1.0555555555555556
1586,37,35-49,Male,Sweater,Clothing,25,Alabama,Fall,3.0,No,Next Day Air,Yes,40,Debit Card,Fortnightly,True,False,True,14.0,Promotion-led growth,1.7857142857142858
1587,25,25-34,Male,Boots,Footwear,77,Oklahoma,Fall,4.0,No,Express,Yes,21,Bank Transfer,Weekly,True,False,True,7.0,New or occasional,11.0
1588,41,35-49,Male,Socks,Clothing,99,Alabama,Summer,3.5,No,Free Shipping,Yes,33,Credit Card,Fortnightly,True,False,True,14.0,Loyal high-value,7.071428571428571
1589,48,35-49,Male,Belt,Accessories,24,Vermont,Winter,3.2,No,Next Day Air,Yes,3,Venmo,Monthly,True,False,False,30.0,Promotion-led growth,0.8
1590,42,35-49,Male,Sneakers,Footwear,72,Ohio,Summer,2.7,No,Store Pickup,Yes,48,Cash,Weekly,True,False,True,7.0,Loyal high-value,10.285714285714286
1591,54,50+,Male,Jeans,Clothing,80,Wisconsin,Winter,3.0,No,Free Shipping,Yes,8,PayPal,Annually,True,False,False,30.0,New or occasional,2.6666666666666665
1592,18,Under 25,Male,Skirt,Clothing,100,South Dakota,Winter,2.9,No,Next Day Air,Yes,24,PayPal,Annually,True,False,True,30.0,New or occasional,3.3333333333333335
1593,56,50+,Male,Shoes,Footwear,83,Iowa,Summer,3.3,No,Free Shipping,Yes,10,Bank Transfer,Every 3 Months,True,False,True,90.0,New or occasional,0.9222222222222223
1594,61,50+,Male,Dress,Clothing,95,Maryland,Spring,4.9,No,2-Day Shipping,Yes,25,Bank Transfer,Monthly,True,False,True,30.0,Loyal high-value,3.1666666666666665
1595,40,35-49,Male,Handbag,Accessories,41,Colorado,Summer,3.7,No,Store Pickup,Yes,3,Cash,Fortnightly,True,False,False,14.0,Promotion-led growth,2.9285714285714284
1596,34,25-34,Male,Backpack,Accessories,35,Wisconsin,Spring,3.5,No,Standard,Yes,45,Debit Card,Fortnightly,True,False,True,14.0,Promotion-led growth,2.5
1597,42,35-49,Male,Jewelry,Accessories,30,Mississippi,Fall,4.7,No,Store Pickup,Yes,15,Debit Card,Monthly,True,False,True,30.0,Promotion-led growth,1.0
1598,43,35-49,Male,Hat,Accessories,21,Mississippi,Winter,2.6,No,Store Pickup,Yes,34,Bank Transfer,Quarterly,True,False,True,90.0,Promotion-led growth,0.23333333333333334
1599,47,35-49,Male,Jewelry,Accessories,85,California,Fall,4.1,No,Express,Yes,21,Venmo,Bi-Weekly,True,False,True,14.0,New or occasional,6.071428571428571
1600,48,35-49,Male,Shirt,Clothing,54,Delaware,Winter,2.8,No,2-Day Shipping,Yes,22,Debit Card,Bi-Weekly,True,False,True,14.0,Promotion-led growth,3.857142857142857
1601,20,Under 25,Male,Boots,Footwear,26,Montana,Spring,4.7,No,Next Day Air,Yes,24,PayPal,Weekly,True,False,True,7.0,Promotion-led growth,3.7142857142857144
1602,65,50+,Male,Shirt,Clothing,59,Indiana,Spring,2.9,No,Store Pickup,Yes,33,Credit Card,Monthly,True,False,True,30.0,Promotion-led growth,1.9666666666666666
1603,54,50+,Male,Sunglasses,Accessories,48,West Virginia,Winter,2.8,No,Free Shipping,Yes,13,Venmo,Fortnightly,True,False,True,14.0,Promotion-led growth,3.4285714285714284
1604,23,Under 25,Male,Shorts,Clothing,98,Iowa,Summer,4.3,No,Next Day Air,Yes,17,Debit Card,Bi-Weekly,True,False,True,14.0,New or occasional,7.0
1605,18,Under 25,Male,Sweater,Clothing,92,Maine,Summer,4.8,No,2-Day Shipping,Yes,25,Credit Card,Every 3 Months,True,False,True,90.0,Loyal high-value,1.0222222222222221
1606,70,50+,Male,Belt,Accessories,46,Connecticut,Winter,3.4,No,Next Day Air,Yes,15,Credit Card,Bi-Weekly,True,False,True,14.0,Promotion-led growth,3.2857142857142856
1607,55,50+,Male,T-shirt,Clothing,21,Kansas,Spring,4.3,No,Standard,Yes,4,PayPal,Fortnightly,True,False,False,14.0,Promotion-led growth,1.5
1608,49,35-49,Male,Shorts,Clothing,72,Vermont,Fall,2.7,No,Free Shipping,Yes,43,Debit Card,Quarterly,True,False,True,90.0,Loyal high-value,0.8
1609,26,25-34,Male,Sandals,Footwear,58,Nebraska,Fall,4.6,No,Next Day Air,Yes,12,Bank Transfer,Bi-Weekly,True,False,True,14.0,Promotion-led growth,4.142857142857143
1610,33,25-34,Male,Shirt,Clothing,93,Nevada,Fall,4.1,No,Standard,Yes,3,Venmo,Monthly,True,False,False,30.0,New or occasional,3.1
1611,20,Under 25,Male,Socks,Clothing,31,Tennessee,Spring,3.4,No,2-Day Shipping,Yes,1,PayPal,Annually,True,False,False,30.0,Promotion-led growth,1.0333333333333334
1612,41,35-49,Male,Pants,Clothing,26,Arkansas,Winter,4.5,No,Next Day Air,Yes,6,Debit Card,Monthly,True,False,False,30.0,Promotion-led growth,0.8666666666666667
1613,18,Under 25,Male,Skirt,Clothing,68,Wisconsin,Summer,4.4,No,Standard,Yes,26,Venmo,Monthly,True,False,True,30.0,Loyal high-value,2.2666666666666666
1614,26,25-34,Male,Jewelry,Accessories,31,Illinois,Summer,4.0,No,Next Day Air,Yes,6,Credit Card,Fortnightly,True,False,False,14.0,Promotion-led growth,2.2142857142857144
1615,30,25-34,Male,T-shirt,Clothing,41,Kansas,Summer,3.4,No,Free Shipping,Yes,22,Cash,Bi-Weekly,True,False,True,14.0,Promotion-led growth,2.9285714285714284
1616,64,50+,Male,Jewelry,Accessories,62,New York,Fall,3.2,No,Standard,Yes,45,Cash,Bi-Weekly,True,False,True,14.0,Loyal high-value,4.428571428571429
1617,26,25-34,Male,Hat,Accessories,41,Colorado,Spring,3.4,No,Standard,Yes,50,Cash,Quarterly,True,False,True,90.0,Promotion-led growth,0.45555555555555555
1618,43,35-49,Male,Blouse,Clothing,64,Wisconsin,Winter,4.3,No,Standard,Yes,50,Credit Card,Fortnightly,True,False,True,14.0,Loyal high-value,4.571428571428571
1619,63,50+,Male,Sandals,Footwear,72,Michigan,Summer,5.0,No,Standard,Yes,39,Debit Card,Quarterly,True,False,True,90.0,Loyal high-value,0.8
1620,57,50+,Male,Handbag,Accessories,78,Hawaii,Winter,3.5,No,Store Pickup,Yes,50,Venmo,Bi-Weekly,True,False,True,14.0,Loyal high-value,5.571428571428571
1621,25,25-34,Male,Hat,Accessories,47,Virginia,Winter,3.1,No,2-Day Shipping,Yes,27,PayPal,Every 3 Months,True,False,True,90.0,Promotion-led growth,0.5222222222222223
1622,68,50+,Male,Scarf,Accessories,46,Ohio,Summer,3.9,No,2-Day Shipping,Yes,38,Debit Card,Fortnightly,True,False,True,14.0,Promotion-led growth,3.2857142857142856
1623,31,25-34,Male,Shorts,Clothing,43,Missouri,Winter,4.0,No,Store Pickup,Yes,37,Bank Transfer,Every 3 Months,True,False,True,90.0,Promotion-led growth,0.4777777777777778
1624,64,50+,Male,Backpack,Accessories,58,Indiana,Summer,3.5,No,Next Day Air,Yes,50,Debit Card,Annually,True,False,True,30.0,Promotion-led growth,1.9333333333333333
1625,38,35-49,Male,Sweater,Clothing,32,Florida,Winter,3.6,No,Free Shipping,Yes,40,PayPal,Every 3 Months,True,False,True,90.0,Promotion-led growth,0.35555555555555557
1626,34,25-34,Male,Skirt,Clothing,45,Minnesota,Winter,3.0,No,Next Day Air,Yes,3,PayPal,Bi-Weekly,True,False,False,14.0,Promotion-led growth,3.2142857142857144
1627,32,25-34,Male,Sneakers,Footwear,35,Nevada,Summer,2.6,No,Next Day Air,Yes,45,Credit Card,Bi-Weekly,True,False,True,14.0,Promotion-led growth,2.5
1628,69,50+,Male,Sunglasses,Accessories,21,Maine,Winter,2.9,No,Next Day Air,Yes,8,Credit Card,Annually,True,False,False,30.0,Promotion-led growth,0.7
1629,45,35-49,Male,Dress,Clothing,64,Massachusetts,Winter,3.1,No,Next Day Air,Yes,7,Cash,Monthly,True,False,False,30.0,New or occasional,2.1333333333333333
1630,35,35-49,Male,Blouse,Clothing,88,North Dakota,Spring,3.3,No,Next Day Air,Yes,13,Venmo,Quarterly,True,False,True,90.0,New or occasional,0.9777777777777777
1631,63,50+,Male,Shoes,Footwear,48,New Jersey,Summer,2.9,No,Store Pickup,Yes,29,Venmo,Every 3 Months,True,False,True,90.0,Promotion-led growth,0.5333333333333333
1632,65,50+,Male,Sweater,Clothing,36,Indiana,Summer,3.9,No,2-Day Shipping,Yes,7,Bank Transfer,Fortnightly,True,False,False,14.0,Promotion-led growth,2.5714285714285716
1633,35,35-49,Male,Gloves,Accessories,28,Oregon,Summer,4.7,No,2-Day Shipping,Yes,50,Debit Card,Every 3 Months,True,False,True,90.0,Promotion-led growth,0.3111111111111111
1634,54,50+,Male,Socks,Clothing,80,North Dakota,Spring,4.4,No,2-Day Shipping,Yes,33,Debit Card,Bi-Weekly,True,False,True,14.0,Loyal high-value,5.714285714285714
1635,28,25-34,Male,Coat,Outerwear,23,South Carolina,Summer,3.6,No,Store Pickup,Yes,30,Cash,Every 3 Months,True,False,True,90.0,Promotion-led growth,0.25555555555555554
1636,68,50+,Male,Sunglasses,Accessories,24,North Carolina,Summer,3.2,No,Standard,Yes,40,Cash,Annually,True,False,True,30.0,Promotion-led growth,0.8
1637,58,50+,Male,Boots,Footwear,22,North Dakota,Fall,4.0,No,Free Shipping,Yes,49,Cash,Fortnightly,True,False,True,14.0,Promotion-led growth,1.5714285714285714
1638,35,35-49,Male,Dress,Clothing,21,Massachusetts,Spring,3.5,No,Next Day Air,Yes,32,Venmo,Fortnightly,True,False,True,14.0,Promotion-led growth,1.5
1639,68,50+,Male,Jacket,Outerwear,51,Tennessee,Spring,4.6,No,Free Shipping,Yes,18,Venmo,Weekly,True,False,True,7.0,Promotion-led growth,7.285714285714286
1640,41,35-49,Male,Gloves,Accessories,65,Missouri,Summer,3.3,No,Free Shipping,Yes,50,PayPal,Annually,True,False,True,30.0,Loyal high-value,2.1666666666666665
1641,65,50+,Male,Scarf,Accessories,51,Tennessee,Spring,4.0,No,2-Day Shipping,Yes,13,PayPal,Weekly,True,False,True,7.0,Promotion-led growth,7.285714285714286
1642,50,50+,Male,Hoodie,Clothing,32,Colorado,Summer,3.4,No,Free Shipping,Yes,1,Bank Transfer,Every 3 Months,True,False,False,90.0,Promotion-led growth,0.35555555555555557
1643,18,Under 25,Male,Coat,Outerwear,70,Mississippi,Spring,4.2,No,Store Pickup,Yes,16,PayPal,Fortnightly,True,False,True,14.0,New or occasional,5.0
1644,38,35-49,Male,Scarf,Accessories,77,Ohio,Summer,3.9,No,2-Day Shipping,Yes,6,PayPal,Monthly,True,False,False,30.0,New or occasional,2.566666666666667
1645,68,50+,Male,Coat,Outerwear,90,North Carolina,Summer,3.9,No,Next Day Air,Yes,21,Debit Card,Monthly,True,False,True,30.0,New or occasional,3.0
1646,53,50+,Male,Scarf,Accessories,36,Ohio,Summer,2.8,No,Standard,Yes,36,Venmo,Every 3 Months,True,False,True,90.0,Promotion-led growth,0.4
1647,58,50+,Male,Handbag,Accessories,77,Nebraska,Summer,3.7,No,Standard,Yes,20,Bank Transfer,Every 3 Months,True,False,True,90.0,New or occasional,0.8555555555555555
1648,34,25-34,Male,Boots,Footwear,78,Hawaii,Summer,4.9,No,Store Pickup,Yes,8,Debit Card,Quarterly,True,False,False,90.0,New or occasional,0.8666666666666667
1649,36,35-49,Male,Pants,Clothing,69,Oklahoma,Summer,2.6,No,Express,Yes,22,Credit Card,Monthly,True,False,True,30.0,New or occasional,2.3
1650,58,50+,Male,T-shirt,Clothing,63,Wisconsin,Summer,4.9,No,Free Shipping,Yes,3,Credit Card,Quarterly,True,False,False,90.0,New or occasional,0.7
1651,60,50+,Male,Scarf,Accessories,36,Arkansas,Winter,3.4,No,Next Day Air,Yes,46,Credit Card,Fortnightly,True,False,True,14.0,Promotion-led growth,2.5714285714285716
1652,59,50+,Male,Coat,Outerwear,80,Texas,Winter,3.9,No,Standard,Yes,42,Debit Card,Monthly,True,False,True,30.0,Loyal high-value,2.6666666666666665
1653,65,50+,Male,Sweater,Clothing,35,New Mexico,Summer,4.0,No,Next Day Air,Yes,1,Bank Transfer,Fortnightly,True,False,False,14.0,Promotion-led growth,2.5
1654,31,25-34,Male,Belt,Accessories,93,Colorado,Winter,3.0,No,2-Day Shipping,Yes,29,Debit Card,Bi-Weekly,True,False,True,14.0,Loyal high-value,6.642857142857143
1655,43,35-49,Male,Belt,Accessories,25,Indiana,Spring,2.6,No,Store Pickup,Yes,14,Credit Card,Quarterly,True,False,True,90.0,Promotion-led growth,0.2777777777777778
1656,37,35-49,Male,Sweater,Clothing,81,Arizona,Spring,3.2,No,Next Day Air,Yes,4,PayPal,Monthly,True,False,False,30.0,New or occasional,2.7
1657,21,Under 25,Male,Blouse,Clothing,42,Indiana,Spring,2.6,No,2-Day Shipping,Yes,41,PayPal,Every 3 Months,True,False,True,90.0,Promotion-led growth,0.4666666666666667
1658,69,50+,Male,Skirt,Clothing,36,Indiana,Spring,3.2,No,Store Pickup,Yes,4,Debit Card,Bi-Weekly,True,False,False,14.0,Promotion-led growth,2.5714285714285716
1659,32,25-34,Male,Jewelry,Accessories,66,Alaska,Spring,4.1,No,Store Pickup,Yes,47,Cash,Weekly,True,False,True,7.0,Loyal high-value,9.428571428571429
1660,53,50+,Male,Gloves,Accessories,37,Utah,Fall,3.9,No,Next Day Air,Yes,44,Venmo,Annually,True,False,True,30.0,Promotion-led growth,1.2333333333333334
1661,59,50+,Male,T-shirt,Clothing,45,Louisiana,Winter,4.1,No,Standard,Yes,37,Venmo,Monthly,True,False,True,30.0,Promotion-led growth,1.5
1662,64,50+,Male,Gloves,Accessories,86,Iowa,Summer,2.7,No,2-Day Shipping,Yes,21,Debit Card,Quarterly,True,False,True,90.0,New or occasional,0.9555555555555556
1663,63,50+,Male,Sunglasses,Accessories,24,New Mexico,Winter,4.6,No,Free Shipping,Yes,46,Debit Card,Fortnightly,True,False,True,14.0,Promotion-led growth,1.7142857142857142
1664,43,35-49,Male,Shirt,Clothing,22,Maine,Summer,3.5,No,Standard,Yes,1,Cash,Bi-Weekly,True,False,False,14.0,Promotion-led growth,1.5714285714285714
1665,19,Under 25,Male,Handbag,Accessories,53,Minnesota,Spring,5.0,No,Next Day Air,Yes,35,PayPal,Weekly,True,False,True,7.0,Promotion-led growth,7.571428571428571
1666,40,35-49,Male,Jacket,Outerwear,41,New Mexico,Fall,3.4,No,Next Day Air,Yes,49,Venmo,Monthly,True,False,True,30.0,Promotion-led growth,1.3666666666666667
1667,51,50+,Male,Skirt,Clothing,64,Arkansas,Summer,3.1,No,Store Pickup,Yes,47,PayPal,Annually,True,False,True,30.0,Loyal high-value,2.1333333333333333
1668,51,50+,Male,Handbag,Accessories,40,Oklahoma,Winter,3.4,No,2-Day Shipping,Yes,24,Bank Transfer,Every 3 Months,True,False,True,90.0,Promotion-led growth,0.4444444444444444
1669,66,50+,Male,Blouse,Clothing,33,Utah,Summer,4.0,No,Standard,Yes,28,Debit Card,Fortnightly,True,False,True,14.0,Promotion-led growth,2.357142857142857
1670,42,35-49,Male,T-shirt,Clothing,59,Wisconsin,Winter,2.7,No,Store Pickup,Yes,22,Bank Transfer,Quarterly,True,False,True,90.0,Promotion-led growth,0.6555555555555556
1671,22,Under 25,Male,Pants,Clothing,73,Utah,Fall,3.6,No,Free Shipping,Yes,20,Cash,Weekly,True,False,True,7.0,New or occasional,10.428571428571429
1672,31,25-34,Male,Hoodie,Clothing,22,Utah,Winter,4.0,No,Free Shipping,Yes,25,Bank Transfer,Weekly,True,False,True,7.0,Promotion-led growth,3.142857142857143
1673,18,Under 25,Male,Boots,Footwear,73,South Carolina,Fall,3.8,No,Free Shipping,Yes,15,Venmo,Quarterly,True,False,True,90.0,New or occasional,0.8111111111111111
1674,21,Under 25,Male,Blouse,Clothing,62,Hawaii,Fall,3.4,No,Next Day Air,Yes,49,Venmo,Bi-Weekly,True,False,True,14.0,Loyal high-value,4.428571428571429
1675,35,35-49,Male,Coat,Outerwear,56,Alaska,Winter,3.2,No,Free Shipping,Yes,10,Debit Card,Fortnightly,True,False,True,14.0,Promotion-led growth,4.0
1676,35,35-49,Male,Pants,Clothing,90,Colorado,Spring,4.7,No,Next Day Air,Yes,21,Credit Card,Annually,True,False,True,30.0,New or occasional,3.0
1677,27,25-34,Male,Sunglasses,Accessories,44,West Virginia,Winter,3.1,No,Next Day Air,Yes,34,Bank Transfer,Weekly,True,False,True,7.0,Promotion-led growth,6.285714285714286
1678,65,50+,Male,Jeans,Clothing,35,Oregon,Summer,3.3,No,Next Day Air,No,41,Debit Card,Weekly,False,False,True,7.0,New or occasional,5.0
1679,41,35-49,Male,Pants,Clothing,71,Ohio,Summer,4.8,No,2-Day Shipping,No,30,Venmo,Fortnightly,False,False,True,14.0,Loyal high-value,5.071428571428571
1680,60,50+,Male,Dress,Clothing,52,Massachusetts,Fall,4.5,No,Next Day Air,No,24,Debit Card,Bi-Weekly,False,False,True,14.0,New or occasional,3.7142857142857144
1681,61,50+,Male,Shoes,Footwear,37,Louisiana,Summer,3.4,No,Store Pickup,No,6,Credit Card,Annually,False,False,False,30.0,New or occasional,1.2333333333333334
1682,24,Under 25,Male,Sneakers,Footwear,95,Virginia,Winter,3.7,No,2-Day Shipping,No,14,Credit Card,Bi-Weekly,False,False,True,14.0,New or occasional,6.785714285714286
1683,65,50+,Male,Socks,Clothing,97,New York,Fall,4.9,No,2-Day Shipping,No,37,Credit Card,Bi-Weekly,False,False,True,14.0,Loyal high-value,6.928571428571429
1684,23,Under 25,Male,Coat,Outerwear,57,Arkansas,Spring,3.5,No,Next Day Air,No,37,Venmo,Quarterly,False,False,True,90.0,New or occasional,0.6333333333333333
1685,30,25-34,Male,Shirt,Clothing,93,New Mexico,Spring,4.6,No,Standard,No,28,PayPal,Weekly,False,False,True,7.0,Loyal high-value,13.285714285714286
1686,33,25-34,Male,Blouse,Clothing,48,Minnesota,Winter,4.6,No,Standard,No,43,PayPal,Bi-Weekly,False,False,True,14.0,New or occasional,3.4285714285714284
1687,22,Under 25,Male,Gloves,Accessories,75,Illinois,Fall,4.2,No,Store Pickup,No,25,Cash,Annually,False,False,True,30.0,Loyal high-value,2.5
1688,67,50+,Male,Skirt,Clothing,70,Georgia,Winter,3.7,No,Free Shipping,No,4,PayPal,Annually,False,False,False,30.0,New or occasional,2.3333333333333335
1689,28,25-34,Male,Handbag,Accessories,26,Mississippi,Winter,3.0,No,Next Day Air,No,13,Venmo,Fortnightly,False,False,True,14.0,New or occasional,1.8571428571428572
1690,32,25-34,Male,Shirt,Clothing,73,North Carolina,Winter,4.6,No,Store Pickup,No,32,Bank Transfer,Monthly,False,False,True,30.0,Loyal high-value,2.433333333333333
1691,40,35-49,Male,Coat,Outerwear,30,Nevada,Summer,3.2,No,Free Shipping,No,1,Cash,Annually,False,False,False,30.0,New or occasional,1.0
1692,64,50+,Male,Shoes,Footwear,61,Connecticut,Summer,3.5,No,Next Day Air,No,4,Cash,Annually,False,False,False,30.0,New or occasional,2.033333333333333
1693,56,50+,Male,Handbag,Accessories,75,Utah,Winter,2.6,No,Standard,No,33,Cash,Bi-Weekly,False,False,True,14.0,Loyal high-value,5.357142857142857
1694,63,50+,Male,Jacket,Outerwear,88,Tennessee,Fall,4.9,No,Standard,No,45,Bank Transfer,Fortnightly,False,False,True,14.0,Loyal high-value,6.285714285714286
1695,20,Under 25,Male,Shirt,Clothing,67,Mississippi,Summer,2.7,No,Express,No,20,Debit Card,Fortnightly,False,False,True,14.0,New or occasional,4.785714285714286
1696,54,50+,Male,Hat,Accessories,95,Nebraska,Fall,4.7,No,2-Day Shipping,No,1,PayPal,Fortnightly,False,False,False,14.0,New or occasional,6.785714285714286
1697,31,25-34,Male,Sunglasses,Accessories,69,West Virginia,Spring,4.0,No,Free Shipping,No,7,Credit Card,Bi-Weekly,False,False,False,14.0,New or occasional,4.928571428571429
1698,36,35-49,Male,Shirt,Clothing,87,South Carolina,Fall,3.5,No,Next Day Air,No,48,Credit Card,Every 3 Months,False,False,True,90.0,Loyal high-value,0.9666666666666667
1699,25,25-34,Male,Belt,Accessories,41,Iowa,Winter,4.8,No,Standard,No,46,Bank Transfer,Quarterly,False,False,True,90.0,New or occasional,0.45555555555555555
1700,20,Under 25,Male,Sweater,Clothing,67,North Dakota,Spring,4.0,No,Free Shipping,No,34,Debit Card,Annually,False,False,True,30.0,Loyal high-value,2.2333333333333334
1701,62,50+,Male,Hoodie,Clothing,70,West Virginia,Fall,4.1,No,Express,No,36,Bank Transfer,Monthly,False,False,True,30.0,Loyal high-value,2.3333333333333335
1702,69,50+,Male,Handbag,Accessories,41,Mississippi,Winter,3.8,No,Next Day Air,No,44,Debit Card,Every 3 Months,False,False,True,90.0,New or occasional,0.45555555555555555
1703,54,50+,Male,Jeans,Clothing,83,Alabama,Summer,5.0,No,Express,No,48,Bank Transfer,Weekly,False,False,True,7.0,Loyal high-value,11.857142857142858
1704,39,35-49,Male,Backpack,Accessories,22,California,Spring,4.0,No,Next Day Air,No,12,Bank Transfer,Annually,False,False,True,30.0,New or occasional,0.7333333333333333
1705,56,50+,Male,Sneakers,Footwear,20,Idaho,Summer,3.9,No,Store Pickup,No,19,Cash,Every 3 Months,False,False,True,90.0,New or occasional,0.2222222222222222
1706,39,35-49,Male,Jewelry,Accessories,29,South Dakota,Summer,3.4,No,2-Day Shipping,No,49,Venmo,Bi-Weekly,False,False,True,14.0,New or occasional,2.0714285714285716
1707,37,35-49,Male,Sunglasses,Accessories,87,North Dakota,Spring,3.0,No,Standard,No,25,Venmo,Fortnightly,False,False,True,14.0,Loyal high-value,6.214285714285714
1708,25,25-34,Male,Shorts,Clothing,81,Nevada,Fall,4.9,No,2-Day Shipping,No,25,Cash,Bi-Weekly,False,False,True,14.0,Loyal high-value,5.785714285714286
1709,35,35-49,Male,Boots,Footwear,58,Florida,Spring,3.2,No,Express,No,1,Credit Card,Quarterly,False,False,False,90.0,New or occasional,0.6444444444444445
1710,45,35-49,Male,Skirt,Clothing,83,Indiana,Winter,3.8,No,Standard,No,19,Bank Transfer,Annually,False,False,True,30.0,New or occasional,2.7666666666666666
1711,19,Under 25,Male,Pants,Clothing,59,Arkansas,Fall,3.8,No,Store Pickup,No,7,Credit Card,Quarterly,False,False,False,90.0,New or occasional,0.6555555555555556
1712,21,Under 25,Male,T-shirt,Clothing,93,North Carolina,Spring,4.7,No,Express,No,19,Credit Card,Monthly,False,False,True,30.0,New or occasional,3.1
1713,65,50+,Male,T-shirt,Clothing,87,Illinois,Fall,3.8,No,2-Day Shipping,No,9,Cash,Fortnightly,False,False,False,14.0,New or occasional,6.214285714285714
1714,49,35-49,Male,Jacket,Outerwear,22,Missouri,Winter,4.6,No,Free Shipping,No,37,PayPal,Quarterly,False,False,True,90.0,New or occasional,0.24444444444444444
1715,30,25-34,Male,Jeans,Clothing,71,South Dakota,Summer,4.4,No,Standard,No,15,Cash,Monthly,False,False,True,30.0,New or occasional,2.3666666666666667
1716,23,Under 25,Male,Dress,Clothing,69,Idaho,Spring,3.4,No,2-Day Shipping,No,30,PayPal,Bi-Weekly,False,False,True,14.0,Loyal high-value,4.928571428571429
1717,69,50+,Male,Blouse,Clothing,47,Connecticut,Winter,4.7,No,Standard,No,30,Cash,Every 3 Months,False,False,True,90.0,New or occasional,0.5222222222222223
1718,29,25-34,Male,Hoodie,Clothing,50,Hawaii,Summer,2.9,No,Express,No,16,Debit Card,Bi-Weekly,False,False,True,14.0,New or occasional,3.5714285714285716
1719,54,50+,Male,T-shirt,Clothing,96,Maryland,Winter,3.4,No,2-Day Shipping,No,14,PayPal,Every 3 Months,False,False,True,90.0,New or occasional,1.0666666666666667
1720,45,35-49,Male,Sweater,Clothing,39,Maryland,Winter,3.2,No,Free Shipping,No,8,Venmo,Quarterly,False,False,False,90.0,New or occasional,0.43333333333333335
1721,25,25-34,Male,Shorts,Clothing,84,Massachusetts,Winter,2.8,No,Express,No,40,Debit Card,Bi-Weekly,False,False,True,14.0,Loyal high-value,6.0
1722,34,25-34,Male,Jewelry,Accessories,28,Delaware,Spring,4.3,No,Free Shipping,No,24,Credit Card,Monthly,False,False,True,30.0,New or occasional,0.9333333333333333
1723,46,35-49,Male,T-shirt,Clothing,51,Massachusetts,Summer,3.3,No,Standard,No,14,Cash,Fortnightly,False,False,True,14.0,New or occasional,3.642857142857143
1724,70,50+,Male,Scarf,Accessories,20,New York,Spring,3.3,No,Standard,No,39,PayPal,Annually,False,False,True,30.0,New or occasional,0.6666666666666666
1725,42,35-49,Male,Shoes,Footwear,72,Delaware,Winter,3.3,No,Free Shipping,No,21,PayPal,Weekly,False,False,True,7.0,New or occasional,10.285714285714286
1726,45,35-49,Male,Sunglasses,Accessories,33,Massachusetts,Spring,3.0,No,Next Day Air,No,32,Venmo,Quarterly,False,False,True,90.0,New or occasional,0.36666666666666664
1727,57,50+,Male,Coat,Outerwear,28,Indiana,Summer,2.8,No,Express,No,45,Debit Card,Weekly,False,False,True,7.0,New or occasional,4.0
1728,49,35-49,Male,Blouse,Clothing,53,Virginia,Spring,4.0,No,Express,No,19,PayPal,Monthly,False,False,True,30.0,New or occasional,1.7666666666666666
1729,23,Under 25,Male,Jeans,Clothing,48,Wyoming,Fall,4.3,No,Express,No,1,Debit Card,Every 3 Months,False,False,False,90.0,New or occasional,0.5333333333333333
1730,47,35-49,Male,Shorts,Clothing,21,Illinois,Winter,3.8,No,Store Pickup,No,12,Venmo,Fortnightly,False,False,True,14.0,New or occasional,1.5
1731,23,Under 25,Male,Shirt,Clothing,22,Alabama,Fall,4.2,No,Free Shipping,No,26,Credit Card,Weekly,False,False,True,7.0,New or occasional,3.142857142857143
1732,21,Under 25,Male,Backpack,Accessories,87,Idaho,Fall,3.1,No,Next Day Air,No,12,Cash,Monthly,False,False,True,30.0,New or occasional,2.9
1733,45,35-49,Male,Belt,Accessories,50,Rhode Island,Winter,2.6,No,Free Shipping,No,36,Cash,Every 3 Months,False,False,True,90.0,New or occasional,0.5555555555555556
1734,67,50+,Male,Blouse,Clothing,85,New York,Summer,3.4,No,Express,No,22,Credit Card,Annually,False,False,True,30.0,New or occasional,2.8333333333333335
1735,31,25-34,Male,Jeans,Clothing,98,Missouri,Spring,3.1,No,Next Day Air,No,16,PayPal,Quarterly,False,False,True,90.0,New or occasional,1.0888888888888888
1736,58,50+,Male,Dress,Clothing,34,Texas,Winter,3.6,No,Express,No,31,Venmo,Annually,False,False,True,30.0,New or occasional,1.1333333333333333
1737,57,50+,Male,Shorts,Clothing,61,Tennessee,Summer,2.6,No,2-Day Shipping,No,43,Cash,Quarterly,False,False,True,90.0,Loyal high-value,0.6777777777777778
1738,42,35-49,Male,Jewelry,Accessories,98,Ohio,Summer,4.2,No,Store Pickup,No,50,Venmo,Bi-Weekly,False,False,True,14.0,Loyal high-value,7.0
1739,60,50+,Male,Handbag,Accessories,61,Tennessee,Spring,2.9,No,2-Day Shipping,No,37,Credit Card,Weekly,False,False,True,7.0,Loyal high-value,8.714285714285714
1740,21,Under 25,Male,Jewelry,Accessories,98,Minnesota,Winter,4.2,No,Express,No,23,Cash,Weekly,False,False,True,7.0,New or occasional,14.0
1741,69,50+,Male,Pants,Clothing,21,Wisconsin,Fall,3.3,No,Next Day Air,No,10,Bank Transfer,Every 3 Months,False,False,True,90.0,New or occasional,0.23333333333333334
1742,41,35-49,Male,Pants,Clothing,51,Delaware,Winter,3.6,No,Next Day Air,No,20,Bank Transfer,Monthly,False,False,True,30.0,New or occasional,1.7
1743,51,50+,Male,Sandals,Footwear,80,Kansas,Spring,4.3,No,Express,No,18,Venmo,Every 3 Months,False,False,True,90.0,New or occasional,0.8888888888888888
1744,23,Under 25,Male,Skirt,Clothing,72,Missouri,Winter,3.3,No,Standard,No,3,Bank Transfer,Weekly,False,False,False,7.0,New or occasional,10.285714285714286
1745,57,50+,Male,Sunglasses,Accessories,63,Michigan,Winter,3.0,No,Standard,No,23,PayPal,Weekly,False,False,True,7.0,New or occasional,9.0
1746,40,35-49,Male,Skirt,Clothing,27,West Virginia,Winter,3.6,No,Store Pickup,No,27,Cash,Weekly,False,False,True,7.0,New or occasional,3.857142857142857
1747,65,50+,Male,Handbag,Accessories,44,Alabama,Summer,3.1,No,Store Pickup,No,44,Bank Transfer,Fortnightly,False,False,True,14.0,New or occasional,3.142857142857143
1748,61,50+,Male,Coat,Outerwear,23,New Hampshire,Winter,2.9,No,Express,No,41,Venmo,Quarterly,False,False,True,90.0,New or occasional,0.25555555555555554
1749,34,25-34,Male,Skirt,Clothing,93,Montana,Winter,3.9,No,2-Day Shipping,No,41,Bank Transfer,Annually,False,False,True,30.0,Loyal high-value,3.1
1750,43,35-49,Male,Hoodie,Clothing,70,Wyoming,Fall,3.2,No,2-Day Shipping,No,36,Debit Card,Every 3 Months,False,False,True,90.0,Loyal high-value,0.7777777777777778
1751,31,25-34,Male,Sunglasses,Accessories,85,Missouri,Fall,3.1,No,Express,No,38,Venmo,Every 3 Months,False,False,True,90.0,Loyal high-value,0.9444444444444444
1752,57,50+,Male,Sweater,Clothing,40,Ohio,Winter,3.2,No,2-Day Shipping,No,34,Cash,Annually,False,False,True,30.0,New or occasional,1.3333333333333333
1753,34,25-34,Male,Boots,Footwear,29,South Dakota,Winter,3.3,No,Store Pickup,No,14,Venmo,Quarterly,False,False,True,90.0,New or occasional,0.32222222222222224
1754,25,25-34,Male,Skirt,Clothing,27,Colorado,Fall,4.8,No,Next Day Air,No,23,Credit Card,Fortnightly,False,False,True,14.0,New or occasional,1.9285714285714286
1755,66,50+,Male,Dress,Clothing,93,Massachusetts,Fall,3.8,No,2-Day Shipping,No,18,Credit Card,Fortnightly,False,False,True,14.0,New or occasional,6.642857142857143
1756,56,50+,Male,Belt,Accessories,20,Delaware,Spring,4.6,No,Next Day Air,No,45,Cash,Monthly,False,False,True,30.0,New or occasional,0.6666666666666666
1757,49,35-49,Male,Jewelry,Accessories,55,New Hampshire,Fall,2.8,No,Free Shipping,No,14,Bank Transfer,Weekly,False,False,True,7.0,New or occasional,7.857142857142857
1758,19,Under 25,Male,Dress,Clothing,94,Michigan,Fall,3.6,No,Standard,No,48,Debit Card,Annually,False,False,True,30.0,Loyal high-value,3.1333333333333333
1759,27,25-34,Male,Hat,Accessories,56,Pennsylvania,Winter,4.3,No,Free Shipping,No,17,Venmo,Bi-Weekly,False,False,True,14.0,New or occasional,4.0
1760,68,50+,Male,Sweater,Clothing,58,Louisiana,Spring,4.0,No,Next Day Air,No,1,PayPal,Weekly,False,False,False,7.0,New or occasional,8.285714285714286
1761,20,Under 25,Male,Skirt,Clothing,44,Minnesota,Spring,3.5,No,Standard,No,39,PayPal,Weekly,False,False,True,7.0,New or occasional,6.285714285714286
1762,21,Under 25,Male,Hoodie,Clothing,95,Hawaii,Fall,4.9,No,2-Day Shipping,No,24,Cash,Weekly,False,False,True,7.0,New or occasional,13.571428571428571
1763,36,35-49,Male,Sandals,Footwear,42,Idaho,Summer,3.1,No,Express,No,41,Bank Transfer,Fortnightly,False,False,True,14.0,New or occasional,3.0
1764,37,35-49,Male,Jewelry,Accessories,93,Vermont,Winter,3.9,No,Store Pickup,No,28,PayPal,Annually,False,False,True,30.0,Loyal high-value,3.1
1765,61,50+,Male,Dress,Clothing,56,Delaware,Summer,3.0,No,Store Pickup,No,34,Venmo,Quarterly,False,False,True,90.0,New or occasional,0.6222222222222222
1766,68,50+,Male,Hoodie,Clothing,88,New Mexico,Spring,4.1,No,2-Day Shipping,No,41,Venmo,Quarterly,False,False,True,90.0,Loyal high-value,0.9777777777777777
1767,60,50+,Male,Sweater,Clothing,54,Alaska,Winter,4.3,No,2-Day Shipping,No,27,Cash,Bi-Weekly,False,False,True,14.0,New or occasional,3.857142857142857
1768,69,50+,Male,Jewelry,Accessories,89,Minnesota,Fall,3.8,No,2-Day Shipping,No,46,Debit Card,Fortnightly,False,False,True,14.0,Loyal high-value,6.357142857142857
1769,25,25-34,Male,Sandals,Footwear,45,Nebraska,Summer,3.9,No,2-Day Shipping,No,2,PayPal,Every 3 Months,False,False,False,90.0,New or occasional,0.5
1770,32,25-34,Male,Socks,Clothing,75,Alaska,Winter,4.3,No,Free Shipping,No,45,Cash,Monthly,False,False,True,30.0,Loyal high-value,2.5
1771,53,50+,Male,Backpack,Accessories,22,Michigan,Fall,4.3,No,Express,No,34,Bank Transfer,Weekly,False,False,True,7.0,New or occasional,3.142857142857143
1772,46,35-49,Male,Shirt,Clothing,82,Indiana,Fall,4.7,No,Store Pickup,No,9,Credit Card,Annually,False,False,False,30.0,New or occasional,2.7333333333333334
1773,58,50+,Male,Shoes,Footwear,34,Hawaii,Summer,3.1,No,2-Day Shipping,No,1,Bank Transfer,Annually,False,False,False,30.0,New or occasional,1.1333333333333333
1774,21,Under 25,Male,Coat,Outerwear,92,West Virginia,Summer,2.7,No,Free Shipping,No,17,PayPal,Annually,False,False,True,30.0,New or occasional,3.066666666666667
1775,46,35-49,Male,Sweater,Clothing,78,New York,Spring,3.7,No,Express,No,6,PayPal,Weekly,False,False,False,7.0,New or occasional,11.142857142857142
1776,18,Under 25,Male,Jacket,Outerwear,47,Iowa,Spring,3.3,No,2-Day Shipping,No,12,Cash,Bi-Weekly,False,False,True,14.0,New or occasional,3.357142857142857
1777,56,50+,Male,Jacket,Outerwear,64,Arizona,Summer,3.4,No,Free Shipping,No,10,Venmo,Every 3 Months,False,False,True,90.0,New or occasional,0.7111111111111111
1778,18,Under 25,Male,Sneakers,Footwear,44,Minnesota,Winter,4.7,No,Free Shipping,No,4,Cash,Fortnightly,False,False,False,14.0,New or occasional,3.142857142857143
1779,49,35-49,Male,Belt,Accessories,94,Texas,Winter,4.9,No,Store Pickup,No,8,Debit Card,Bi-Weekly,False,False,False,14.0,New or occasional,6.714285714285714
1780,29,25-34,Male,Scarf,Accessories,62,Virginia,Winter,4.3,No,Free Shipping,No,41,Venmo,Weekly,False,False,True,7.0,Loyal high-value,8.857142857142858
1781,67,50+,Male,Jewelry,Accessories,81,North Dakota,Summer,4.2,No,Next Day Air,No,49,Credit Card,Weekly,False,False,True,7.0,Loyal high-value,11.571428571428571
1782,31,25-34,Male,T-shirt,Clothing,33,Iowa,Fall,3.7,No,Express,No,49,Bank Transfer,Quarterly,False,False,True,90.0,New or occasional,0.36666666666666664
1783,52,50+,Male,Pants,Clothing,88,Utah,Fall,2.7,No,Next Day Air,No,40,Bank Transfer,Fortnightly,False,False,True,14.0,Loyal high-value,6.285714285714286
1784,42,35-49,Male,Handbag,Accessories,49,Ohio,Winter,3.3,No,Free Shipping,No,30,Credit Card,Monthly,False,False,True,30.0,New or occasional,1.6333333333333333
1785,32,25-34,Male,Backpack,Accessories,31,Louisiana,Summer,4.8,No,Standard,No,4,Debit Card,Quarterly,False,False,False,90.0,New or occasional,0.34444444444444444
1786,47,35-49,Male,Gloves,Accessories,29,Iowa,Fall,4.1,No,Next Day Air,No,22,Venmo,Monthly,False,False,True,30.0,New or occasional,0.9666666666666667
1787,45,35-49,Male,Jacket,Outerwear,34,Maryland,Spring,4.6,No,2-Day Shipping,No,22,Venmo,Monthly,False,False,True,30.0,New or occasional,1.1333333333333333
1788,20,Under 25,Male,Sweater,Clothing,38,Montana,Fall,4.9,No,2-Day Shipping,No,10,Bank Transfer,Quarterly,False,False,True,90.0,New or occasional,0.4222222222222222
1789,66,50+,Male,Blouse,Clothing,41,Illinois,Summer,3.1,No,Store Pickup,No,23,Cash,Bi-Weekly,False,False,True,14.0,New or occasional,2.9285714285714284
1790,52,50+,Male,Blouse,Clothing,34,Arizona,Spring,3.0,No,2-Day Shipping,No,43,Debit Card,Quarterly,False,False,True,90.0,New or occasional,0.37777777777777777
1791,50,50+,Male,Gloves,Accessories,26,North Carolina,Summer,3.7,No,Store Pickup,No,31,PayPal,Bi-Weekly,False,False,True,14.0,New or occasional,1.8571428571428572
1792,62,50+,Male,Jeans,Clothing,98,Montana,Winter,4.0,No,Store Pickup,No,38,Cash,Annually,False,False,True,30.0,Loyal high-value,3.2666666666666666
1793,38,35-49,Male,Sneakers,Footwear,59,Iowa,Fall,3.0,No,Express,No,22,Debit Card,Every 3 Months,False,False,True,90.0,New or occasional,0.6555555555555556
1794,65,50+,Male,Hat,Accessories,92,Iowa,Fall,3.8,No,Store Pickup,No,45,Cash,Every 3 Months,False,False,True,90.0,Loyal high-value,1.0222222222222221
1795,60,50+,Male,Backpack,Accessories,40,Ohio,Spring,3.7,No,Express,No,21,Debit Card,Fortnightly,False,False,True,14.0,New or occasional,2.857142857142857
1796,68,50+,Male,Jeans,Clothing,20,Wisconsin,Fall,4.0,No,2-Day Shipping,No,9,Debit Card,Fortnightly,False,False,False,14.0,New or occasional,1.4285714285714286
1797,62,50+,Male,Skirt,Clothing,35,South Carolina,Spring,3.1,No,Store Pickup,No,34,Venmo,Weekly,False,False,True,7.0,New or occasional,5.0
1798,62,50+,Male,Belt,Accessories,35,Oregon,Spring,3.9,No,2-Day Shipping,No,26,Venmo,Weekly,False,False,True,7.0,New or occasional,5.0
1799,40,35-49,Male,Dress,Clothing,82,North Dakota,Winter,3.7,No,Express,No,1,Cash,Weekly,False,False,False,7.0,New or occasional,11.714285714285714
1800,32,25-34,Male,Hoodie,Clothing,48,California,Fall,3.9,No,Express,No,47,Venmo,Weekly,False,False,True,7.0,New or occasional,6.857142857142857
1801,22,Under 25,Male,Coat,Outerwear,58,Mississippi,Winter,2.7,No,Express,No,30,Credit Card,Weekly,False,False,True,7.0,New or occasional,8.285714285714286
1802,33,25-34,Male,Sweater,Clothing,57,New Jersey,Spring,3.9,No,Express,No,48,Debit Card,Fortnightly,False,False,True,14.0,New or occasional,4.071428571428571
1803,57,50+,Male,Shorts,Clothing,96,Rhode Island,Winter,2.6,No,Store Pickup,No,31,Venmo,Bi-Weekly,False,False,True,14.0,Loyal high-value,6.857142857142857
1804,60,50+,Male,Sneakers,Footwear,97,New Hampshire,Summer,3.5,No,Free Shipping,No,33,Venmo,Fortnightly,False,False,True,14.0,Loyal high-value,6.928571428571429
1805,30,25-34,Male,Sweater,Clothing,42,Louisiana,Winter,4.4,No,Next Day Air,No,39,Credit Card,Weekly,False,False,True,7.0,New or occasional,6.0
1806,41,35-49,Male,T-shirt,Clothing,62,Arizona,Spring,4.9,No,Store Pickup,No,46,Debit Card,Weekly,False,False,True,7.0,Loyal high-value,8.857142857142858
1807,58,50+,Male,Handbag,Accessories,67,Rhode Island,Fall,3.9,No,Standard,No,24,Venmo,Annually,False,False,True,30.0,New or occasional,2.2333333333333334
1808,34,25-34,Male,Sneakers,Footwear,46,Vermont,Summer,3.5,No,Standard,No,37,Venmo,Fortnightly,False,False,True,14.0,New or occasional,3.2857142857142856
1809,67,50+,Male,Jacket,Outerwear,71,Tennessee,Spring,4.3,No,Next Day Air,No,7,Debit Card,Monthly,False,False,False,30.0,New or occasional,2.3666666666666667
1810,58,50+,Male,Backpack,Accessories,99,Alaska,Fall,3.4,No,Free Shipping,No,6,Debit Card,Fortnightly,False,False,False,14.0,New or occasional,7.071428571428571
1811,41,35-49,Male,Jeans,Clothing,28,Maryland,Fall,2.7,No,Standard,No,16,Cash,Bi-Weekly,False,False,True,14.0,New or occasional,2.0
1812,42,35-49,Male,Belt,Accessories,77,Wisconsin,Summer,3.6,No,Standard,No,33,Bank Transfer,Annually,False,False,True,30.0,Loyal high-value,2.566666666666667
1813,50,50+,Male,Boots,Footwear,63,Nevada,Summer,4.9,No,Express,No,18,PayPal,Bi-Weekly,False,False,True,14.0,New or occasional,4.5
1814,40,35-49,Male,Shorts,Clothing,62,Illinois,Spring,3.5,No,Free Shipping,No,24,PayPal,Weekly,False,False,True,7.0,New or occasional,8.857142857142858
1815,32,25-34,Male,Jeans,Clothing,92,Montana,Summer,3.8,No,Free Shipping,No,24,Cash,Quarterly,False,False,True,90.0,New or occasional,1.0222222222222221
1816,51,50+,Male,Shoes,Footwear,72,New Mexico,Winter,4.5,No,2-Day Shipping,No,48,Credit Card,Every 3 Months,False,False,True,90.0,Loyal high-value,0.8
1817,26,25-34,Male,Hat,Accessories,79,Virginia,Summer,4.0,No,Express,No,4,Cash,Weekly,False,False,False,7.0,New or occasional,11.285714285714286
1818,32,25-34,Male,T-shirt,Clothing,27,Delaware,Summer,4.7,No,Free Shipping,No,20,Cash,Weekly,False,False,True,7.0,New or occasional,3.857142857142857
1819,58,50+,Male,Sunglasses,Accessories,39,North Carolina,Fall,3.8,No,Express,No,47,Debit Card,Every 3 Months,False,False,True,90.0,New or occasional,0.43333333333333335
1820,51,50+,Male,Socks,Clothing,86,Nevada,Spring,4.5,No,Next Day Air,No,50,Cash,Quarterly,False,False,True,90.0,Loyal high-value,0.9555555555555556
1821,19,Under 25,Male,Shirt,Clothing,94,Washington,Fall,5.0,No,Express,No,31,PayPal,Monthly,False,False,True,30.0,Loyal high-value,3.1333333333333333
1822,57,50+,Male,Shorts,Clothing,53,Maine,Spring,2.8,No,Express,No,29,PayPal,Quarterly,False,False,True,90.0,New or occasional,0.5888888888888889
1823,66,50+,Male,Shirt,Clothing,85,Connecticut,Summer,4.4,No,Standard,No,4,Cash,Annually,False,False,False,30.0,New or occasional,2.8333333333333335
1824,62,50+,Male,Socks,Clothing,50,Louisiana,Fall,4.7,No,Free Shipping,No,40,Bank Transfer,Bi-Weekly,False,False,True,14.0,New or occasional,3.5714285714285716
1825,58,50+,Male,Pants,Clothing,47,Illinois,Winter,3.8,No,Express,No,31,Cash,Monthly,False,False,True,30.0,New or occasional,1.5666666666666667
1826,23,Under 25,Male,Boots,Footwear,75,South Dakota,Winter,4.9,No,Next Day Air,No,41,Credit Card,Weekly,False,False,True,7.0,Loyal high-value,10.714285714285714
1827,45,35-49,Male,T-shirt,Clothing,60,Indiana,Winter,4.2,No,Express,No,44,Debit Card,Annually,False,False,True,30.0,Loyal high-value,2.0
1828,20,Under 25,Male,T-shirt,Clothing,36,Vermont,Spring,4.9,No,2-Day Shipping,No,31,Bank Transfer,Weekly,False,False,True,7.0,New or occasional,5.142857142857143
1829,33,25-34,Male,Coat,Outerwear,80,New Hampshire,Spring,3.9,No,Express,No,45,Cash,Every 3 Months,False,False,True,90.0,Loyal high-value,0.8888888888888888
1830,30,25-34,Male,Hat,Accessories,96,Oregon,Spring,4.9,No,2-Day Shipping,No,50,Credit Card,Quarterly,False,False,True,90.0,Loyal high-value,1.0666666666666667
1831,50,50+,Male,Sunglasses,Accessories,80,Kansas,Winter,4.8,No,Express,No,7,Venmo,Annually,False,False,False,30.0,New or occasional,2.6666666666666665
1832,62,50+,Male,Blouse,Clothing,71,Maine,Summer,3.3,No,Free Shipping,No,5,Bank Transfer,Every 3 Months,False,False,False,90.0,New or occasional,0.7888888888888889
1833,69,50+,Male,Jewelry,Accessories,29,Louisiana,Fall,4.6,No,Free Shipping,No,48,Cash,Monthly,False,False,True,30.0,New or occasional,0.9666666666666667
1834,34,25-34,Male,Jewelry,Accessories,53,Louisiana,Spring,4.5,No,2-Day Shipping,No,19,PayPal,Fortnightly,False,False,True,14.0,New or occasional,3.7857142857142856
1835,49,35-49,Male,Skirt,Clothing,35,Indiana,Summer,4.1,No,2-Day Shipping,No,39,Venmo,Fortnightly,False,False,True,14.0,New or occasional,2.5
1836,65,50+,Male,Scarf,Accessories,75,Kentucky,Fall,3.2,No,2-Day Shipping,No,45,Credit Card,Quarterly,False,False,True,90.0,Loyal high-value,0.8333333333333334
1837,66,50+,Male,Pants,Clothing,52,South Carolina,Fall,4.2,No,2-Day Shipping,No,35,Credit Card,Monthly,False,False,True,30.0,New or occasional,1.7333333333333334
1838,41,35-49,Male,Hat,Accessories,77,Montana,Winter,4.8,No,Free Shipping,No,8,Venmo,Monthly,False,False,False,30.0,New or occasional,2.566666666666667
1839,37,35-49,Male,Gloves,Accessories,24,Vermont,Fall,4.1,No,Next Day Air,No,11,Credit Card,Quarterly,False,False,True,90.0,New or occasional,0.26666666666666666
1840,32,25-34,Male,Shirt,Clothing,78,Mississippi,Winter,3.7,No,Store Pickup,No,32,Cash,Annually,False,False,True,30.0,Loyal high-value,2.6
1841,42,35-49,Male,Sandals,Footwear,98,Wyoming,Winter,2.6,No,Store Pickup,No,46,Bank Transfer,Every 3 Months,False,False,True,90.0,Loyal high-value,1.0888888888888888
1842,31,25-34,Male,Socks,Clothing,57,Vermont,Winter,3.0,No,Standard,No,7,PayPal,Every 3 Months,False,False,False,90.0,New or occasional,0.6333333333333333
1843,61,50+,Male,Handbag,Accessories,78,Alabama,Summer,4.4,No,Express,No,1,Debit Card,Annually,False,False,False,30.0,New or occasional,2.6
1844,36,35-49,Male,Jacket,Outerwear,76,Kentucky,Fall,4.7,No,Next Day Air,No,32,Credit Card,Monthly,False,False,True,30.0,Loyal high-value,2.533333333333333
1845,60,50+,Male,Shorts,Clothing,26,South Dakota,Spring,2.7,No,2-Day Shipping,No,31,Credit Card,Annually,False,False,True,30.0,New or occasional,0.8666666666666667
1846,51,50+,Male,Sandals,Footwear,78,Delaware,Winter,2.8,No,2-Day Shipping,No,39,Bank Transfer,Quarterly,False,False,True,90.0,Loyal high-value,0.8666666666666667
1847,68,50+,Male,Scarf,Accessories,53,Wisconsin,Summer,2.9,No,Standard,No,9,Venmo,Quarterly,False,False,False,90.0,New or occasional,0.5888888888888889
1848,46,35-49,Male,Sandals,Footwear,100,Arizona,Summer,4.4,No,Free Shipping,No,49,Credit Card,Weekly,False,False,True,7.0,Loyal high-value,14.285714285714286
1849,19,Under 25,Male,Jeans,Clothing,73,Maine,Winter,2.7,No,Express,No,34,Cash,Every 3 Months,False,False,True,90.0,Loyal high-value,0.8111111111111111
1850,30,25-34,Male,Skirt,Clothing,40,New Mexico,Winter,4.5,No,Store Pickup,No,35,Bank Transfer,Monthly,False,False,True,30.0,New or occasional,1.3333333333333333
1851,51,50+,Male,Gloves,Accessories,76,Wyoming,Winter,2.8,No,Store Pickup,No,50,Debit Card,Weekly,False,False,True,7.0,Loyal high-value,10.857142857142858
1852,28,25-34,Male,Skirt,Clothing,80,Delaware,Fall,3.1,No,Free Shipping,No,4,Bank Transfer,Fortnightly,False,False,False,14.0,New or occasional,5.714285714285714
1853,41,35-49,Male,Sweater,Clothing,80,Pennsylvania,Winter,3.8,No,Store Pickup,No,32,Cash,Weekly,False,False,True,7.0,Loyal high-value,11.428571428571429
1854,29,25-34,Male,Blouse,Clothing,67,North Dakota,Spring,2.9,No,Express,No,11,PayPal,Fortnightly,False,False,True,14.0,New or occasional,4.785714285714286
1855,25,25-34,Male,Sweater,Clothing,61,Kentucky,Spring,3.8,No,Express,No,49,Credit Card,Annually,False,False,True,30.0,Loyal high-value,2.033333333333333
1856,60,50+,Male,Shirt,Clothing,76,Rhode Island,Spring,4.7,No,Standard,No,9,Cash,Annually,False,False,False,30.0,New or occasional,2.533333333333333
1857,63,50+,Male,Jewelry,Accessories,55,Arizona,Summer,3.2,No,Free Shipping,No,30,PayPal,Bi-Weekly,False,False,True,14.0,New or occasional,3.9285714285714284
1858,51,50+,Male,T-shirt,Clothing,85,Colorado,Summer,4.0,No,Next Day Air,No,33,Cash,Monthly,False,False,True,30.0,Loyal high-value,2.8333333333333335
1859,22,Under 25,Male,Scarf,Accessories,69,Maine,Spring,4.9,No,2-Day Shipping,No,8,Debit Card,Annually,False,False,False,30.0,New or occasional,2.3
1860,54,50+,Male,Belt,Accessories,26,New Jersey,Summer,3.7,No,Store Pickup,No,29,Debit Card,Fortnightly,False,False,True,14.0,New or occasional,1.8571428571428572
1861,18,Under 25,Male,T-shirt,Clothing,64,Kansas,Summer,4.8,No,Next Day Air,No,4,Credit Card,Monthly,False,False,False,30.0,New or occasional,2.1333333333333333
1862,29,25-34,Male,Sneakers,Footwear,60,South Dakota,Fall,3.6,No,Standard,No,19,Debit Card,Monthly,False,False,True,30.0,New or occasional,2.0
1863,59,50+,Male,Gloves,Accessories,36,New Hampshire,Winter,4.6,No,Express,No,10,PayPal,Fortnightly,False,False,True,14.0,New or occasional,2.5714285714285716
1864,25,25-34,Male,Sandals,Footwear,21,Connecticut,Spring,4.3,No,2-Day Shipping,No,39,Debit Card,Monthly,False,False,True,30.0,New or occasional,0.7
1865,19,Under 25,Male,Backpack,Accessories,72,Wyoming,Fall,3.2,No,2-Day Shipping,No,21,Venmo,Quarterly,False,False,True,90.0,New or occasional,0.8
1866,56,50+,Male,Pants,Clothing,62,Missouri,Summer,3.8,No,Store Pickup,No,12,Bank Transfer,Monthly,False,False,True,30.0,New or occasional,2.066666666666667
1867,31,25-34,Male,T-shirt,Clothing,44,Alaska,Winter,4.2,No,Standard,No,9,Credit Card,Fortnightly,False,False,False,14.0,New or occasional,3.142857142857143
1868,45,35-49,Male,Skirt,Clothing,52,Delaware,Fall,3.4,No,2-Day Shipping,No,20,Venmo,Quarterly,False,False,True,90.0,New or occasional,0.5777777777777777
1869,23,Under 25,Male,Gloves,Accessories,58,Indiana,Spring,4.7,No,Next Day Air,No,44,Cash,Fortnightly,False,False,True,14.0,New or occasional,4.142857142857143
1870,18,Under 25,Male,Blouse,Clothing,77,West Virginia,Spring,3.9,No,2-Day Shipping,No,16,Debit Card,Every 3 Months,False,False,True,90.0,New or occasional,0.8555555555555555
1871,43,35-49,Male,Blouse,Clothing,99,Wyoming,Spring,4.3,No,Store Pickup,No,27,Debit Card,Fortnightly,False,False,True,14.0,Loyal high-value,7.071428571428571
1872,56,50+,Male,Jeans,Clothing,96,Illinois,Fall,2.7,No,Standard,No,14,Cash,Every 3 Months,False,False,True,90.0,New or occasional,1.0666666666666667
1873,43,35-49,Male,T-shirt,Clothing,64,Alaska,Summer,4.6,No,Standard,No,24,Credit Card,Monthly,False,False,True,30.0,New or occasional,2.1333333333333333
1874,64,50+,Male,Sweater,Clothing,44,Wisconsin,Fall,2.9,No,Express,No,49,Bank Transfer,Weekly,False,False,True,7.0,New or occasional,6.285714285714286
1875,67,50+,Male,Pants,Clothing,33,Indiana,Fall,3.6,No,Free Shipping,No,14,Cash,Weekly,False,False,True,7.0,New or occasional,4.714285714285714
1876,63,50+,Male,Boots,Footwear,71,Tennessee,Winter,3.9,No,Next Day Air,No,6,Credit Card,Quarterly,False,False,False,90.0,New or occasional,0.7888888888888889
1877,54,50+,Male,Skirt,Clothing,36,Illinois,Fall,2.6,No,Standard,No,20,Venmo,Quarterly,False,False,True,90.0,New or occasional,0.4
1878,69,50+,Male,Gloves,Accessories,62,Pennsylvania,Fall,3.6,No,Express,No,3,Credit Card,Annually,False,False,False,30.0,New or occasional,2.066666666666667
1879,34,25-34,Male,Socks,Clothing,29,Oklahoma,Summer,3.4,No,Store Pickup,No,5,Credit Card,Monthly,False,False,False,30.0,New or occasional,0.9666666666666667
1880,56,50+,Male,T-shirt,Clothing,33,Tennessee,Spring,3.5,No,Express,No,46,Cash,Bi-Weekly,False,False,True,14.0,New or occasional,2.357142857142857
1881,34,25-34,Male,Blouse,Clothing,33,New Jersey,Fall,3.1,No,2-Day Shipping,No,8,Debit Card,Monthly,False,False,False,30.0,New or occasional,1.1
1882,58,50+,Male,Blouse,Clothing,41,New Jersey,Winter,4.3,No,Standard,No,13,Cash,Bi-Weekly,False,False,True,14.0,New or occasional,2.9285714285714284
1883,44,35-49,Male,Scarf,Accessories,54,Tennessee,Winter,5.0,No,Store Pickup,No,25,Bank Transfer,Quarterly,False,False,True,90.0,New or occasional,0.6
1884,25,25-34,Male,Backpack,Accessories,58,Georgia,Spring,4.9,No,Store Pickup,No,39,Debit Card,Fortnightly,False,False,True,14.0,New or occasional,4.142857142857143
1885,27,25-34,Male,Shorts,Clothing,30,Arizona,Summer,4.3,No,Next Day Air,No,15,Bank Transfer,Bi-Weekly,False,False,True,14.0,New or occasional,2.142857142857143
1886,26,25-34,Male,Jewelry,Accessories,53,Nevada,Winter,4.4,No,Standard,No,35,Cash,Monthly,False,False,True,30.0,New or occasional,1.7666666666666666
1887,18,Under 25,Male,Gloves,Accessories,91,Arkansas,Spring,4.4,No,Next Day Air,No,46,Cash,Bi-Weekly,False,False,True,14.0,Loyal high-value,6.5
1888,64,50+,Male,Hoodie,Clothing,44,North Dakota,Fall,3.5,No,Express,No,3,PayPal,Monthly,False,False,False,30.0,New or occasional,1.4666666666666666
1889,62,50+,Male,Hoodie,Clothing,89,South Dakota,Winter,3.4,No,Free Shipping,No,48,Credit Card,Weekly,False,False,True,7.0,Loyal high-value,12.714285714285714
1890,59,50+,Male,Skirt,Clothing,57,North Carolina,Spring,2.5,No,Next Day Air,No,27,Bank Transfer,Weekly,False,False,True,7.0,New or occasional,8.142857142857142
1891,36,35-49,Male,Sunglasses,Accessories,57,Hawaii,Spring,3.4,No,Store Pickup,No,5,Credit Card,Weekly,False,False,False,7.0,New or occasional,8.142857142857142
1892,69,50+,Male,Jewelry,Accessories,74,New Hampshire,Summer,2.6,No,Next Day Air,No,48,Debit Card,Quarterly,False,False,True,90.0,Loyal high-value,0.8222222222222222
1893,39,35-49,Male,Jacket,Outerwear,30,California,Fall,4.6,No,2-Day Shipping,No,12,Venmo,Weekly,False,False,True,7.0,New or occasional,4.285714285714286
1894,28,25-34,Male,Dress,Clothing,20,Delaware,Summer,3.7,No,Express,No,10,PayPal,Fortnightly,False,False,True,14.0,New or occasional,1.4285714285714286
1895,42,35-49,Male,Hoodie,Clothing,90,Arizona,Fall,2.5,No,Free Shipping,No,48,Debit Card,Bi-Weekly,False,False,True,14.0,Loyal high-value,6.428571428571429
1896,31,25-34,Male,Jeans,Clothing,61,Washington,Fall,4.5,No,Express,No,3,Debit Card,Monthly,False,False,False,30.0,New or occasional,2.033333333333333
1897,57,50+,Male,Sandals,Footwear,51,Nevada,Fall,2.9,No,Standard,No,19,Venmo,Monthly,False,False,True,30.0,New or occasional,1.7
1898,53,50+,Male,Sunglasses,Accessories,97,Alaska,Winter,2.9,No,Free Shipping,No,11,Debit Card,Fortnightly,False,False,True,14.0,New or occasional,6.928571428571429
1899,59,50+,Male,Pants,Clothing,97,Texas,Fall,3.5,No,Next Day Air,No,25,Venmo,Monthly,False,False,True,30.0,Loyal high-value,3.2333333333333334
1900,32,25-34,Male,Shorts,Clothing,40,New York,Winter,4.2,No,Store Pickup,No,42,PayPal,Weekly,False,False,True,7.0,New or occasional,5.714285714285714
1901,65,50+,Male,Jewelry,Accessories,85,Iowa,Summer,3.3,No,Free Shipping,No,34,Cash,Quarterly,False,False,True,90.0,Loyal high-value,0.9444444444444444
1902,56,50+,Male,Socks,Clothing,76,Arizona,Winter,3.9,No,Store Pickup,No,50,Cash,Quarterly,False,False,True,90.0,Loyal high-value,0.8444444444444444
1903,31,25-34,Male,Sandals,Footwear,22,New Mexico,Spring,5.0,No,Store Pickup,No,21,Venmo,Monthly,False,False,True,30.0,New or occasional,0.7333333333333333
1904,59,50+,Male,Pants,Clothing,63,North Carolina,Summer,3.3,No,Standard,No,37,Bank Transfer,Weekly,False,False,True,7.0,Loyal high-value,9.0
1905,22,Under 25,Male,T-shirt,Clothing,71,Nevada,Spring,4.2,No,Free Shipping,No,46,Cash,Monthly,False,False,True,30.0,Loyal high-value,2.3666666666666667
1906,47,35-49,Male,Boots,Footwear,35,Idaho,Summer,4.9,No,2-Day Shipping,No,14,Bank Transfer,Fortnightly,False,False,True,14.0,New or occasional,2.5
1907,23,Under 25,Male,Backpack,Accessories,30,Vermont,Spring,4.6,No,2-Day Shipping,No,24,PayPal,Fortnightly,False,False,True,14.0,New or occasional,2.142857142857143
1908,69,50+,Male,Skirt,Clothing,74,New Mexico,Fall,4.8,No,Store Pickup,No,36,Credit Card,Every 3 Months,False,False,True,90.0,Loyal high-value,0.8222222222222222
1909,18,Under 25,Male,Scarf,Accessories,71,Georgia,Winter,2.7,No,Next Day Air,No,19,Debit Card,Bi-Weekly,False,False,True,14.0,New or occasional,5.071428571428571
1910,50,50+,Male,Sweater,Clothing,84,Kentucky,Spring,4.3,No,Store Pickup,No,12,Credit Card,Monthly,False,False,True,30.0,New or occasional,2.8
1911,29,25-34,Male,Sandals,Footwear,38,New York,Fall,3.8,No,Express,No,13,Debit Card,Quarterly,False,False,True,90.0,New or occasional,0.4222222222222222
1912,65,50+,Male,Jewelry,Accessories,81,Arizona,Spring,4.9,No,Express,No,32,Debit Card,Bi-Weekly,False,False,True,14.0,Loyal high-value,5.785714285714286
1913,29,25-34,Male,Sweater,Clothing,56,Colorado,Winter,3.4,No,2-Day Shipping,No,5,Credit Card,Bi-Weekly,False,False,False,14.0,New or occasional,4.0
1914,49,35-49,Male,Skirt,Clothing,48,Kentucky,Winter,3.6,No,Express,No,29,Cash,Annually,False,False,True,30.0,New or occasional,1.6
1915,28,25-34,Male,Shorts,Clothing,97,Alaska,Fall,3.4,No,Standard,No,40,Credit Card,Fortnightly,False,False,True,14.0,Loyal high-value,6.928571428571429
1916,51,50+,Male,Backpack,Accessories,74,Alabama,Fall,4.7,No,2-Day Shipping,No,44,Cash,Weekly,False,False,True,7.0,Loyal high-value,10.571428571428571
1917,26,25-34,Male,Hoodie,Clothing,50,Connecticut,Winter,3.0,No,Next Day Air,No,3,Debit Card,Bi-Weekly,False,False,False,14.0,New or occasional,3.5714285714285716
1918,38,35-49,Male,Skirt,Clothing,71,Hawaii,Winter,3.4,No,Free Shipping,No,35,PayPal,Bi-Weekly,False,False,True,14.0,Loyal high-value,5.071428571428571
1919,35,35-49,Male,Skirt,Clothing,33,Idaho,Summer,4.6,No,Standard,No,33,Debit Card,Monthly,False,False,True,30.0,New or occasional,1.1
1920,34,25-34,Male,Backpack,Accessories,56,Virginia,Summer,3.1,No,Express,No,20,PayPal,Bi-Weekly,False,False,True,14.0,New or occasional,4.0
1921,51,50+,Male,Blouse,Clothing,84,Connecticut,Spring,2.8,No,Standard,No,40,Cash,Every 3 Months,False,False,True,90.0,Loyal high-value,0.9333333333333333
1922,47,35-49,Male,Shirt,Clothing,36,Michigan,Fall,3.5,No,Store Pickup,No,13,Venmo,Annually,False,False,True,30.0,New or occasional,1.2
1923,18,Under 25,Male,Gloves,Accessories,63,Kentucky,Summer,4.6,No,Standard,No,9,PayPal,Monthly,False,False,False,30.0,New or occasional,2.1
1924,64,50+,Male,Sandals,Footwear,36,Nebraska,Summer,4.3,No,Standard,No,7,Cash,Annually,False,False,False,30.0,New or occasional,1.2
1925,30,25-34,Male,Jacket,Outerwear,63,Michigan,Fall,4.8,No,Free Shipping,No,42,PayPal,Quarterly,False,False,True,90.0,Loyal high-value,0.7
1926,59,50+,Male,Sneakers,Footwear,32,Utah,Winter,2.9,No,Express,No,44,Credit Card,Fortnightly,False,False,True,14.0,New or occasional,2.2857142857142856
1927,66,50+,Male,Backpack,Accessories,93,New Mexico,Spring,3.0,No,Express,No,6,PayPal,Annually,False,False,False,30.0,New or occasional,3.1
1928,40,35-49,Male,Pants,Clothing,29,Florida,Summer,2.9,No,Standard,No,8,Cash,Every 3 Months,False,False,False,90.0,New or occasional,0.32222222222222224
1929,25,25-34,Male,Sunglasses,Accessories,92,Mississippi,Summer,3.7,No,Standard,No,10,PayPal,Weekly,False,False,True,7.0,New or occasional,13.142857142857142
1930,59,50+,Male,Jeans,Clothing,33,Hawaii,Fall,4.7,No,Standard,No,46,Venmo,Quarterly,False,False,True,90.0,New or occasional,0.36666666666666664
1931,66,50+,Male,Pants,Clothing,52,North Carolina,Spring,3.5,No,Store Pickup,No,26,Cash,Weekly,False,False,True,7.0,New or occasional,7.428571428571429
1932,54,50+,Male,Jewelry,Accessories,42,Illinois,Spring,2.7,No,Store Pickup,No,6,Debit Card,Every 3 Months,False,False,False,90.0,New or occasional,0.4666666666666667
1933,42,35-49,Male,Hoodie,Clothing,36,Maryland,Spring,5.0,No,Free Shipping,No,47,Credit Card,Every 3 Months,False,False,True,90.0,New or occasional,0.4
1934,48,35-49,Male,Sandals,Footwear,67,Montana,Summer,4.1,No,Next Day Air,No,28,Venmo,Annually,False,False,True,30.0,Loyal high-value,2.2333333333333334
1935,34,25-34,Male,Jacket,Outerwear,43,Michigan,Winter,2.7,No,Free Shipping,No,23,Bank Transfer,Annually,False,False,True,30.0,New or occasional,1.4333333333333333
1936,19,Under 25,Male,Blouse,Clothing,68,North Carolina,Spring,4.8,No,Free Shipping,No,45,Cash,Fortnightly,False,False,True,14.0,Loyal high-value,4.857142857142857
1937,70,50+,Male,Jewelry,Accessories,60,Minnesota,Summer,4.3,No,2-Day Shipping,No,44,PayPal,Every 3 Months,False,False,True,90.0,Loyal high-value,0.6666666666666666
1938,43,35-49,Male,Socks,Clothing,53,Delaware,Summer,4.5,No,2-Day Shipping,No,11,Bank Transfer,Monthly,False,False,True,30.0,New or occasional,1.7666666666666666
1939,46,35-49,Male,Jeans,Clothing,23,Kentucky,Spring,3.8,No,Standard,No,39,Debit Card,Bi-Weekly,False,False,True,14.0,New or occasional,1.6428571428571428
1940,66,50+,Male,Gloves,Accessories,57,Ohio,Winter,3.7,No,Store Pickup,No,20,PayPal,Every 3 Months,False,False,True,90.0,New or occasional,0.6333333333333333
1941,50,50+,Male,Hat,Accessories,89,Alaska,Fall,3.9,No,2-Day Shipping,No,48,PayPal,Fortnightly,False,False,True,14.0,Loyal high-value,6.357142857142857
1942,55,50+,Male,Shoes,Footwear,99,Vermont,Winter,3.3,No,Standard,No,46,Credit Card,Quarterly,False,False,True,90.0,Loyal high-value,1.1
1943,63,50+,Male,Pants,Clothing,28,Alabama,Fall,3.4,No,Express,No,22,PayPal,Monthly,False,False,True,30.0,New or occasional,0.9333333333333333
1944,32,25-34,Male,Socks,Clothing,53,Wisconsin,Summer,3.8,No,Next Day Air,No,45,Cash,Annually,False,False,True,30.0,New or occasional,1.7666666666666666
1945,30,25-34,Male,Hoodie,Clothing,45,Arkansas,Winter,2.7,No,Free Shipping,No,49,Cash,Every 3 Months,False,False,True,90.0,New or occasional,0.5
1946,35,35-49,Male,Hoodie,Clothing,38,Georgia,Winter,2.9,No,2-Day Shipping,No,9,Credit Card,Every 3 Months,False,False,False,90.0,New or occasional,0.4222222222222222
1947,59,50+,Male,Pants,Clothing,49,Louisiana,Summer,4.5,No,Standard,No,41,Credit Card,Quarterly,False,False,True,90.0,New or occasional,0.5444444444444444
1948,59,50+,Male,Shirt,Clothing,32,New York,Summer,2.6,No,Store Pickup,No,2,PayPal,Monthly,False,False,False,30.0,New or occasional,1.0666666666666667
1949,54,50+,Male,T-shirt,Clothing,37,Connecticut,Winter,3.1,No,Next Day Air,No,39,PayPal,Bi-Weekly,False,False,True,14.0,New or occasional,2.642857142857143
1950,63,50+,Male,Dress,Clothing,80,Nebraska,Winter,4.7,No,Store Pickup,No,12,PayPal,Quarterly,False,False,True,90.0,New or occasional,0.8888888888888888
1951,43,35-49,Male,Backpack,Accessories,78,Arkansas,Summer,4.6,No,Free Shipping,No,26,PayPal,Every 3 Months,False,False,True,90.0,Loyal high-value,0.8666666666666667
1952,33,25-34,Male,Gloves,Accessories,53,Connecticut,Summer,2.7,No,Next Day Air,No,32,Bank Transfer,Bi-Weekly,False,False,True,14.0,New or occasional,3.7857142857142856
1953,57,50+,Male,Shoes,Footwear,82,Maryland,Summer,4.6,No,2-Day Shipping,No,50,Cash,Bi-Weekly,False,False,True,14.0,Loyal high-value,5.857142857142857
1954,25,25-34,Male,Skirt,Clothing,33,Colorado,Spring,4.8,No,Standard,No,3,PayPal,Fortnightly,False,False,False,14.0,New or occasional,2.357142857142857
1955,26,25-34,Male,Gloves,Accessories,77,Colorado,Winter,4.2,No,Free Shipping,No,3,Venmo,Quarterly,False,False,False,90.0,New or occasional,0.8555555555555555
1956,50,50+,Male,Hoodie,Clothing,56,Maine,Winter,4.9,No,Express,No,37,Cash,Monthly,False,False,True,30.0,New or occasional,1.8666666666666667
1957,70,50+,Male,Socks,Clothing,37,Oklahoma,Winter,4.9,No,Express,No,20,Credit Card,Fortnightly,False,False,True,14.0,New or occasional,2.642857142857143
1958,68,50+,Male,Gloves,Accessories,54,South Carolina,Spring,4.5,No,Store Pickup,No,26,Cash,Bi-Weekly,False,False,True,14.0,New or occasional,3.857142857142857
1959,39,35-49,Male,Shorts,Clothing,67,Nevada,Winter,2.7,No,Store Pickup,No,47,Cash,Quarterly,False,False,True,90.0,Loyal high-value,0.7444444444444445
1960,46,35-49,Male,Shoes,Footwear,90,Colorado,Fall,3.1,No,Store Pickup,No,7,Credit Card,Every 3 Months,False,False,False,90.0,New or occasional,1.0
1961,57,50+,Male,Jeans,Clothing,72,Massachusetts,Summer,3.3,No,2-Day Shipping,No,40,Credit Card,Annually,False,False,True,30.0,Loyal high-value,2.4
1962,47,35-49,Male,Boots,Footwear,59,Nevada,Summer,2.6,No,Free Shipping,No,45,Debit Card,Quarterly,False,False,True,90.0,New or occasional,0.6555555555555556
1963,40,35-49,Male,Hat,Accessories,45,Iowa,Fall,4.4,No,Standard,No,20,PayPal,Fortnightly,False,False,True,14.0,New or occasional,3.2142857142857144
1964,52,50+,Male,Shorts,Clothing,30,Michigan,Spring,3.9,No,Standard,No,11,Credit Card,Weekly,False,False,True,7.0,New or occasional,4.285714285714286
1965,40,35-49,Male,Pants,Clothing,51,West Virginia,Summer,4.6,No,Express,No,50,Debit Card,Monthly,False,False,True,30.0,New or occasional,1.7
1966,67,50+,Male,Sweater,Clothing,90,Indiana,Fall,4.9,No,Express,No,25,Debit Card,Quarterly,False,False,True,90.0,Loyal high-value,1.0
1967,67,50+,Male,Jacket,Outerwear,95,Indiana,Winter,3.7,No,Express,No,5,Credit Card,Fortnightly,False,False,False,14.0,New or occasional,6.785714285714286
1968,37,35-49,Male,Dress,Clothing,81,Georgia,Fall,3.7,No,Standard,No,4,Venmo,Annually,False,False,False,30.0,New or occasional,2.7
1969,67,50+,Male,Shirt,Clothing,70,Minnesota,Spring,4.2,No,Standard,No,25,Credit Card,Weekly,False,False,True,7.0,Loyal high-value,10.0
1970,64,50+,Male,Dress,Clothing,32,Louisiana,Winter,3.5,No,Next Day Air,No,11,Bank Transfer,Fortnightly,False,False,True,14.0,New or occasional,2.2857142857142856
1971,28,25-34,Male,Belt,Accessories,94,Maryland,Spring,2.9,No,Next Day Air,No,4,Credit Card,Bi-Weekly,False,False,False,14.0,New or occasional,6.714285714285714
1972,54,50+,Male,Hat,Accessories,29,Pennsylvania,Spring,3.4,No,Next Day Air,No,1,Venmo,Monthly,False,False,False,30.0,New or occasional,0.9666666666666667
1973,54,50+,Male,Backpack,Accessories,31,Louisiana,Summer,3.3,No,Express,No,48,PayPal,Every 3 Months,False,False,True,90.0,New or occasional,0.34444444444444444
1974,24,Under 25,Male,Skirt,Clothing,20,Maryland,Fall,4.5,No,Standard,No,9,Venmo,Every 3 Months,False,False,False,90.0,New or occasional,0.2222222222222222
1975,27,25-34,Male,Gloves,Accessories,44,Tennessee,Winter,4.6,No,2-Day Shipping,No,2,PayPal,Fortnightly,False,False,False,14.0,New or occasional,3.142857142857143
1976,53,50+,Male,Jacket,Outerwear,77,Illinois,Fall,2.9,No,Express,No,4,Cash,Quarterly,False,False,False,90.0,New or occasional,0.8555555555555555
1977,32,25-34,Male,Handbag,Accessories,51,Wyoming,Spring,3.2,No,Next Day Air,No,43,PayPal,Fortnightly,False,False,True,14.0,New or occasional,3.642857142857143
1978,24,Under 25,Male,Sandals,Footwear,49,Florida,Summer,2.6,No,Free Shipping,No,32,Bank Transfer,Annually,False,False,True,30.0,New or occasional,1.6333333333333333
1979,45,35-49,Male,Sunglasses,Accessories,78,Massachusetts,Spring,3.8,No,Store Pickup,No,1,Cash,Quarterly,False,False,False,90.0,New or occasional,0.8666666666666667
1980,49,35-49,Male,Jeans,Clothing,98,Tennessee,Spring,2.8,No,Store Pickup,No,38,Debit Card,Fortnightly,False,False,True,14.0,Loyal high-value,7.0
1981,51,50+,Male,Sandals,Footwear,94,Iowa,Winter,4.4,No,Store Pickup,No,25,PayPal,Fortnightly,False,False,True,14.0,Loyal high-value,6.714285714285714
1982,69,50+,Male,Shoes,Footwear,91,Michigan,Summer,4.7,No,Express,No,42,PayPal,Quarterly,False,False,True,90.0,Loyal high-value,1.011111111111111
1983,41,35-49,Male,Sunglasses,Accessories,77,Kansas,Summer,2.7,No,2-Day Shipping,No,32,PayPal,Monthly,False,False,True,30.0,Loyal high-value,2.566666666666667
1984,59,50+,Male,Scarf,Accessories,97,Georgia,Summer,2.6,No,Next Day Air,No,21,Debit Card,Quarterly,False,False,True,90.0,New or occasional,1.0777777777777777
1985,26,25-34,Male,Skirt,Clothing,58,West Virginia,Summer,3.4,No,2-Day Shipping,No,26,PayPal,Fortnightly,False,False,True,14.0,New or occasional,4.142857142857143
1986,23,Under 25,Male,Gloves,Accessories,97,Tennessee,Spring,3.9,No,2-Day Shipping,No,6,Credit Card,Fortnightly,False,False,False,14.0,New or occasional,6.928571428571429
1987,62,50+,Male,Coat,Outerwear,48,Arkansas,Summer,3.4,No,2-Day Shipping,No,14,Venmo,Quarterly,False,False,True,90.0,New or occasional,0.5333333333333333
1988,69,50+,Male,Belt,Accessories,23,Vermont,Summer,3.4,No,Express,No,4,Cash,Quarterly,False,False,False,90.0,New or occasional,0.25555555555555554
1989,46,35-49,Male,Pants,Clothing,79,Virginia,Winter,3.9,No,Free Shipping,No,26,Bank Transfer,Weekly,False,False,True,7.0,Loyal high-value,11.285714285714286
1990,35,35-49,Male,Jewelry,Accessories,42,Maryland,Spring,4.0,No,Express,No,39,PayPal,Bi-Weekly,False,False,True,14.0,New or occasional,3.0
1991,32,25-34,Male,Backpack,Accessories,95,Connecticut,Spring,3.4,No,2-Day Shipping,No,15,PayPal,Annually,False,False,True,30.0,New or occasional,3.1666666666666665
1992,46,35-49,Male,Sneakers,Footwear,29,Missouri,Summer,3.7,No,Next Day Air,No,1,Venmo,Every 3 Months,False,False,False,90.0,New or occasional,0.32222222222222224
1993,33,25-34,Male,Hoodie,Clothing,98,New Jersey,Winter,4.9,No,2-Day Shipping,No,28,Venmo,Monthly,False,False,True,30.0,Loyal high-value,3.2666666666666666
1994,32,25-34,Male,Blouse,Clothing,96,Arkansas,Spring,5.0,No,Express,No,17,Cash,Weekly,False,False,True,7.0,New or occasional,13.714285714285714
1995,33,25-34,Male,Sunglasses,Accessories,66,Nevada,Fall,2.9,No,Next Day Air,No,24,Credit Card,Weekly,False,False,True,7.0,New or occasional,9.428571428571429
1996,67,50+,Male,Boots,Footwear,80,Missouri,Spring,3.0,No,Standard,No,29,Debit Card,Quarterly,False,False,True,90.0,Loyal high-value,0.8888888888888888
1997,67,50+,Male,Sneakers,Footwear,27,South Dakota,Summer,3.3,No,Next Day Air,No,18,Cash,Every 3 Months,False,False,True,90.0,New or occasional,0.3
1998,42,35-49,Male,Backpack,Accessories,25,Connecticut,Fall,4.7,No,Express,No,10,Debit Card,Bi-Weekly,False,False,True,14.0,New or occasional,1.7857142857142858
1999,20,Under 25,Male,Pants,Clothing,45,Vermont,Fall,3.4,No,2-Day Shipping,No,19,Cash,Quarterly,False,False,True,90.0,New or occasional,0.5
2000,39,35-49,Male,Socks,Clothing,89,Tennessee,Winter,4.6,No,2-Day Shipping,No,26,Debit Card,Monthly,False,False,True,30.0,Loyal high-value,2.966666666666667
2001,26,25-34,Male,Belt,Accessories,27,California,Winter,3.6,No,2-Day Shipping,No,25,Cash,Bi-Weekly,False,False,True,14.0,New or occasional,1.9285714285714286
2002,51,50+,Male,Sunglasses,Accessories,90,Wyoming,Winter,2.6,No,Free Shipping,No,2,Debit Card,Fortnightly,False,False,False,14.0,New or occasional,6.428571428571429
2003,31,25-34,Male,Shirt,Clothing,65,New York,Summer,2.7,No,Express,No,19,PayPal,Every 3 Months,False,False,True,90.0,New or occasional,0.7222222222222222
2004,68,50+,Male,Sneakers,Footwear,72,Maine,Spring,3.1,No,Express,No,32,Cash,Quarterly,False,False,True,90.0,Loyal high-value,0.8
2005,44,35-49,Male,Shoes,Footwear,70,Georgia,Fall,3.2,No,2-Day Shipping,No,13,Cash,Bi-Weekly,False,False,True,14.0,New or occasional,5.0
2006,18,Under 25,Male,Sandals,Footwear,82,Tennessee,Winter,3.4,No,Store Pickup,No,30,PayPal,Fortnightly,False,False,True,14.0,Loyal high-value,5.857142857142857
2007,58,50+,Male,Scarf,Accessories,97,New Mexico,Fall,4.4,No,Express,No,2,Credit Card,Annually,False,False,False,30.0,New or occasional,3.2333333333333334
2008,26,25-34,Male,Shirt,Clothing,25,Virginia,Summer,3.2,No,2-Day Shipping,No,8,PayPal,Quarterly,False,False,False,90.0,New or occasional,0.2777777777777778
2009,57,50+,Male,Skirt,Clothing,48,Florida,Spring,2.5,No,Free Shipping,No,27,PayPal,Every 3 Months,False,False,True,90.0,New or occasional,0.5333333333333333
2010,37,35-49,Male,Boots,Footwear,99,Alabama,Summer,3.8,No,Next Day Air,No,26,Venmo,Bi-Weekly,False,False,True,14.0,Loyal high-value,7.071428571428571
2011,24,Under 25,Male,Sweater,Clothing,21,Texas,Summer,4.4,No,2-Day Shipping,No,3,Debit Card,Bi-Weekly,False,False,False,14.0,New or occasional,1.5
2012,57,50+,Male,Sandals,Footwear,94,West Virginia,Spring,3.7,No,Express,No,4,Bank Transfer,Monthly,False,False,False,30.0,New or occasional,3.1333333333333333
2013,48,35-49,Male,Jeans,Clothing,53,Nevada,Fall,3.2,No,Store Pickup,No,5,Cash,Fortnightly,False,False,False,14.0,New or occasional,3.7857142857142856
2014,39,35-49,Male,Backpack,Accessories,70,Virginia,Winter,4.9,No,Standard,No,25,Debit Card,Quarterly,False,False,True,90.0,Loyal high-value,0.7777777777777778
2015,51,50+,Male,Skirt,Clothing,26,Wisconsin,Summer,3.9,No,Standard,No,47,PayPal,Bi-Weekly,False,False,True,14.0,New or occasional,1.8571428571428572
2016,57,50+,Male,Belt,Accessories,82,Virginia,Summer,4.5,No,Next Day Air,No,8,Credit Card,Fortnightly,False,False,False,14.0,New or occasional,5.857142857142857
2017,53,50+,Male,Shoes,Footwear,47,Maine,Winter,3.4,No,Standard,No,20,Debit Card,Fortnightly,False,False,True,14.0,New or occasional,3.357142857142857
2018,70,50+,Male,Socks,Clothing,32,Massachusetts,Winter,4.1,No,Next Day Air,No,42,Bank Transfer,Every 3 Months,False,False,True,90.0,New or occasional,0.35555555555555557
2019,60,50+,Male,Backpack,Accessories,97,Arkansas,Fall,4.5,No,Store Pickup,No,20,Bank Transfer,Weekly,False,False,True,7.0,New or occasional,13.857142857142858
2020,31,25-34,Male,Shirt,Clothing,68,Idaho,Winter,4.7,No,Store Pickup,No,23,Cash,Fortnightly,False,False,True,14.0,New or occasional,4.857142857142857
2021,41,35-49,Male,Sweater,Clothing,23,Pennsylvania,Winter,4.8,No,Next Day Air,No,26,Cash,Quarterly,False,False,True,90.0,New or occasional,0.25555555555555554
2022,62,50+,Male,Handbag,Accessories,33,Maine,Winter,4.4,No,Standard,No,48,Venmo,Quarterly,False,False,True,90.0,New or occasional,0.36666666666666664
2023,59,50+,Male,Jewelry,Accessories,38,Alabama,Winter,4.0,No,Store Pickup,No,16,Cash,Bi-Weekly,False,False,True,14.0,New or occasional,2.7142857142857144
2024,46,35-49,Male,Socks,Clothing,68,Idaho,Winter,4.1,No,Store Pickup,No,28,Cash,Bi-Weekly,False,False,True,14.0,Loyal high-value,4.857142857142857
2025,62,50+,Male,Socks,Clothing,23,Arkansas,Fall,3.7,No,Express,No,39,PayPal,Weekly,False,False,True,7.0,New or occasional,3.2857142857142856
2026,42,35-49,Male,Shirt,Clothing,29,Delaware,Summer,3.0,No,Express,No,43,Debit Card,Fortnightly,False,False,True,14.0,New or occasional,2.0714285714285716
2027,37,35-49,Male,Scarf,Accessories,35,Maine,Winter,3.6,No,Express,No,45,Bank Transfer,Every 3 Months,False,False,True,90.0,New or occasional,0.3888888888888889
2028,50,50+,Male,Shoes,Footwear,73,Nebraska,Fall,4.8,No,Standard,No,50,Credit Card,Every 3 Months,False,False,True,90.0,Loyal high-value,0.8111111111111111
2029,29,25-34,Male,Shoes,Footwear,84,Ohio,Fall,3.7,No,2-Day Shipping,No,10,Venmo,Bi-Weekly,False,False,True,14.0,New or occasional,6.0
2030,25,25-34,Male,Scarf,Accessories,23,Montana,Spring,4.6,No,Next Day Air,No,40,PayPal,Quarterly,False,False,True,90.0,New or occasional,0.25555555555555554
2031,66,50+,Male,Sunglasses,Accessories,67,New Mexico,Summer,2.8,No,Standard,No,38,Credit Card,Monthly,False,False,True,30.0,Loyal high-value,2.2333333333333334
2032,21,Under 25,Male,Socks,Clothing,51,North Carolina,Spring,4.0,No,Standard,No,2,Credit Card,Monthly,False,False,False,30.0,New or occasional,1.7
2033,46,35-49,Male,Blouse,Clothing,36,South Carolina,Winter,4.2,No,Next Day Air,No,13,Cash,Annually,False,False,True,30.0,New or occasional,1.2
2034,57,50+,Male,Jeans,Clothing,55,Illinois,Summer,3.6,No,Express,No,33,Venmo,Annually,False,False,True,30.0,New or occasional,1.8333333333333333
2035,61,50+,Male,Shorts,Clothing,30,Alabama,Spring,2.9,No,Store Pickup,No,27,PayPal,Monthly,False,False,True,30.0,New or occasional,1.0
2036,53,50+,Male,T-shirt,Clothing,70,Oklahoma,Summer,4.1,No,Express,No,43,Bank Transfer,Weekly,False,False,True,7.0,Loyal high-value,10.0
2037,37,35-49,Male,Blouse,Clothing,63,Minnesota,Winter,3.1,No,Next Day Air,No,46,Cash,Weekly,False,False,True,7.0,Loyal high-value,9.0
2038,39,35-49,Male,Belt,Accessories,87,Illinois,Summer,4.3,No,Express,No,7,Venmo,Bi-Weekly,False,False,False,14.0,New or occasional,6.214285714285714
2039,53,50+,Male,Blouse,Clothing,70,Arkansas,Spring,4.4,No,Next Day Air,No,35,Credit Card,Fortnightly,False,False,True,14.0,Loyal high-value,5.0
2040,35,35-49,Male,T-shirt,Clothing,51,Minnesota,Spring,3.1,No,Next Day Air,No,31,Debit Card,Bi-Weekly,False,False,True,14.0,New or occasional,3.642857142857143
2041,69,50+,Male,Jewelry,Accessories,25,South Carolina,Spring,2.9,No,Free Shipping,No,42,Venmo,Quarterly,False,False,True,90.0,New or occasional,0.2777777777777778
2042,66,50+,Male,Jacket,Outerwear,32,New York,Winter,3.2,No,Next Day Air,No,14,PayPal,Bi-Weekly,False,False,True,14.0,New or occasional,2.2857142857142856
2043,19,Under 25,Male,Shoes,Footwear,52,Alabama,Spring,4.0,No,2-Day Shipping,No,35,Venmo,Monthly,False,False,True,30.0,New or occasional,1.7333333333333334
2044,47,35-49,Male,Gloves,Accessories,33,New York,Summer,2.7,No,Standard,No,49,PayPal,Weekly,False,False,True,7.0,New or occasional,4.714285714285714
2045,49,35-49,Male,Jeans,Clothing,68,Missouri,Spring,3.0,No,Free Shipping,No,17,PayPal,Fortnightly,False,False,True,14.0,New or occasional,4.857142857142857
2046,31,25-34,Male,Jewelry,Accessories,20,Georgia,Fall,4.4,No,Express,No,26,PayPal,Quarterly,False,False,True,90.0,New or occasional,0.2222222222222222
2047,39,35-49,Male,Pants,Clothing,32,Oklahoma,Winter,2.8,No,Free Shipping,No,30,Cash,Every 3 Months,False,False,True,90.0,New or occasional,0.35555555555555557
2048,58,50+,Male,Jewelry,Accessories,82,Connecticut,Summer,3.1,No,Store Pickup,No,32,Cash,Annually,False,False,True,30.0,Loyal high-value,2.7333333333333334
2049,45,35-49,Male,Sneakers,Footwear,64,Michigan,Winter,3.9,No,Express,No,35,Bank Transfer,Quarterly,False,False,True,90.0,Loyal high-value,0.7111111111111111
2050,68,50+,Male,Boots,Footwear,24,Rhode Island,Fall,2.7,No,Standard,No,15,Venmo,Annually,False,False,True,30.0,New or occasional,0.8
2051,35,35-49,Male,Hat,Accessories,96,Mississippi,Summer,3.4,No,Store Pickup,No,10,Debit Card,Annually,False,False,True,30.0,New or occasional,3.2
2052,65,50+,Male,T-shirt,Clothing,94,Massachusetts,Spring,3.8,No,Free Shipping,No,14,Credit Card,Monthly,False,False,True,30.0,New or occasional,3.1333333333333333
2053,45,35-49,Male,Backpack,Accessories,48,New Hampshire,Winter,3.7,No,2-Day Shipping,No,30,Bank Transfer,Annually,False,False,True,30.0,New or occasional,1.6
2054,19,Under 25,Male,Sunglasses,Accessories,60,Wyoming,Spring,4.5,No,2-Day Shipping,No,16,Credit Card,Fortnightly,False,False,True,14.0,New or occasional,4.285714285714286
2055,65,50+,Male,Sweater,Clothing,56,New Jersey,Spring,2.9,No,Express,No,14,PayPal,Annually,False,False,True,30.0,New or occasional,1.8666666666666667
2056,28,25-34,Male,Handbag,Accessories,33,Texas,Fall,3.4,No,2-Day Shipping,No,28,Bank Transfer,Weekly,False,False,True,7.0,New or occasional,4.714285714285714
2057,55,50+,Male,Backpack,Accessories,46,Minnesota,Spring,4.4,No,2-Day Shipping,No,29,PayPal,Monthly,False,False,True,30.0,New or occasional,1.5333333333333334
2058,66,50+,Male,Socks,Clothing,37,South Dakota,Spring,4.2,No,Standard,No,5,PayPal,Every 3 Months,False,False,False,90.0,New or occasional,0.4111111111111111
2059,29,25-34,Male,Shirt,Clothing,98,Washington,Winter,3.3,No,Store Pickup,No,17,Bank Transfer,Quarterly,False,False,True,90.0,New or occasional,1.0888888888888888
2060,56,50+,Male,Shorts,Clothing,50,California,Spring,3.7,No,Express,No,50,PayPal,Weekly,False,False,True,7.0,New or occasional,7.142857142857143
2061,21,Under 25,Male,Belt,Accessories,63,Wisconsin,Fall,3.2,No,Next Day Air,No,23,Bank Transfer,Quarterly,False,False,True,90.0,New or occasional,0.7
2062,32,25-34,Male,Sweater,Clothing,70,Michigan,Summer,2.6,No,Store Pickup,No,22,Debit Card,Annually,False,False,True,30.0,New or occasional,2.3333333333333335
2063,54,50+,Male,Coat,Outerwear,63,South Carolina,Fall,2.8,No,Standard,No,15,Cash,Quarterly,False,False,True,90.0,New or occasional,0.7
2064,61,50+,Male,Shorts,Clothing,86,Indiana,Fall,2.9,No,Standard,No,32,Cash,Monthly,False,False,True,30.0,Loyal high-value,2.8666666666666667
2065,31,25-34,Male,Shoes,Footwear,99,Arkansas,Summer,4.0,No,2-Day Shipping,No,5,Bank Transfer,Monthly,False,False,False,30.0,New or occasional,3.3
2066,27,25-34,Male,Sneakers,Footwear,40,Oregon,Spring,2.9,No,Free Shipping,No,6,Bank Transfer,Bi-Weekly,False,False,False,14.0,New or occasional,2.857142857142857
2067,64,50+,Male,Sneakers,Footwear,92,Illinois,Fall,4.7,No,Store Pickup,No,44,Debit Card,Fortnightly,False,False,True,14.0,Loyal high-value,6.571428571428571
2068,60,50+,Male,Pants,Clothing,21,Maryland,Fall,3.1,No,2-Day Shipping,No,23,Cash,Fortnightly,False,False,True,14.0,New or occasional,1.5
2069,70,50+,Male,Jewelry,Accessories,81,Vermont,Summer,3.9,No,Store Pickup,No,44,Venmo,Monthly,False,False,True,30.0,Loyal high-value,2.7
2070,36,35-49,Male,T-shirt,Clothing,82,Texas,Fall,3.4,No,Free Shipping,No,3,Debit Card,Quarterly,False,False,False,90.0,New or occasional,0.9111111111111111
2071,56,50+,Male,Jewelry,Accessories,88,Nebraska,Spring,3.1,No,Express,No,14,Cash,Monthly,False,False,True,30.0,New or occasional,2.933333333333333
2072,69,50+,Male,Jacket,Outerwear,100,South Carolina,Fall,4.8,No,Store Pickup,No,37,PayPal,Quarterly,False,False,True,90.0,Loyal high-value,1.1111111111111112
2073,39,35-49,Male,Backpack,Accessories,66,Massachusetts,Winter,3.9,No,Next Day Air,No,22,Bank Transfer,Weekly,False,False,True,7.0,New or occasional,9.428571428571429
2074,38,35-49,Male,Belt,Accessories,25,Texas,Winter,3.5,No,Next Day Air,No,2,PayPal,Every 3 Months,False,False,False,90.0,New or occasional,0.2777777777777778
2075,36,35-49,Male,Scarf,Accessories,53,Florida,Summer,3.1,No,Free Shipping,No,44,Debit Card,Fortnightly,False,False,True,14.0,New or occasional,3.7857142857142856
2076,46,35-49,Male,Sweater,Clothing,28,South Carolina,Fall,4.7,No,Express,No,49,Debit Card,Monthly,False,False,True,30.0,New or occasional,0.9333333333333333
2077,59,50+,Male,Gloves,Accessories,23,Florida,Fall,4.6,No,Free Shipping,No,22,Debit Card,Bi-Weekly,False,False,True,14.0,New or occasional,1.6428571428571428
2078,64,50+,Male,Scarf,Accessories,34,Nebraska,Fall,3.3,No,Free Shipping,No,26,Bank Transfer,Annually,False,False,True,30.0,New or occasional,1.1333333333333333
2079,49,35-49,Male,Dress,Clothing,42,Hawaii,Spring,3.2,No,Next Day Air,No,40,Debit Card,Weekly,False,False,True,7.0,New or occasional,6.0
2080,32,25-34,Male,Jeans,Clothing,24,Montana,Summer,3.1,No,Next Day Air,No,16,PayPal,Quarterly,False,False,True,90.0,New or occasional,0.26666666666666666
2081,29,25-34,Male,Sunglasses,Accessories,47,South Dakota,Fall,3.5,No,Free Shipping,No,17,Debit Card,Bi-Weekly,False,False,True,14.0,New or occasional,3.357142857142857
2082,24,Under 25,Male,Coat,Outerwear,78,Alabama,Spring,4.3,No,Standard,No,48,Bank Transfer,Bi-Weekly,False,False,True,14.0,Loyal high-value,5.571428571428571
2083,41,35-49,Male,Jeans,Clothing,89,Arkansas,Summer,2.9,No,Free Shipping,No,28,Venmo,Every 3 Months,False,False,True,90.0,Loyal high-value,0.9888888888888889
2084,41,35-49,Male,Scarf,Accessories,59,Mississippi,Fall,2.7,No,Store Pickup,No,26,Credit Card,Fortnightly,False,False,True,14.0,New or occasional,4.214285714285714
2085,32,25-34,Male,Blouse,Clothing,94,Vermont,Summer,4.0,No,Standard,No,43,Bank Transfer,Quarterly,False,False,True,90.0,Loyal high-value,1.0444444444444445
2086,69,50+,Male,Jeans,Clothing,49,New York,Fall,4.6,No,Free Shipping,No,38,Debit Card,Weekly,False,False,True,7.0,New or occasional,7.0
2087,65,50+,Male,Dress,Clothing,89,North Dakota,Summer,4.7,No,2-Day Shipping,No,36,Cash,Every 3 Months,False,False,True,90.0,Loyal high-value,0.9888888888888889
2088,54,50+,Male,Hat,Accessories,91,Wisconsin,Summer,4.7,No,Standard,No,1,Credit Card,Weekly,False,False,False,7.0,New or occasional,13.0
2089,39,35-49,Male,Sandals,Footwear,89,California,Spring,4.0,No,Standard,No,49,Debit Card,Annually,False,False,True,30.0,Loyal high-value,2.966666666666667
2090,37,35-49,Male,Jacket,Outerwear,57,Maryland,Spring,3.6,No,Free Shipping,No,41,Credit Card,Every 3 Months,False,False,True,90.0,New or occasional,0.6333333333333333
2091,51,50+,Male,Socks,Clothing,71,Massachusetts,Winter,3.4,No,Free Shipping,No,21,Debit Card,Monthly,False,False,True,30.0,New or occasional,2.3666666666666667
2092,26,25-34,Male,Jeans,Clothing,97,Washington,Fall,3.0,No,Next Day Air,No,24,Bank Transfer,Quarterly,False,False,True,90.0,New or occasional,1.0777777777777777
2093,42,35-49,Male,Sandals,Footwear,45,Minnesota,Fall,2.6,No,Next Day Air,No,27,Bank Transfer,Weekly,False,False,True,7.0,New or occasional,6.428571428571429
2094,21,Under 25,Male,Dress,Clothing,91,Washington,Spring,4.2,No,Store Pickup,No,4,Debit Card,Annually,False,False,False,30.0,New or occasional,3.033333333333333
2095,53,50+,Male,Socks,Clothing,25,South Carolina,Spring,3.4,No,Standard,No,19,Venmo,Annually,False,False,True,30.0,New or occasional,0.8333333333333334
2096,36,35-49,Male,Hoodie,Clothing,63,New Mexico,Fall,4.0,No,Store Pickup,No,1,Bank Transfer,Fortnightly,False,False,False,14.0,New or occasional,4.5
2097,21,Under 25,Male,Dress,Clothing,52,North Carolina,Summer,4.7,No,Free Shipping,No,27,Debit Card,Annually,False,False,True,30.0,New or occasional,1.7333333333333334
2098,33,25-34,Male,Sneakers,Footwear,43,Iowa,Winter,3.9,No,Next Day Air,No,5,Credit Card,Weekly,False,False,False,7.0,New or occasional,6.142857142857143
2099,49,35-49,Male,T-shirt,Clothing,28,Louisiana,Summer,3.3,No,2-Day Shipping,No,20,Venmo,Quarterly,False,False,True,90.0,New or occasional,0.3111111111111111
2100,31,25-34,Male,T-shirt,Clothing,78,Oklahoma,Summer,2.9,No,Express,No,50,PayPal,Annually,False,False,True,30.0,Loyal high-value,2.6
2101,68,50+,Male,Sweater,Clothing,31,Michigan,Spring,4.4,No,Free Shipping,No,36,Cash,Fortnightly,False,False,True,14.0,New or occasional,2.2142857142857144
2102,49,35-49,Male,Shirt,Clothing,23,Oregon,Winter,3.6,No,Next Day Air,No,12,Bank Transfer,Bi-Weekly,False,False,True,14.0,New or occasional,1.6428571428571428
2103,23,Under 25,Male,Hat,Accessories,25,Idaho,Spring,4.5,No,Store Pickup,No,23,Cash,Monthly,False,False,True,30.0,New or occasional,0.8333333333333334
2104,30,25-34,Male,Pants,Clothing,86,Indiana,Summer,3.7,No,Store Pickup,No,21,Venmo,Weekly,False,False,True,7.0,New or occasional,12.285714285714286
2105,53,50+,Male,Shoes,Footwear,88,New Mexico,Spring,2.8,No,Free Shipping,No,47,Venmo,Weekly,False,False,True,7.0,Loyal high-value,12.571428571428571
2106,65,50+,Male,Gloves,Accessories,35,South Carolina,Spring,4.5,No,Free Shipping,No,38,Venmo,Bi-Weekly,False,False,True,14.0,New or occasional,2.5
2107,60,50+,Male,Jewelry,Accessories,34,Vermont,Fall,4.4,No,Standard,No,40,Credit Card,Every 3 Months,False,False,True,90.0,New or occasional,0.37777777777777777
2108,46,35-49,Male,Pants,Clothing,75,Delaware,Winter,3.3,No,Standard,No,35,PayPal,Quarterly,False,False,True,90.0,Loyal high-value,0.8333333333333334
2109,54,50+,Male,Hoodie,Clothing,46,North Dakota,Winter,4.2,No,Express,No,4,Credit Card,Quarterly,False,False,False,90.0,New or occasional,0.5111111111111111
2110,59,50+,Male,Jewelry,Accessories,31,California,Fall,2.7,No,Free Shipping,No,28,Venmo,Every 3 Months,False,False,True,90.0,New or occasional,0.34444444444444444
2111,52,50+,Male,Socks,Clothing,93,Montana,Spring,3.9,No,Store Pickup,No,36,Debit Card,Every 3 Months,False,False,True,90.0,Loyal high-value,1.0333333333333334
2112,41,35-49,Male,Sunglasses,Accessories,85,Missouri,Spring,2.6,No,Free Shipping,No,15,Bank Transfer,Annually,False,False,True,30.0,New or occasional,2.8333333333333335
2113,43,35-49,Male,Belt,Accessories,68,Tennessee,Fall,4.5,No,2-Day Shipping,No,7,Cash,Fortnightly,False,False,False,14.0,New or occasional,4.857142857142857
2114,63,50+,Male,Dress,Clothing,40,Virginia,Spring,2.7,No,Store Pickup,No,29,PayPal,Every 3 Months,False,False,True,90.0,New or occasional,0.4444444444444444
2115,37,35-49,Male,Shirt,Clothing,51,Vermont,Winter,2.9,No,Standard,No,12,Debit Card,Annually,False,False,True,30.0,New or occasional,1.7
2116,44,35-49,Male,Scarf,Accessories,85,Rhode Island,Winter,3.4,No,Store Pickup,No,16,Bank Transfer,Bi-Weekly,False,False,True,14.0,New or occasional,6.071428571428571
2117,67,50+,Male,Jacket,Outerwear,23,Kansas,Summer,2.9,No,Express,No,50,Debit Card,Bi-Weekly,False,False,True,14.0,New or occasional,1.6428571428571428
2118,27,25-34,Male,Dress,Clothing,28,Colorado,Summer,3.8,No,Free Shipping,No,11,Debit Card,Annually,False,False,True,30.0,New or occasional,0.9333333333333333
2119,60,50+,Male,Socks,Clothing,44,Georgia,Fall,4.2,No,2-Day Shipping,No,28,Debit Card,Quarterly,False,False,True,90.0,New or occasional,0.4888888888888889
2120,58,50+,Male,Jewelry,Accessories,57,Nebraska,Spring,3.5,No,Store Pickup,No,36,Venmo,Bi-Weekly,False,False,True,14.0,New or occasional,4.071428571428571
2121,53,50+,Male,Scarf,Accessories,98,Missouri,Fall,3.1,No,Next Day Air,No,38,PayPal,Quarterly,False,False,True,90.0,Loyal high-value,1.0888888888888888
2122,43,35-49,Male,Backpack,Accessories,68,Alaska,Winter,3.5,No,2-Day Shipping,No,32,Bank Transfer,Monthly,False,False,True,30.0,Loyal high-value,2.2666666666666666
2123,32,25-34,Male,Jacket,Outerwear,36,Virginia,Fall,4.0,No,Express,No,42,Debit Card,Weekly,False,False,True,7.0,New or occasional,5.142857142857143
2124,54,50+,Male,Coat,Outerwear,71,Nebraska,Spring,3.7,No,Express,No,22,Debit Card,Bi-Weekly,False,False,True,14.0,New or occasional,5.071428571428571
2125,47,35-49,Male,Skirt,Clothing,60,Rhode Island,Fall,4.2,No,Next Day Air,No,22,Venmo,Quarterly,False,False,True,90.0,New or occasional,0.6666666666666666
2126,57,50+,Male,Coat,Outerwear,87,New Hampshire,Fall,4.8,No,Store Pickup,No,31,PayPal,Quarterly,False,False,True,90.0,Loyal high-value,0.9666666666666667
2127,63,50+,Male,Shoes,Footwear,38,Alabama,Winter,4.1,No,Express,No,28,Credit Card,Monthly,False,False,True,30.0,New or occasional,1.2666666666666666
2128,70,50+,Male,Boots,Footwear,45,North Carolina,Spring,4.5,No,2-Day Shipping,No,40,Debit Card,Weekly,False,False,True,7.0,New or occasional,6.428571428571429
2129,62,50+,Male,Coat,Outerwear,47,New Mexico,Fall,2.7,No,2-Day Shipping,No,21,PayPal,Weekly,False,False,True,7.0,New or occasional,6.714285714285714
2130,40,35-49,Male,Skirt,Clothing,57,Minnesota,Fall,2.8,No,Store Pickup,No,12,PayPal,Every 3 Months,False,False,True,90.0,New or occasional,0.6333333333333333
2131,25,25-34,Male,Backpack,Accessories,68,Arizona,Summer,3.7,No,Free Shipping,No,33,Credit Card,Annually,False,False,True,30.0,Loyal high-value,2.2666666666666666
2132,19,Under 25,Male,Shorts,Clothing,52,Montana,Fall,3.6,No,Express,No,9,Bank Transfer,Fortnightly,False,False,False,14.0,New or occasional,3.7142857142857144
2133,25,25-34,Male,Skirt,Clothing,87,Vermont,Fall,4.7,No,2-Day Shipping,No,15,Debit Card,Weekly,False,False,True,7.0,New or occasional,12.428571428571429
2134,21,Under 25,Male,Hat,Accessories,34,Maine,Summer,3.8,No,Standard,No,13,Bank Transfer,Annually,False,False,True,30.0,New or occasional,1.1333333333333333
2135,55,50+,Male,Sandals,Footwear,41,Virginia,Winter,2.9,No,Standard,No,35,Credit Card,Fortnightly,False,False,True,14.0,New or occasional,2.9285714285714284
2136,34,25-34,Male,Sunglasses,Accessories,94,California,Winter,4.6,No,Next Day Air,No,1,Debit Card,Every 3 Months,False,False,False,90.0,New or occasional,1.0444444444444445
2137,47,35-49,Male,Sunglasses,Accessories,93,New York,Summer,2.8,No,Standard,No,25,Bank Transfer,Fortnightly,False,False,True,14.0,Loyal high-value,6.642857142857143
2138,27,25-34,Male,Socks,Clothing,51,Indiana,Winter,4.6,No,2-Day Shipping,No,20,Credit Card,Every 3 Months,False,False,True,90.0,New or occasional,0.5666666666666667
2139,67,50+,Male,Sweater,Clothing,42,Mississippi,Fall,2.8,No,Next Day Air,No,36,Venmo,Quarterly,False,False,True,90.0,New or occasional,0.4666666666666667
2140,40,35-49,Male,Boots,Footwear,95,New York,Winter,3.0,No,Free Shipping,No,33,Cash,Weekly,False,False,True,7.0,Loyal high-value,13.571428571428571
2141,53,50+,Male,Handbag,Accessories,90,New Mexico,Fall,3.7,No,Standard,No,36,Cash,Fortnightly,False,False,True,14.0,Loyal high-value,6.428571428571429
2142,24,Under 25,Male,Dress,Clothing,98,Kentucky,Winter,4.1,No,2-Day Shipping,No,32,PayPal,Annually,False,False,True,30.0,Loyal high-value,3.2666666666666666
2143,47,35-49,Male,Hat,Accessories,39,North Dakota,Winter,4.3,No,Next Day Air,No,21,Venmo,Quarterly,False,False,True,90.0,New or occasional,0.43333333333333335
2144,53,50+,Male,Sandals,Footwear,66,Arkansas,Fall,3.8,No,Next Day Air,No,48,Venmo,Bi-Weekly,False,False,True,14.0,Loyal high-value,4.714285714285714
2145,47,35-49,Male,Shoes,Footwear,23,Maryland,Winter,3.7,No,Free Shipping,No,25,PayPal,Quarterly,False,False,True,90.0,New or occasional,0.25555555555555554
2146,38,35-49,Male,Skirt,Clothing,73,Connecticut,Winter,4.8,No,Standard,No,32,PayPal,Annually,False,False,True,30.0,Loyal high-value,2.433333333333333
2147,48,35-49,Male,Sunglasses,Accessories,23,Utah,Summer,4.6,No,Standard,No,45,PayPal,Every 3 Months,False,False,True,90.0,New or occasional,0.25555555555555554
2148,47,35-49,Male,Skirt,Clothing,43,Missouri,Fall,4.8,No,Standard,No,4,Cash,Fortnightly,False,False,False,14.0,New or occasional,3.0714285714285716
2149,19,Under 25,Male,T-shirt,Clothing,45,Nebraska,Winter,4.6,No,2-Day Shipping,No,19,PayPal,Bi-Weekly,False,False,True,14.0,New or occasional,3.2142857142857144
2150,38,35-49,Male,Sandals,Footwear,21,Hawaii,Winter,4.0,No,Standard,No,1,Bank Transfer,Weekly,False,False,False,7.0,New or occasional,3.0
2151,57,50+,Male,Shirt,Clothing,40,Illinois,Spring,2.6,No,2-Day Shipping,No,12,Cash,Weekly,False,False,True,7.0,New or occasional,5.714285714285714
2152,70,50+,Male,Jeans,Clothing,58,Vermont,Fall,2.6,No,2-Day Shipping,No,18,Venmo,Monthly,False,False,True,30.0,New or occasional,1.9333333333333333
2153,38,35-49,Male,Shorts,Clothing,48,New Jersey,Summer,4.5,No,Next Day Air,No,43,Bank Transfer,Bi-Weekly,False,False,True,14.0,New or occasional,3.4285714285714284
2154,35,35-49,Male,Shirt,Clothing,94,Kentucky,Fall,4.2,No,Free Shipping,No,31,PayPal,Annually,False,False,True,30.0,Loyal high-value,3.1333333333333333
2155,46,35-49,Male,Scarf,Accessories,74,Wyoming,Spring,3.4,No,Store Pickup,No,33,Cash,Every 3 Months,False,False,True,90.0,Loyal high-value,0.8222222222222222
2156,32,25-34,Male,Handbag,Accessories,51,Hawaii,Fall,3.7,No,Store Pickup,No,46,PayPal,Monthly,False,False,True,30.0,New or occasional,1.7
2157,38,35-49,Male,Skirt,Clothing,83,Missouri,Winter,3.6,No,Next Day Air,No,41,Debit Card,Bi-Weekly,False,False,True,14.0,Loyal high-value,5.928571428571429
2158,41,35-49,Male,Handbag,Accessories,68,Mississippi,Winter,4.0,No,Next Day Air,No,41,Venmo,Fortnightly,False,False,True,14.0,Loyal high-value,4.857142857142857
2159,19,Under 25,Male,Gloves,Accessories,84,Massachusetts,Spring,4.6,No,Standard,No,9,Bank Transfer,Fortnightly,False,False,False,14.0,New or occasional,6.0
2160,18,Under 25,Male,Shirt,Clothing,58,Louisiana,Fall,3.0,No,Free Shipping,No,34,Cash,Annually,False,False,True,30.0,New or occasional,1.9333333333333333
2161,45,35-49,Male,Blouse,Clothing,92,West Virginia,Winter,3.3,No,Express,No,21,PayPal,Annually,False,False,True,30.0,New or occasional,3.066666666666667
2162,23,Under 25,Male,Dress,Clothing,69,Washington,Summer,3.8,No,Express,No,5,Debit Card,Fortnightly,False,False,False,14.0,New or occasional,4.928571428571429
2163,60,50+,Male,Shorts,Clothing,48,Oregon,Summer,2.7,No,Free Shipping,No,32,PayPal,Weekly,False,False,True,7.0,New or occasional,6.857142857142857
2164,52,50+,Male,Shoes,Footwear,60,New York,Spring,4.5,No,Express,No,44,Bank Transfer,Monthly,False,False,True,30.0,Loyal high-value,2.0
2165,42,35-49,Male,Sandals,Footwear,20,Iowa,Winter,4.8,No,Next Day Air,No,46,PayPal,Bi-Weekly,False,False,True,14.0,New or occasional,1.4285714285714286
2166,29,25-34,Male,Pants,Clothing,55,Idaho,Summer,4.2,No,Express,No,42,Credit Card,Every 3 Months,False,False,True,90.0,New or occasional,0.6111111111111112
2167,31,25-34,Male,Jacket,Outerwear,88,New Jersey,Spring,3.5,No,Express,No,50,Credit Card,Bi-Weekly,False,False,True,14.0,Loyal high-value,6.285714285714286
2168,30,25-34,Male,Skirt,Clothing,48,Ohio,Winter,4.9,No,Standard,No,33,Venmo,Fortnightly,False,False,True,14.0,New or occasional,3.4285714285714284
2169,23,Under 25,Male,Handbag,Accessories,74,Connecticut,Spring,4.1,No,Next Day Air,No,32,Cash,Quarterly,False,False,True,90.0,Loyal high-value,0.8222222222222222
2170,31,25-34,Male,Coat,Outerwear,42,Florida,Fall,2.9,No,Next Day Air,No,32,Bank Transfer,Bi-Weekly,False,False,True,14.0,New or occasional,3.0
2171,40,35-49,Male,Sweater,Clothing,32,South Carolina,Fall,4.0,No,Next Day Air,No,37,Venmo,Every 3 Months,False,False,True,90.0,New or occasional,0.35555555555555557
2172,39,35-49,Male,Shorts,Clothing,98,Missouri,Summer,4.6,No,Store Pickup,No,9,Cash,Fortnightly,False,False,False,14.0,New or occasional,7.0
2173,28,25-34,Male,Skirt,Clothing,89,Rhode Island,Fall,2.8,No,Store Pickup,No,6,PayPal,Fortnightly,False,False,False,14.0,New or occasional,6.357142857142857
2174,23,Under 25,Male,Gloves,Accessories,97,Delaware,Summer,5.0,No,2-Day Shipping,No,36,Venmo,Quarterly,False,False,True,90.0,Loyal high-value,1.0777777777777777
2175,42,35-49,Male,Backpack,Accessories,49,Colorado,Spring,2.9,No,Store Pickup,No,1,Cash,Annually,False,False,False,30.0,New or occasional,1.6333333333333333
2176,68,50+,Male,Dress,Clothing,50,Nebraska,Spring,3.3,No,Free Shipping,No,48,Credit Card,Fortnightly,False,False,True,14.0,New or occasional,3.5714285714285716
2177,24,Under 25,Male,Belt,Accessories,91,Vermont,Winter,3.4,No,2-Day Shipping,No,44,Debit Card,Quarterly,False,False,True,90.0,Loyal high-value,1.011111111111111
2178,24,Under 25,Male,Gloves,Accessories,93,Montana,Winter,3.0,No,Express,No,9,PayPal,Bi-Weekly,False,False,False,14.0,New or occasional,6.642857142857143
2179,21,Under 25,Male,Jewelry,Accessories,98,Florida,Summer,4.7,No,Standard,No,32,Venmo,Annually,False,False,True,30.0,Loyal high-value,3.2666666666666666
2180,49,35-49,Male,Socks,Clothing,82,Delaware,Fall,2.9,No,Next Day Air,No,14,PayPal,Monthly,False,False,True,30.0,New or occasional,2.7333333333333334
2181,41,35-49,Male,Coat,Outerwear,37,Connecticut,Summer,4.1,No,Store Pickup,No,43,Cash,Quarterly,False,False,True,90.0,New or occasional,0.4111111111111111
2182,22,Under 25,Male,Handbag,Accessories,63,Hawaii,Fall,3.2,No,Free Shipping,No,32,Bank Transfer,Bi-Weekly,False,False,True,14.0,Loyal high-value,4.5
2183,42,35-49,Male,Blouse,Clothing,99,New Mexico,Winter,2.7,No,Store Pickup,No,26,Venmo,Bi-Weekly,False,False,True,14.0,Loyal high-value,7.071428571428571
2184,30,25-34,Male,Shorts,Clothing,37,Kansas,Spring,4.7,No,Store Pickup,No,2,Cash,Monthly,False,False,False,30.0,New or occasional,1.2333333333333334
2185,38,35-49,Male,Shoes,Footwear,34,Nevada,Spring,3.2,No,Free Shipping,No,16,PayPal,Every 3 Months,False,False,True,90.0,New or occasional,0.37777777777777777
2186,40,35-49,Male,Shorts,Clothing,32,North Carolina,Winter,2.5,No,Express,No,50,Debit Card,Every 3 Months,False,False,True,90.0,New or occasional,0.35555555555555557
2187,55,50+,Male,Sandals,Footwear,23,New Mexico,Winter,4.3,No,Next Day Air,No,6,PayPal,Every 3 Months,False,False,False,90.0,New or occasional,0.25555555555555554
2188,37,35-49,Male,Blouse,Clothing,78,Idaho,Spring,4.4,No,Free Shipping,No,20,PayPal,Annually,False,False,True,30.0,New or occasional,2.6
2189,41,35-49,Male,Coat,Outerwear,54,California,Winter,4.7,No,Next Day Air,No,9,Credit Card,Weekly,False,False,False,7.0,New or occasional,7.714285714285714
2190,38,35-49,Male,Blouse,Clothing,94,Wisconsin,Fall,4.0,No,Express,No,47,Credit Card,Bi-Weekly,False,False,True,14.0,Loyal high-value,6.714285714285714
2191,42,35-49,Male,Belt,Accessories,75,Alaska,Spring,4.6,No,Express,No,33,Credit Card,Annually,False,False,True,30.0,Loyal high-value,2.5
2192,26,25-34,Male,Blouse,Clothing,69,Pennsylvania,Summer,3.8,No,Next Day Air,No,46,Cash,Bi-Weekly,False,False,True,14.0,Loyal high-value,4.928571428571429
2193,41,35-49,Male,Scarf,Accessories,35,Virginia,Winter,3.2,No,Next Day Air,No,9,Credit Card,Monthly,False,False,False,30.0,New or occasional,1.1666666666666667
2194,27,25-34,Male,Shirt,Clothing,78,California,Spring,5.0,No,Express,No,8,PayPal,Monthly,False,False,False,30.0,New or occasional,2.6
2195,61,50+,Male,Socks,Clothing,29,Kentucky,Summer,3.5,No,Standard,No,48,Bank Transfer,Quarterly,False,False,True,90.0,New or occasional,0.32222222222222224
2196,58,50+,Male,Jeans,Clothing,62,New York,Fall,3.7,No,Next Day Air,No,2,Cash,Monthly,False,False,False,30.0,New or occasional,2.066666666666667
2197,25,25-34,Male,Dress,Clothing,58,Vermont,Spring,4.8,No,Next Day Air,No,31,PayPal,Weekly,False,False,True,7.0,New or occasional,8.285714285714286
2198,33,25-34,Male,Boots,Footwear,88,Pennsylvania,Summer,3.7,No,2-Day Shipping,No,40,Venmo,Monthly,False,False,True,30.0,Loyal high-value,2.933333333333333
2199,57,50+,Male,Scarf,Accessories,80,New York,Summer,3.5,No,Free Shipping,No,35,Venmo,Monthly,False,False,True,30.0,Loyal high-value,2.6666666666666665
2200,39,35-49,Male,Scarf,Accessories,47,North Carolina,Summer,4.9,No,Store Pickup,No,40,Debit Card,Monthly,False,False,True,30.0,New or occasional,1.5666666666666667
2201,60,50+,Male,Gloves,Accessories,51,Wyoming,Summer,4.7,No,Next Day Air,No,27,Debit Card,Every 3 Months,False,False,True,90.0,New or occasional,0.5666666666666667
2202,39,35-49,Male,Pants,Clothing,25,Ohio,Spring,4.9,No,2-Day Shipping,No,10,Venmo,Annually,False,False,True,30.0,New or occasional,0.8333333333333334
2203,42,35-49,Male,Dress,Clothing,36,Alabama,Summer,4.3,No,Next Day Air,No,23,Credit Card,Weekly,False,False,True,7.0,New or occasional,5.142857142857143
2204,53,50+,Male,Dress,Clothing,79,Rhode Island,Winter,3.1,No,Free Shipping,No,32,Cash,Quarterly,False,False,True,90.0,Loyal high-value,0.8777777777777778
2205,20,Under 25,Male,Jeans,Clothing,41,Oregon,Winter,3.4,No,2-Day Shipping,No,6,Debit Card,Monthly,False,False,False,30.0,New or occasional,1.3666666666666667
2206,46,35-49,Male,Sweater,Clothing,68,North Dakota,Fall,2.7,No,Express,No,27,PayPal,Weekly,False,False,True,7.0,Loyal high-value,9.714285714285714
2207,46,35-49,Male,Sandals,Footwear,51,Illinois,Spring,2.6,No,Store Pickup,No,25,Bank Transfer,Fortnightly,False,False,True,14.0,New or occasional,3.642857142857143
2208,69,50+,Male,Handbag,Accessories,38,New Mexico,Fall,2.9,No,Next Day Air,No,11,Credit Card,Annually,False,False,True,30.0,New or occasional,1.2666666666666666
2209,28,25-34,Male,Scarf,Accessories,46,Colorado,Summer,2.7,No,2-Day Shipping,No,23,PayPal,Monthly,False,False,True,30.0,New or occasional,1.5333333333333334
2210,42,35-49,Male,Sandals,Footwear,20,Utah,Summer,4.5,No,2-Day Shipping,No,44,Bank Transfer,Quarterly,False,False,True,90.0,New or occasional,0.2222222222222222
2211,30,25-34,Male,Sunglasses,Accessories,25,Virginia,Summer,3.1,No,Store Pickup,No,35,PayPal,Fortnightly,False,False,True,14.0,New or occasional,1.7857142857142858
2212,50,50+,Male,Sweater,Clothing,89,Maine,Winter,3.2,No,Free Shipping,No,45,Debit Card,Every 3 Months,False,False,True,90.0,Loyal high-value,0.9888888888888889
2213,59,50+,Male,Pants,Clothing,77,Nebraska,Winter,3.3,No,Next Day Air,No,22,Bank Transfer,Quarterly,False,False,True,90.0,New or occasional,0.8555555555555555
2214,54,50+,Male,Hat,Accessories,94,Hawaii,Fall,2.9,No,Express,No,18,Debit Card,Quarterly,False,False,True,90.0,New or occasional,1.0444444444444445
2215,50,50+,Male,Belt,Accessories,100,Idaho,Fall,4.1,No,Standard,No,20,Debit Card,Weekly,False,False,True,7.0,New or occasional,14.285714285714286
2216,25,25-34,Male,Sandals,Footwear,96,West Virginia,Winter,2.7,No,Express,No,28,Credit Card,Fortnightly,False,False,True,14.0,Loyal high-value,6.857142857142857
2217,41,35-49,Male,Pants,Clothing,36,Vermont,Winter,4.0,No,Store Pickup,No,15,Venmo,Bi-Weekly,False,False,True,14.0,New or occasional,2.5714285714285716
2218,35,35-49,Male,Jewelry,Accessories,27,Indiana,Fall,2.6,No,Store Pickup,No,42,Bank Transfer,Fortnightly,False,False,True,14.0,New or occasional,1.9285714285714286
2219,67,50+,Male,Sunglasses,Accessories,67,Idaho,Winter,3.5,No,Store Pickup,No,20,Debit Card,Quarterly,False,False,True,90.0,New or occasional,0.7444444444444445
2220,33,25-34,Male,Blouse,Clothing,91,Minnesota,Fall,2.8,No,Store Pickup,No,16,Bank Transfer,Fortnightly,False,False,True,14.0,New or occasional,6.5
2221,19,Under 25,Male,Belt,Accessories,62,Wyoming,Fall,4.5,No,Store Pickup,No,47,Cash,Annually,False,False,True,30.0,Loyal high-value,2.066666666666667
2222,25,25-34,Male,Shorts,Clothing,88,Kansas,Fall,3.0,No,Free Shipping,No,34,Credit Card,Annually,False,False,True,30.0,Loyal high-value,2.933333333333333
2223,32,25-34,Male,Pants,Clothing,66,Georgia,Summer,4.4,No,Store Pickup,No,30,Credit Card,Weekly,False,False,True,7.0,Loyal high-value,9.428571428571429
2224,30,25-34,Male,Sandals,Footwear,65,Kansas,Fall,4.7,No,Next Day Air,No,5,PayPal,Quarterly,False,False,False,90.0,New or occasional,0.7222222222222222
2225,18,Under 25,Male,Gloves,Accessories,25,Nebraska,Winter,4.3,No,Standard,No,38,Cash,Quarterly,False,False,True,90.0,New or occasional,0.2777777777777778
2226,38,35-49,Male,Belt,Accessories,64,Washington,Spring,4.8,No,Free Shipping,No,18,Credit Card,Annually,False,False,True,30.0,New or occasional,2.1333333333333333
2227,22,Under 25,Male,Shirt,Clothing,72,Missouri,Spring,4.8,No,Store Pickup,No,28,Cash,Annually,False,False,True,30.0,Loyal high-value,2.4
2228,40,35-49,Male,Scarf,Accessories,74,Washington,Summer,4.4,No,Next Day Air,No,42,Credit Card,Fortnightly,False,False,True,14.0,Loyal high-value,5.285714285714286
2229,54,50+,Male,Gloves,Accessories,50,Kansas,Fall,3.7,No,Free Shipping,No,5,Credit Card,Weekly,False,False,False,7.0,New or occasional,7.142857142857143
2230,70,50+,Male,Pants,Clothing,97,Minnesota,Fall,3.9,No,Express,No,50,Venmo,Monthly,False,False,True,30.0,Loyal high-value,3.2333333333333334
2231,52,50+,Male,Sneakers,Footwear,36,Colorado,Spring,3.8,No,Express,No,33,Venmo,Fortnightly,False,False,True,14.0,New or occasional,2.5714285714285716
2232,34,25-34,Male,Jacket,Outerwear,49,Utah,Fall,4.1,No,Store Pickup,No,1,Credit Card,Weekly,False,False,False,7.0,New or occasional,7.0
2233,65,50+,Male,Shoes,Footwear,64,North Carolina,Spring,4.0,No,Store Pickup,No,14,Cash,Fortnightly,False,False,True,14.0,New or occasional,4.571428571428571
2234,38,35-49,Male,Blouse,Clothing,31,Florida,Summer,4.5,No,Express,No,48,Credit Card,Monthly,False,False,True,30.0,New or occasional,1.0333333333333334
2235,35,35-49,Male,Boots,Footwear,66,New Hampshire,Winter,4.0,No,Express,No,26,Cash,Weekly,False,False,True,7.0,Loyal high-value,9.428571428571429
2236,40,35-49,Male,Socks,Clothing,82,Illinois,Spring,4.5,No,2-Day Shipping,No,44,Credit Card,Annually,False,False,True,30.0,Loyal high-value,2.7333333333333334
2237,23,Under 25,Male,T-shirt,Clothing,88,Louisiana,Winter,2.7,No,Standard,No,18,Debit Card,Fortnightly,False,False,True,14.0,New or occasional,6.285714285714286
2238,45,35-49,Male,Sandals,Footwear,34,Alabama,Summer,3.8,No,Next Day Air,No,31,Venmo,Every 3 Months,False,False,True,90.0,New or occasional,0.37777777777777777
2239,40,35-49,Male,Sneakers,Footwear,84,Florida,Winter,3.8,No,Standard,No,18,Debit Card,Weekly,False,False,True,7.0,New or occasional,12.0
2240,42,35-49,Male,Jewelry,Accessories,96,Alabama,Summer,3.8,No,2-Day Shipping,No,41,Credit Card,Every 3 Months,False,False,True,90.0,Loyal high-value,1.0666666666666667
2241,57,50+,Male,Sandals,Footwear,71,California,Winter,4.3,No,Next Day Air,No,18,Debit Card,Every 3 Months,False,False,True,90.0,New or occasional,0.7888888888888889
2242,18,Under 25,Male,Jacket,Outerwear,77,Maryland,Summer,3.5,No,Free Shipping,No,3,Bank Transfer,Bi-Weekly,False,False,False,14.0,New or occasional,5.5
2243,18,Under 25,Male,Skirt,Clothing,66,Nevada,Spring,3.8,No,Next Day Air,No,5,Credit Card,Bi-Weekly,False,False,False,14.0,New or occasional,4.714285714285714
2244,56,50+,Male,Shirt,Clothing,21,Massachusetts,Winter,3.7,No,2-Day Shipping,No,13,Debit Card,Annually,False,False,True,30.0,New or occasional,0.7
2245,35,35-49,Male,Shorts,Clothing,37,South Carolina,Summer,4.8,No,2-Day Shipping,No,22,PayPal,Annually,False,False,True,30.0,New or occasional,1.2333333333333334
2246,49,35-49,Male,Socks,Clothing,90,Delaware,Fall,4.9,No,Free Shipping,No,45,PayPal,Fortnightly,False,False,True,14.0,Loyal high-value,6.428571428571429
2247,49,35-49,Male,Jacket,Outerwear,96,Hawaii,Fall,4.3,No,Store Pickup,No,39,PayPal,Every 3 Months,False,False,True,90.0,Loyal high-value,1.0666666666666667
2248,34,25-34,Male,Jewelry,Accessories,37,Florida,Summer,4.4,No,Next Day Air,No,18,Venmo,Annually,False,False,True,30.0,New or occasional,1.2333333333333334
2249,63,50+,Male,T-shirt,Clothing,66,Rhode Island,Winter,3.4,No,Free Shipping,No,19,PayPal,Fortnightly,False,False,True,14.0,New or occasional,4.714285714285714
2250,42,35-49,Male,Gloves,Accessories,45,Wyoming,Spring,4.3,No,Next Day Air,No,29,Debit Card,Weekly,False,False,True,7.0,New or occasional,6.428571428571429
2251,41,35-49,Male,Shoes,Footwear,89,Colorado,Summer,4.6,No,Store Pickup,No,19,Credit Card,Weekly,False,False,True,7.0,New or occasional,12.714285714285714
2252,26,25-34,Male,Shoes,Footwear,94,Virginia,Fall,3.8,No,Free Shipping,No,22,Debit Card,Monthly,False,False,True,30.0,New or occasional,3.1333333333333333
2253,48,35-49,Male,Shoes,Footwear,96,Nebraska,Summer,3.9,No,Express,No,21,Bank Transfer,Annually,False,False,True,30.0,New or occasional,3.2
2254,62,50+,Male,Hoodie,Clothing,31,Oklahoma,Spring,2.6,No,Store Pickup,No,22,PayPal,Monthly,False,False,True,30.0,New or occasional,1.0333333333333334
2255,24,Under 25,Male,Belt,Accessories,79,North Dakota,Winter,4.2,No,Store Pickup,No,44,PayPal,Every 3 Months,False,False,True,90.0,Loyal high-value,0.8777777777777778
2256,48,35-49,Male,Coat,Outerwear,39,Michigan,Spring,4.6,No,Store Pickup,No,42,Bank Transfer,Quarterly,False,False,True,90.0,New or occasional,0.43333333333333335
2257,31,25-34,Male,Blouse,Clothing,22,California,Fall,5.0,No,Standard,No,33,Credit Card,Quarterly,False,False,True,90.0,New or occasional,0.24444444444444444
2258,41,35-49,Male,Skirt,Clothing,32,Tennessee,Fall,4.2,No,Standard,No,6,Bank Transfer,Annually,False,False,False,30.0,New or occasional,1.0666666666666667
2259,24,Under 25,Male,T-shirt,Clothing,71,Ohio,Winter,4.3,No,Store Pickup,No,44,Credit Card,Every 3 Months,False,False,True,90.0,Loyal high-value,0.7888888888888889
2260,60,50+,Male,Jeans,Clothing,96,Florida,Spring,3.3,No,Free Shipping,No,24,Cash,Annually,False,False,True,30.0,New or occasional,3.2
2261,38,35-49,Male,Scarf,Accessories,82,Missouri,Fall,4.9,No,Express,No,16,PayPal,Quarterly,False,False,True,90.0,New or occasional,0.9111111111111111
2262,58,50+,Male,Backpack,Accessories,76,South Carolina,Spring,4.4,No,Standard,No,12,Bank Transfer,Fortnightly,False,False,True,14.0,New or occasional,5.428571428571429
2263,53,50+,Male,Backpack,Accessories,22,Arizona,Winter,3.1,No,2-Day Shipping,No,50,PayPal,Monthly,False,False,True,30.0,New or occasional,0.7333333333333333
2264,44,35-49,Male,Scarf,Accessories,40,Indiana,Winter,3.5,No,Store Pickup,No,42,Cash,Quarterly,False,False,True,90.0,New or occasional,0.4444444444444444
2265,51,50+,Male,Hat,Accessories,92,North Dakota,Summer,3.9,No,2-Day Shipping,No,50,PayPal,Monthly,False,False,True,30.0,Loyal high-value,3.066666666666667
2266,36,35-49,Male,Coat,Outerwear,94,Montana,Fall,3.9,No,Store Pickup,No,10,PayPal,Quarterly,False,False,True,90.0,New or occasional,1.0444444444444445
2267,20,Under 25,Male,Dress,Clothing,44,Missouri,Fall,4.3,No,Store Pickup,No,32,Debit Card,Weekly,False,False,True,7.0,New or occasional,6.285714285714286
2268,32,25-34,Male,Gloves,Accessories,49,Kentucky,Spring,3.8,No,Express,No,37,Venmo,Weekly,False,False,True,7.0,New or occasional,7.0
2269,66,50+,Male,Sweater,Clothing,26,Georgia,Spring,2.7,No,2-Day Shipping,No,15,Bank Transfer,Monthly,False,False,True,30.0,New or occasional,0.8666666666666667
2270,49,35-49,Male,Skirt,Clothing,38,Kentucky,Fall,4.4,No,Store Pickup,No,27,Credit Card,Annually,False,False,True,30.0,New or occasional,1.2666666666666666
2271,27,25-34,Male,Blouse,Clothing,72,Georgia,Spring,3.5,No,Express,No,7,Venmo,Weekly,False,False,False,7.0,New or occasional,10.285714285714286
2272,29,25-34,Male,Dress,Clothing,99,Alaska,Summer,3.4,No,Free Shipping,No,49,PayPal,Quarterly,False,False,True,90.0,Loyal high-value,1.1
2273,29,25-34,Male,Jacket,Outerwear,38,Maine,Spring,4.0,No,Standard,No,44,PayPal,Monthly,False,False,True,30.0,New or occasional,1.2666666666666666
2274,55,50+,Male,Coat,Outerwear,96,New Mexico,Winter,4.8,No,Express,No,13,PayPal,Bi-Weekly,False,False,True,14.0,New or occasional,6.857142857142857
2275,57,50+,Male,Dress,Clothing,27,New York,Spring,4.5,No,Next Day Air,No,38,PayPal,Fortnightly,False,False,True,14.0,New or occasional,1.9285714285714286
2276,29,25-34,Male,Shorts,Clothing,24,Oklahoma,Winter,4.4,No,Standard,No,10,Debit Card,Weekly,False,False,True,7.0,New or occasional,3.4285714285714284
2277,31,25-34,Male,Jeans,Clothing,82,Wyoming,Summer,4.1,No,2-Day Shipping,No,25,Debit Card,Weekly,False,False,True,7.0,Loyal high-value,11.714285714285714
2278,25,25-34,Male,Hat,Accessories,56,Alabama,Summer,4.6,No,Next Day Air,No,18,Credit Card,Quarterly,False,False,True,90.0,New or occasional,0.6222222222222222
2279,61,50+,Male,Gloves,Accessories,25,Maryland,Fall,3.8,No,Store Pickup,No,6,Cash,Every 3 Months,False,False,False,90.0,New or occasional,0.2777777777777778
2280,53,50+,Male,Sneakers,Footwear,67,West Virginia,Spring,2.9,No,Free Shipping,No,35,Bank Transfer,Quarterly,False,False,True,90.0,Loyal high-value,0.7444444444444445
2281,22,Under 25,Male,Shoes,Footwear,21,Kentucky,Summer,2.8,No,Standard,No,31,Credit Card,Fortnightly,False,False,True,14.0,New or occasional,1.5
2282,28,25-34,Male,Hoodie,Clothing,27,Kansas,Summer,3.0,No,Store Pickup,No,41,Bank Transfer,Annually,False,False,True,30.0,New or occasional,0.9
2283,18,Under 25,Male,Sneakers,Footwear,97,Idaho,Fall,4.2,No,2-Day Shipping,No,8,Credit Card,Annually,False,False,False,30.0,New or occasional,3.2333333333333334
2284,44,35-49,Male,Handbag,Accessories,45,Ohio,Winter,4.1,No,Free Shipping,No,34,Credit Card,Fortnightly,False,False,True,14.0,New or occasional,3.2142857142857144
2285,32,25-34,Male,Blouse,Clothing,63,Iowa,Fall,4.1,No,Express,No,20,Venmo,Annually,False,False,True,30.0,New or occasional,2.1
2286,34,25-34,Male,Belt,Accessories,100,Michigan,Summer,4.6,No,2-Day Shipping,No,38,PayPal,Every 3 Months,False,False,True,90.0,Loyal high-value,1.1111111111111112
2287,67,50+,Male,Socks,Clothing,38,South Dakota,Spring,2.5,No,Store Pickup,No,35,Venmo,Quarterly,False,False,True,90.0,New or occasional,0.4222222222222222
2288,66,50+,Male,Blouse,Clothing,45,Nebraska,Summer,3.0,No,Store Pickup,No,6,Debit Card,Annually,False,False,False,30.0,New or occasional,1.5
2289,28,25-34,Male,Jewelry,Accessories,91,California,Fall,3.8,No,Next Day Air,No,50,PayPal,Weekly,False,False,True,7.0,Loyal high-value,13.0
2290,70,50+,Male,Shorts,Clothing,82,Nevada,Fall,4.1,No,Free Shipping,No,47,Venmo,Weekly,False,False,True,7.0,Loyal high-value,11.714285714285714
2291,37,35-49,Male,Boots,Footwear,48,Kansas,Winter,3.3,No,Standard,No,23,PayPal,Quarterly,False,False,True,90.0,New or occasional,0.5333333333333333
2292,28,25-34,Male,Coat,Outerwear,30,Ohio,Spring,5.0,No,2-Day Shipping,No,13,Credit Card,Quarterly,False,False,True,90.0,New or occasional,0.3333333333333333
2293,43,35-49,Male,T-shirt,Clothing,34,Vermont,Spring,3.8,No,Next Day Air,No,31,Debit Card,Monthly,False,False,True,30.0,New or occasional,1.1333333333333333
2294,37,35-49,Male,Sweater,Clothing,68,Georgia,Fall,3.3,No,Express,No,16,Debit Card,Every 3 Months,False,False,True,90.0,New or occasional,0.7555555555555555
2295,54,50+,Male,Sunglasses,Accessories,95,Maryland,Winter,5.0,No,Express,No,40,Debit Card,Annually,False,False,True,30.0,Loyal high-value,3.1666666666666665
2296,50,50+,Male,Hat,Accessories,22,Connecticut,Spring,2.9,No,2-Day Shipping,No,45,PayPal,Quarterly,False,False,True,90.0,New or occasional,0.24444444444444444
2297,46,35-49,Male,Gloves,Accessories,88,Washington,Fall,2.5,No,Next Day Air,No,50,Venmo,Every 3 Months,False,False,True,90.0,Loyal high-value,0.9777777777777777
2298,60,50+,Male,Socks,Clothing,83,California,Summer,4.7,No,Standard,No,1,Bank Transfer,Quarterly,False,False,False,90.0,New or occasional,0.9222222222222223
2299,40,35-49,Male,Handbag,Accessories,87,Montana,Spring,2.9,No,2-Day Shipping,No,10,Cash,Every 3 Months,False,False,True,90.0,New or occasional,0.9666666666666667
2300,64,50+,Male,Coat,Outerwear,57,Idaho,Summer,3.7,No,Store Pickup,No,48,Credit Card,Every 3 Months,False,False,True,90.0,New or occasional,0.6333333333333333
2301,18,Under 25,Male,Coat,Outerwear,88,Pennsylvania,Summer,4.4,No,2-Day Shipping,No,38,Credit Card,Monthly,False,False,True,30.0,Loyal high-value,2.933333333333333
2302,37,35-49,Male,Pants,Clothing,20,Maine,Winter,2.9,No,Next Day Air,No,21,Debit Card,Annually,False,False,True,30.0,New or occasional,0.6666666666666666
2303,36,35-49,Male,Belt,Accessories,39,Montana,Summer,3.6,No,Store Pickup,No,38,Venmo,Monthly,False,False,True,30.0,New or occasional,1.3
2304,51,50+,Male,Sunglasses,Accessories,71,New Jersey,Spring,4.8,No,2-Day Shipping,No,31,Credit Card,Fortnightly,False,False,True,14.0,Loyal high-value,5.071428571428571
2305,26,25-34,Male,Hoodie,Clothing,73,Louisiana,Winter,4.7,No,Free Shipping,No,9,Debit Card,Fortnightly,False,False,False,14.0,New or occasional,5.214285714285714
2306,68,50+,Male,Handbag,Accessories,63,Maine,Summer,2.6,No,Free Shipping,No,47,Cash,Weekly,False,False,True,7.0,Loyal high-value,9.0
2307,27,25-34,Male,Gloves,Accessories,78,Florida,Winter,3.4,No,Standard,No,8,Cash,Bi-Weekly,False,False,False,14.0,New or occasional,5.571428571428571
2308,28,25-34,Male,Skirt,Clothing,96,Missouri,Fall,3.5,No,Next Day Air,No,30,Debit Card,Annually,False,False,True,30.0,Loyal high-value,3.2
2309,49,35-49,Male,Sunglasses,Accessories,81,North Dakota,Winter,3.4,No,2-Day Shipping,No,22,Bank Transfer,Quarterly,False,False,True,90.0,New or occasional,0.9
2310,70,50+,Male,Dress,Clothing,95,Connecticut,Fall,5.0,No,2-Day Shipping,No,3,Bank Transfer,Quarterly,False,False,False,90.0,New or occasional,1.0555555555555556
2311,30,25-34,Male,Gloves,Accessories,68,Virginia,Spring,4.6,No,Standard,No,15,PayPal,Monthly,False,False,True,30.0,New or occasional,2.2666666666666666
2312,27,25-34,Male,Sneakers,Footwear,28,Montana,Spring,4.8,No,2-Day Shipping,No,10,Bank Transfer,Every 3 Months,False,False,True,90.0,New or occasional,0.3111111111111111
2313,19,Under 25,Male,T-shirt,Clothing,30,Vermont,Summer,3.7,No,Free Shipping,No,19,Cash,Every 3 Months,False,False,True,90.0,New or occasional,0.3333333333333333
2314,64,50+,Male,Dress,Clothing,31,Georgia,Summer,4.7,No,Next Day Air,No,36,Bank Transfer,Fortnightly,False,False,True,14.0,New or occasional,2.2142857142857144
2315,42,35-49,Male,Handbag,Accessories,95,Virginia,Winter,4.4,No,Express,No,12,Bank Transfer,Every 3 Months,False,False,True,90.0,New or occasional,1.0555555555555556
2316,69,50+,Male,Socks,Clothing,79,Vermont,Winter,3.5,No,2-Day Shipping,No,49,Debit Card,Quarterly,False,False,True,90.0,Loyal high-value,0.8777777777777778
2317,28,25-34,Male,Sneakers,Footwear,39,Montana,Winter,3.8,No,Standard,No,7,Debit Card,Annually,False,False,False,30.0,New or occasional,1.3
2318,47,35-49,Male,Jacket,Outerwear,34,New Jersey,Summer,4.7,No,Next Day Air,No,28,Bank Transfer,Monthly,False,False,True,30.0,New or occasional,1.1333333333333333
2319,69,50+,Male,Hoodie,Clothing,28,Wyoming,Spring,3.1,No,Store Pickup,No,30,Credit Card,Annually,False,False,True,30.0,New or occasional,0.9333333333333333
2320,56,50+,Male,Sandals,Footwear,38,Maine,Winter,5.0,No,Free Shipping,No,29,PayPal,Monthly,False,False,True,30.0,New or occasional,1.2666666666666666
2321,28,25-34,Male,Shoes,Footwear,55,New Mexico,Spring,3.7,No,Free Shipping,No,9,Debit Card,Every 3 Months,False,False,False,90.0,New or occasional,0.6111111111111112
2322,50,50+,Male,Sandals,Footwear,31,Colorado,Winter,3.0,No,Next Day Air,No,27,Debit Card,Fortnightly,False,False,True,14.0,New or occasional,2.2142857142857144
2323,39,35-49,Male,Coat,Outerwear,84,Connecticut,Spring,4.5,No,Store Pickup,No,21,Venmo,Fortnightly,False,False,True,14.0,New or occasional,6.0
2324,35,35-49,Male,Gloves,Accessories,93,Maryland,Winter,4.7,No,Express,No,36,Credit Card,Monthly,False,False,True,30.0,Loyal high-value,3.1
2325,59,50+,Male,Coat,Outerwear,28,Oregon,Winter,3.5,No,Free Shipping,No,19,Debit Card,Annually,False,False,True,30.0,New or occasional,0.9333333333333333
2326,44,35-49,Male,Boots,Footwear,55,New York,Summer,4.4,No,2-Day Shipping,No,47,Cash,Weekly,False,False,True,7.0,New or occasional,7.857142857142857
2327,66,50+,Male,Skirt,Clothing,63,Oklahoma,Winter,2.6,No,Standard,No,38,Bank Transfer,Annually,False,False,True,30.0,Loyal high-value,2.1
2328,20,Under 25,Male,Skirt,Clothing,94,Alabama,Winter,4.2,No,2-Day Shipping,No,22,Venmo,Bi-Weekly,False,False,True,14.0,New or occasional,6.714285714285714
2329,45,35-49,Male,Pants,Clothing,36,North Dakota,Fall,2.6,No,Express,No,29,Venmo,Bi-Weekly,False,False,True,14.0,New or occasional,2.5714285714285716
2330,49,35-49,Male,Hat,Accessories,97,Nebraska,Spring,4.8,No,Free Shipping,No,42,Bank Transfer,Annually,False,False,True,30.0,Loyal high-value,3.2333333333333334
2331,60,50+,Male,Backpack,Accessories,63,Arizona,Summer,2.9,No,Store Pickup,No,47,PayPal,Every 3 Months,False,False,True,90.0,Loyal high-value,0.7
2332,61,50+,Male,Scarf,Accessories,77,Illinois,Spring,4.3,No,2-Day Shipping,No,10,Credit Card,Bi-Weekly,False,False,True,14.0,New or occasional,5.5
2333,36,35-49,Male,Scarf,Accessories,53,South Carolina,Fall,2.6,No,Store Pickup,No,10,Venmo,Monthly,False,False,True,30.0,New or occasional,1.7666666666666666
2334,33,25-34,Male,Shirt,Clothing,77,Kansas,Spring,3.8,No,Next Day Air,No,1,PayPal,Every 3 Months,False,False,False,90.0,New or occasional,0.8555555555555555
2335,49,35-49,Male,Boots,Footwear,79,Kansas,Summer,4.2,No,Standard,No,7,Credit Card,Monthly,False,False,False,30.0,New or occasional,2.6333333333333333
2336,31,25-34,Male,Coat,Outerwear,37,Idaho,Summer,3.9,No,Store Pickup,No,10,Venmo,Fortnightly,False,False,True,14.0,New or occasional,2.642857142857143
2337,19,Under 25,Male,Belt,Accessories,94,California,Winter,3.1,No,Free Shipping,No,11,Credit Card,Weekly,False,False,True,7.0,New or occasional,13.428571428571429
2338,39,35-49,Male,Boots,Footwear,76,North Dakota,Fall,3.6,No,Store Pickup,No,5,Cash,Annually,False,False,False,30.0,New or occasional,2.533333333333333
2339,66,50+,Male,Sneakers,Footwear,68,Georgia,Fall,4.0,No,Express,No,21,PayPal,Quarterly,False,False,True,90.0,New or occasional,0.7555555555555555
2340,25,25-34,Male,Shirt,Clothing,65,Illinois,Spring,3.4,No,Next Day Air,No,24,Bank Transfer,Quarterly,False,False,True,90.0,New or occasional,0.7222222222222222
2341,63,50+,Male,Blouse,Clothing,24,Delaware,Summer,2.6,No,Standard,No,37,Credit Card,Fortnightly,False,False,True,14.0,New or occasional,1.7142857142857142
2342,56,50+,Male,Jacket,Outerwear,31,Connecticut,Summer,4.5,No,Express,No,22,Venmo,Every 3 Months,False,False,True,90.0,New or occasional,0.34444444444444444
2343,20,Under 25,Male,Skirt,Clothing,89,Tennessee,Fall,4.9,No,Standard,No,16,Debit Card,Fortnightly,False,False,True,14.0,New or occasional,6.357142857142857
2344,58,50+,Male,Socks,Clothing,49,Maryland,Summer,4.4,No,2-Day Shipping,No,44,PayPal,Monthly,False,False,True,30.0,New or occasional,1.6333333333333333
2345,34,25-34,Male,Sandals,Footwear,92,Rhode Island,Fall,3.5,No,Express,No,14,Venmo,Bi-Weekly,False,False,True,14.0,New or occasional,6.571428571428571
2346,28,25-34,Male,T-shirt,Clothing,32,New York,Winter,3.3,No,Express,No,23,Bank Transfer,Every 3 Months,False,False,True,90.0,New or occasional,0.35555555555555557
2347,22,Under 25,Male,Jacket,Outerwear,67,New Mexico,Winter,3.1,No,Standard,No,46,Debit Card,Fortnightly,False,False,True,14.0,Loyal high-value,4.785714285714286
2348,37,35-49,Male,Belt,Accessories,64,California,Fall,4.2,No,Express,No,46,Cash,Every 3 Months,False,False,True,90.0,Loyal high-value,0.7111111111111111
2349,54,50+,Male,Shoes,Footwear,84,Maine,Spring,4.9,No,Next Day Air,No,16,PayPal,Every 3 Months,False,False,True,90.0,New or occasional,0.9333333333333333
2350,65,50+,Male,Blouse,Clothing,34,New York,Fall,3.9,No,Standard,No,40,Credit Card,Every 3 Months,False,False,True,90.0,New or occasional,0.37777777777777777
2351,57,50+,Male,Shoes,Footwear,26,Hawaii,Winter,4.2,No,Free Shipping,No,21,Cash,Annually,False,False,True,30.0,New or occasional,0.8666666666666667
2352,38,35-49,Male,Sweater,Clothing,50,New Hampshire,Fall,4.9,No,Store Pickup,No,25,PayPal,Bi-Weekly,False,False,True,14.0,New or occasional,3.5714285714285716
2353,70,50+,Male,Boots,Footwear,46,Nebraska,Fall,2.8,No,Store Pickup,No,25,Bank Transfer,Quarterly,False,False,True,90.0,New or occasional,0.5111111111111111
2354,56,50+,Male,Handbag,Accessories,71,Montana,Fall,4.1,No,Standard,No,25,Debit Card,Every 3 Months,False,False,True,90.0,Loyal high-value,0.7888888888888889
2355,56,50+,Male,Blouse,Clothing,78,Wisconsin,Summer,4.8,No,Next Day Air,No,27,Venmo,Monthly,False,False,True,30.0,Loyal high-value,2.6
2356,22,Under 25,Male,Skirt,Clothing,35,Tennessee,Winter,4.1,No,Next Day Air,No,12,Cash,Monthly,False,False,True,30.0,New or occasional,1.1666666666666667
2357,57,50+,Male,Backpack,Accessories,58,Montana,Summer,3.0,No,Free Shipping,No,27,Debit Card,Quarterly,False,False,True,90.0,New or occasional,0.6444444444444445
2358,53,50+,Male,Shirt,Clothing,67,Michigan,Fall,4.2,No,2-Day Shipping,No,40,Credit Card,Bi-Weekly,False,False,True,14.0,Loyal high-value,4.785714285714286
2359,53,50+,Male,Sweater,Clothing,93,Texas,Spring,3.8,No,Standard,No,38,Credit Card,Quarterly,False,False,True,90.0,Loyal high-value,1.0333333333333334
2360,19,Under 25,Male,Scarf,Accessories,81,Pennsylvania,Spring,3.3,No,2-Day Shipping,No,44,Bank Transfer,Every 3 Months,False,False,True,90.0,Loyal high-value,0.9
2361,49,35-49,Male,Handbag,Accessories,80,New York,Fall,4.7,No,2-Day Shipping,No,27,Venmo,Every 3 Months,False,False,True,90.0,Loyal high-value,0.8888888888888888
2362,44,35-49,Male,Scarf,Accessories,64,Alabama,Spring,4.3,No,2-Day Shipping,No,30,Credit Card,Every 3 Months,False,False,True,90.0,Loyal high-value,0.7111111111111111
2363,27,25-34,Male,Jeans,Clothing,41,Virginia,Fall,2.7,No,Standard,No,24,Credit Card,Monthly,False,False,True,30.0,New or occasional,1.3666666666666667
2364,60,50+,Male,Socks,Clothing,79,Pennsylvania,Winter,4.2,No,Express,No,38,Cash,Bi-Weekly,False,False,True,14.0,Loyal high-value,5.642857142857143
2365,62,50+,Male,Sunglasses,Accessories,60,Mississippi,Winter,4.2,No,Free Shipping,No,4,PayPal,Quarterly,False,False,False,90.0,New or occasional,0.6666666666666666
2366,52,50+,Male,Sneakers,Footwear,91,Wyoming,Winter,2.5,No,Next Day Air,No,32,Venmo,Monthly,False,False,True,30.0,Loyal high-value,3.033333333333333
2367,30,25-34,Male,Shoes,Footwear,66,New Mexico,Winter,3.6,No,Express,No,32,Credit Card,Fortnightly,False,False,True,14.0,Loyal high-value,4.714285714285714
2368,66,50+,Male,Socks,Clothing,85,North Dakota,Winter,3.4,No,Standard,No,28,Bank Transfer,Bi-Weekly,False,False,True,14.0,Loyal high-value,6.071428571428571
2369,29,25-34,Male,Sunglasses,Accessories,38,New Jersey,Summer,3.3,No,Standard,No,6,Debit Card,Every 3 Months,False,False,False,90.0,New or occasional,0.4222222222222222
2370,24,Under 25,Male,Sweater,Clothing,23,Vermont,Winter,4.6,No,Standard,No,24,PayPal,Monthly,False,False,True,30.0,New or occasional,0.7666666666666667
2371,51,50+,Male,Shoes,Footwear,71,Alaska,Spring,3.9,No,Store Pickup,No,38,Venmo,Weekly,False,False,True,7.0,Loyal high-value,10.142857142857142
2372,67,50+,Male,Socks,Clothing,25,Indiana,Winter,3.7,No,Next Day Air,No,28,Debit Card,Annually,False,False,True,30.0,New or occasional,0.8333333333333334
2373,50,50+,Male,Boots,Footwear,39,Alabama,Spring,3.1,No,Express,No,9,PayPal,Fortnightly,False,False,False,14.0,New or occasional,2.7857142857142856
2374,37,35-49,Male,Hoodie,Clothing,20,Michigan,Spring,4.9,No,Express,No,21,Debit Card,Every 3 Months,False,False,True,90.0,New or occasional,0.2222222222222222
2375,69,50+,Male,Gloves,Accessories,73,Washington,Winter,4.7,No,Standard,No,31,Debit Card,Monthly,False,False,True,30.0,Loyal high-value,2.433333333333333
2376,60,50+,Male,Backpack,Accessories,63,Virginia,Fall,2.9,No,Next Day Air,No,18,Credit Card,Quarterly,False,False,True,90.0,New or occasional,0.7
2377,21,Under 25,Male,Gloves,Accessories,94,Tennessee,Spring,4.1,No,Express,No,5,Cash,Weekly,False,False,False,7.0,New or occasional,13.428571428571429
2378,44,35-49,Male,Blouse,Clothing,94,South Dakota,Fall,4.0,No,Next Day Air,No,22,Cash,Annually,False,False,True,30.0,New or occasional,3.1333333333333333
2379,26,25-34,Male,Scarf,Accessories,71,New Hampshire,Summer,2.7,No,Store Pickup,No,37,PayPal,Bi-Weekly,False,False,True,14.0,Loyal high-value,5.071428571428571
2380,40,35-49,Male,Hat,Accessories,77,South Dakota,Spring,4.0,No,2-Day Shipping,No,22,Debit Card,Monthly,False,False,True,30.0,New or occasional,2.566666666666667
2381,41,35-49,Male,Scarf,Accessories,66,Pennsylvania,Fall,2.5,No,Next Day Air,No,36,PayPal,Fortnightly,False,False,True,14.0,Loyal high-value,4.714285714285714
2382,62,50+,Male,Sandals,Footwear,23,Wisconsin,Summer,4.5,No,Free Shipping,No,23,PayPal,Annually,False,False,True,30.0,New or occasional,0.7666666666666667
2383,39,35-49,Male,Sweater,Clothing,60,California,Spring,3.9,No,Express,No,44,Debit Card,Weekly,False,False,True,7.0,Loyal high-value,8.571428571428571
2384,53,50+,Male,Backpack,Accessories,72,Rhode Island,Spring,4.9,No,2-Day Shipping,No,25,Bank Transfer,Annually,False,False,True,30.0,Loyal high-value,2.4
2385,24,Under 25,Male,Blouse,Clothing,35,Alabama,Winter,3.3,No,2-Day Shipping,No,40,PayPal,Quarterly,False,False,True,90.0,New or occasional,0.3888888888888889
2386,41,35-49,Male,Scarf,Accessories,31,Oklahoma,Fall,3.8,No,Express,No,12,PayPal,Weekly,False,False,True,7.0,New or occasional,4.428571428571429
2387,19,Under 25,Male,Socks,Clothing,33,Illinois,Summer,2.9,No,Standard,No,14,Venmo,Monthly,False,False,True,30.0,New or occasional,1.1
2388,36,35-49,Male,Hat,Accessories,95,Tennessee,Summer,4.0,No,2-Day Shipping,No,14,Debit Card,Monthly,False,False,True,30.0,New or occasional,3.1666666666666665
2389,21,Under 25,Male,Dress,Clothing,68,Alabama,Fall,4.1,No,Store Pickup,No,10,Debit Card,Annually,False,False,True,30.0,New or occasional,2.2666666666666666
2390,25,25-34,Male,Coat,Outerwear,87,Kansas,Spring,3.1,No,Store Pickup,No,17,Bank Transfer,Every 3 Months,False,False,True,90.0,New or occasional,0.9666666666666667
2391,65,50+,Male,Shirt,Clothing,64,Arizona,Winter,4.6,No,Express,No,24,Debit Card,Fortnightly,False,False,True,14.0,New or occasional,4.571428571428571
2392,42,35-49,Male,Shirt,Clothing,74,Michigan,Winter,4.6,No,Next Day Air,No,31,Bank Transfer,Quarterly,False,False,True,90.0,Loyal high-value,0.8222222222222222
2393,40,35-49,Male,Jeans,Clothing,62,Missouri,Spring,2.6,No,2-Day Shipping,No,36,Cash,Annually,False,False,True,30.0,Loyal high-value,2.066666666666667
2394,58,50+,Male,Socks,Clothing,97,Louisiana,Winter,5.0,No,2-Day Shipping,No,38,PayPal,Every 3 Months,False,False,True,90.0,Loyal high-value,1.0777777777777777
2395,40,35-49,Male,Sandals,Footwear,47,Connecticut,Fall,2.9,No,2-Day Shipping,No,23,Debit Card,Fortnightly,False,False,True,14.0,New or occasional,3.357142857142857
2396,62,50+,Male,Blouse,Clothing,83,Connecticut,Winter,3.5,No,2-Day Shipping,No,47,PayPal,Bi-Weekly,False,False,True,14.0,Loyal high-value,5.928571428571429
2397,38,35-49,Male,Shirt,Clothing,82,Oregon,Spring,3.7,No,2-Day Shipping,No,20,Venmo,Weekly,False,False,True,7.0,New or occasional,11.714285714285714
2398,37,35-49,Male,Sunglasses,Accessories,26,West Virginia,Fall,2.9,No,Store Pickup,No,41,Venmo,Monthly,False,False,True,30.0,New or occasional,0.8666666666666667
2399,65,50+,Male,Jacket,Outerwear,81,Florida,Winter,4.3,No,Free Shipping,No,44,Bank Transfer,Fortnightly,False,False,True,14.0,Loyal high-value,5.785714285714286
2400,55,50+,Male,Dress,Clothing,44,New Hampshire,Spring,3.2,No,Store Pickup,No,31,Cash,Monthly,False,False,True,30.0,New or occasional,1.4666666666666666
2401,43,35-49,Male,Sunglasses,Accessories,88,Oregon,Winter,4.2,No,Next Day Air,No,11,Credit Card,Bi-Weekly,False,False,True,14.0,New or occasional,6.285714285714286
2402,43,35-49,Male,Boots,Footwear,76,Oregon,Winter,4.2,No,Standard,No,25,PayPal,Bi-Weekly,False,False,True,14.0,Loyal high-value,5.428571428571429
2403,45,35-49,Male,Scarf,Accessories,89,Utah,Winter,3.8,No,Free Shipping,No,31,Cash,Weekly,False,False,True,7.0,Loyal high-value,12.714285714285714
2404,64,50+,Male,Shorts,Clothing,22,Missouri,Fall,4.4,No,Standard,No,40,Debit Card,Weekly,False,False,True,7.0,New or occasional,3.142857142857143
2405,28,25-34,Male,Shorts,Clothing,33,West Virginia,Winter,3.1,No,2-Day Shipping,No,23,Credit Card,Bi-Weekly,False,False,True,14.0,New or occasional,2.357142857142857
2406,69,50+,Male,Jeans,Clothing,97,California,Fall,5.0,No,Standard,No,5,Debit Card,Quarterly,False,False,False,90.0,New or occasional,1.0777777777777777
2407,54,50+,Male,Scarf,Accessories,57,California,Winter,4.7,No,Standard,No,26,PayPal,Weekly,False,False,True,7.0,New or occasional,8.142857142857142
2408,52,50+,Male,Shorts,Clothing,38,Illinois,Summer,3.0,No,Express,No,11,Credit Card,Bi-Weekly,False,False,True,14.0,New or occasional,2.7142857142857144
2409,23,Under 25,Male,Sneakers,Footwear,55,Hawaii,Fall,4.2,No,Next Day Air,No,44,Debit Card,Every 3 Months,False,False,True,90.0,New or occasional,0.6111111111111112
2410,26,25-34,Male,Jewelry,Accessories,37,Washington,Spring,3.0,No,Store Pickup,No,47,Cash,Every 3 Months,False,False,True,90.0,New or occasional,0.4111111111111111
2411,48,35-49,Male,Shoes,Footwear,43,Wisconsin,Summer,3.7,No,Free Shipping,No,46,PayPal,Monthly,False,False,True,30.0,New or occasional,1.4333333333333333
2412,49,35-49,Male,Hoodie,Clothing,96,Virginia,Summer,2.7,No,Free Shipping,No,35,Cash,Every 3 Months,False,False,True,90.0,Loyal high-value,1.0666666666666667
2413,53,50+,Male,Jacket,Outerwear,51,Oregon,Winter,4.3,No,2-Day Shipping,No,8,Bank Transfer,Bi-Weekly,False,False,False,14.0,New or occasional,3.642857142857143
2414,69,50+,Male,Shorts,Clothing,95,Pennsylvania,Fall,2.7,No,2-Day Shipping,No,30,Bank Transfer,Weekly,False,False,True,7.0,Loyal high-value,13.571428571428571
2415,26,25-34,Male,Socks,Clothing,26,Virginia,Summer,3.7,No,Next Day Air,No,14,Credit Card,Bi-Weekly,False,False,True,14.0,New or occasional,1.8571428571428572
2416,21,Under 25,Male,Coat,Outerwear,34,Hawaii,Fall,4.3,No,Standard,No,30,Bank Transfer,Weekly,False,False,True,7.0,New or occasional,4.857142857142857
2417,59,50+,Male,Sandals,Footwear,83,Nebraska,Summer,4.0,No,Next Day Air,No,26,Credit Card,Every 3 Months,False,False,True,90.0,Loyal high-value,0.9222222222222223
2418,21,Under 25,Male,Backpack,Accessories,24,Alaska,Fall,3.3,No,Standard,No,32,Venmo,Fortnightly,False,False,True,14.0,New or occasional,1.7142857142857142
2419,22,Under 25,Male,Pants,Clothing,69,Michigan,Fall,4.0,No,Next Day Air,No,47,Cash,Every 3 Months,False,False,True,90.0,Loyal high-value,0.7666666666666667
2420,26,25-34,Male,Sweater,Clothing,40,North Carolina,Fall,2.7,No,Next Day Air,No,11,Credit Card,Every 3 Months,False,False,True,90.0,New or occasional,0.4444444444444444
2421,41,35-49,Male,Jacket,Outerwear,87,North Carolina,Winter,4.2,No,Free Shipping,No,28,PayPal,Annually,False,False,True,30.0,Loyal high-value,2.9
2422,37,35-49,Male,Sneakers,Footwear,46,Minnesota,Spring,4.6,No,Standard,No,2,Debit Card,Every 3 Months,False,False,False,90.0,New or occasional,0.5111111111111111
2423,30,25-34,Male,Jewelry,Accessories,82,Georgia,Winter,4.8,No,Store Pickup,No,45,Credit Card,Weekly,False,False,True,7.0,Loyal high-value,11.714285714285714
2424,49,35-49,Male,Backpack,Accessories,81,West Virginia,Summer,2.8,No,Free Shipping,No,7,Credit Card,Every 3 Months,False,False,False,90.0,New or occasional,0.9
2425,49,35-49,Male,Jewelry,Accessories,57,Delaware,Winter,4.5,No,Next Day Air,No,28,Bank Transfer,Bi-Weekly,False,False,True,14.0,New or occasional,4.071428571428571
2426,58,50+,Male,Shoes,Footwear,49,North Dakota,Summer,3.0,No,2-Day Shipping,No,34,Bank Transfer,Quarterly,False,False,True,90.0,New or occasional,0.5444444444444444
2427,70,50+,Male,Jacket,Outerwear,42,Florida,Fall,4.6,No,Free Shipping,No,26,Debit Card,Every 3 Months,False,False,True,90.0,New or occasional,0.4666666666666667
2428,27,25-34,Male,Jacket,Outerwear,26,Oregon,Spring,3.3,No,Standard,No,45,Cash,Quarterly,False,False,True,90.0,New or occasional,0.28888888888888886
2429,65,50+,Male,T-shirt,Clothing,38,Idaho,Spring,4.4,No,Next Day Air,No,34,Debit Card,Annually,False,False,True,30.0,New or occasional,1.2666666666666666
2430,57,50+,Male,Sneakers,Footwear,57,Virginia,Summer,4.4,No,Standard,No,47,Credit Card,Fortnightly,False,False,True,14.0,New or occasional,4.071428571428571
2431,20,Under 25,Male,Jacket,Outerwear,100,North Dakota,Summer,4.3,No,Express,No,42,Cash,Quarterly,False,False,True,90.0,Loyal high-value,1.1111111111111112
2432,34,25-34,Male,Hoodie,Clothing,73,Alabama,Fall,3.4,No,Express,No,27,Bank Transfer,Every 3 Months,False,False,True,90.0,Loyal high-value,0.8111111111111111
2433,59,50+,Male,Jacket,Outerwear,66,Hawaii,Winter,2.8,No,Store Pickup,No,43,Venmo,Monthly,False,False,True,30.0,Loyal high-value,2.2
2434,54,50+,Male,T-shirt,Clothing,73,Oregon,Spring,3.4,No,Standard,No,16,Cash,Bi-Weekly,False,False,True,14.0,New or occasional,5.214285714285714
2435,36,35-49,Male,Gloves,Accessories,45,Utah,Spring,5.0,No,Store Pickup,No,40,Credit Card,Monthly,False,False,True,30.0,New or occasional,1.5
2436,21,Under 25,Male,Sneakers,Footwear,27,Hawaii,Fall,4.5,No,Free Shipping,No,29,Cash,Bi-Weekly,False,False,True,14.0,New or occasional,1.9285714285714286
2437,52,50+,Male,T-shirt,Clothing,24,Connecticut,Fall,2.7,No,Store Pickup,No,38,Credit Card,Quarterly,False,False,True,90.0,New or occasional,0.26666666666666666
2438,43,35-49,Male,Sneakers,Footwear,59,Wyoming,Winter,3.4,No,Store Pickup,No,34,Credit Card,Weekly,False,False,True,7.0,New or occasional,8.428571428571429
2439,32,25-34,Male,Jeans,Clothing,20,Delaware,Winter,3.4,No,Express,No,30,Venmo,Weekly,False,False,True,7.0,New or occasional,2.857142857142857
2440,55,50+,Male,Handbag,Accessories,44,Arkansas,Summer,2.8,No,Standard,No,45,Bank Transfer,Annually,False,False,True,30.0,New or occasional,1.4666666666666666
2441,31,25-34,Male,Socks,Clothing,90,Indiana,Spring,4.7,No,Standard,No,47,Bank Transfer,Annually,False,False,True,30.0,Loyal high-value,3.0
2442,45,35-49,Male,Jewelry,Accessories,36,California,Fall,4.7,No,Free Shipping,No,5,Credit Card,Monthly,False,False,False,30.0,New or occasional,1.2
2443,53,50+,Male,Blouse,Clothing,95,Wyoming,Winter,4.7,No,Free Shipping,No,50,Debit Card,Bi-Weekly,False,False,True,14.0,Loyal high-value,6.785714285714286
2444,24,Under 25,Male,Backpack,Accessories,30,South Dakota,Spring,3.4,No,2-Day Shipping,No,24,Bank Transfer,Bi-Weekly,False,False,True,14.0,New or occasional,2.142857142857143
2445,47,35-49,Male,Scarf,Accessories,65,West Virginia,Fall,3.7,No,Express,No,15,Debit Card,Bi-Weekly,False,False,True,14.0,New or occasional,4.642857142857143
2446,63,50+,Male,Scarf,Accessories,96,Tennessee,Summer,4.1,No,Store Pickup,No,50,Cash,Weekly,False,False,True,7.0,Loyal high-value,13.714285714285714
2447,38,35-49,Male,Shirt,Clothing,65,Alaska,Spring,2.9,No,2-Day Shipping,No,7,Credit Card,Monthly,False,False,False,30.0,New or occasional,2.1666666666666665
2448,59,50+,Male,Pants,Clothing,47,South Dakota,Fall,3.2,No,Store Pickup,No,10,Venmo,Fortnightly,False,False,True,14.0,New or occasional,3.357142857142857
2449,54,50+,Male,Hat,Accessories,25,Tennessee,Fall,3.0,No,Free Shipping,No,38,PayPal,Bi-Weekly,False,False,True,14.0,New or occasional,1.7857142857142858
2450,26,25-34,Male,Coat,Outerwear,56,Alabama,Fall,4.1,No,Express,No,31,Venmo,Fortnightly,False,False,True,14.0,New or occasional,4.0
2451,68,50+,Male,T-shirt,Clothing,76,North Carolina,Fall,4.5,No,Standard,No,7,Venmo,Quarterly,False,False,False,90.0,New or occasional,0.8444444444444444
2452,41,35-49,Male,Socks,Clothing,60,Oklahoma,Fall,3.4,No,Store Pickup,No,27,Venmo,Monthly,False,False,True,30.0,Loyal high-value,2.0
2453,68,50+,Male,Shirt,Clothing,67,New York,Winter,4.1,No,Express,No,45,Bank Transfer,Every 3 Months,False,False,True,90.0,Loyal high-value,0.7444444444444445
2454,21,Under 25,Male,Sweater,Clothing,95,Iowa,Spring,4.6,No,Store Pickup,No,13,Cash,Annually,False,False,True,30.0,New or occasional,3.1666666666666665
2455,32,25-34,Male,Gloves,Accessories,72,Alaska,Winter,4.6,No,Express,No,33,Venmo,Annually,False,False,True,30.0,Loyal high-value,2.4
2456,20,Under 25,Male,Belt,Accessories,98,Alaska,Spring,3.4,No,Express,No,25,Cash,Every 3 Months,False,False,True,90.0,Loyal high-value,1.0888888888888888
2457,59,50+,Male,Jeans,Clothing,83,Nebraska,Winter,3.3,No,2-Day Shipping,No,5,PayPal,Monthly,False,False,False,30.0,New or occasional,2.7666666666666666
2458,53,50+,Male,Handbag,Accessories,37,Delaware,Fall,3.6,No,2-Day Shipping,No,23,Cash,Quarterly,False,False,True,90.0,New or occasional,0.4111111111111111
2459,66,50+,Male,T-shirt,Clothing,85,Texas,Fall,4.6,No,Free Shipping,No,17,Bank Transfer,Weekly,False,False,True,7.0,New or occasional,12.142857142857142
2460,47,35-49,Male,Socks,Clothing,36,Missouri,Fall,4.3,No,2-Day Shipping,No,14,Cash,Weekly,False,False,True,7.0,New or occasional,5.142857142857143
2461,58,50+,Male,Jeans,Clothing,36,Maine,Winter,4.0,No,Store Pickup,No,28,Credit Card,Annually,False,False,True,30.0,New or occasional,1.2
2462,28,25-34,Male,Scarf,Accessories,86,Pennsylvania,Summer,4.8,No,Next Day Air,No,19,Credit Card,Weekly,False,False,True,7.0,New or occasional,12.285714285714286
2463,68,50+,Male,Pants,Clothing,99,Missouri,Spring,4.3,No,Standard,No,31,Bank Transfer,Bi-Weekly,False,False,True,14.0,Loyal high-value,7.071428571428571
2464,60,50+,Male,Blouse,Clothing,21,Mississippi,Summer,3.3,No,Standard,No,25,Cash,Bi-Weekly,False,False,True,14.0,New or occasional,1.5
2465,47,35-49,Male,Jacket,Outerwear,84,Hawaii,Winter,2.8,No,Express,No,4,Cash,Bi-Weekly,False,False,False,14.0,New or occasional,6.0
2466,18,Under 25,Male,Sandals,Footwear,63,Texas,Spring,4.4,No,Free Shipping,No,20,Bank Transfer,Weekly,False,False,True,7.0,New or occasional,9.0
2467,32,25-34,Male,Shorts,Clothing,84,South Dakota,Summer,3.7,No,Express,No,37,Cash,Annually,False,False,True,30.0,Loyal high-value,2.8
2468,27,25-34,Male,Shorts,Clothing,72,New Jersey,Spring,3.6,No,Express,No,28,Credit Card,Annually,False,False,True,30.0,Loyal high-value,2.4
2469,65,50+,Male,Skirt,Clothing,21,Connecticut,Winter,3.7,No,2-Day Shipping,No,6,Venmo,Weekly,False,False,False,7.0,New or occasional,3.0
2470,68,50+,Male,Sandals,Footwear,92,Maryland,Fall,5.0,No,Standard,No,27,PayPal,Annually,False,False,True,30.0,Loyal high-value,3.066666666666667
2471,55,50+,Male,Blouse,Clothing,72,Arizona,Fall,2.7,No,Next Day Air,No,29,Credit Card,Fortnightly,False,False,True,14.0,Loyal high-value,5.142857142857143
2472,30,25-34,Male,Sandals,Footwear,83,Oklahoma,Spring,4.3,No,Store Pickup,No,1,Cash,Annually,False,False,False,30.0,New or occasional,2.7666666666666666
2473,24,Under 25,Male,Shirt,Clothing,73,Utah,Summer,4.1,No,Standard,No,31,Credit Card,Annually,False,False,True,30.0,Loyal high-value,2.433333333333333
2474,57,50+,Male,Socks,Clothing,98,Arkansas,Winter,2.6,No,Next Day Air,No,28,Cash,Quarterly,False,False,True,90.0,Loyal high-value,1.0888888888888888
2475,23,Under 25,Male,T-shirt,Clothing,76,North Carolina,Fall,3.2,No,Store Pickup,No,19,Bank Transfer,Quarterly,False,False,True,90.0,New or occasional,0.8444444444444444
2476,69,50+,Male,Dress,Clothing,43,California,Summer,3.5,No,Next Day Air,No,36,Venmo,Monthly,False,False,True,30.0,New or occasional,1.4333333333333333
2477,60,50+,Male,Hat,Accessories,60,Colorado,Summer,3.7,No,Next Day Air,No,28,Cash,Monthly,False,False,True,30.0,Loyal high-value,2.0
2478,25,25-34,Male,Gloves,Accessories,40,California,Spring,3.8,No,2-Day Shipping,No,29,PayPal,Weekly,False,False,True,7.0,New or occasional,5.714285714285714
2479,18,Under 25,Male,Socks,Clothing,93,Vermont,Winter,4.8,No,2-Day Shipping,No,9,Bank Transfer,Every 3 Months,False,False,False,90.0,New or occasional,1.0333333333333334
2480,37,35-49,Male,Dress,Clothing,98,Kansas,Fall,4.2,No,Standard,No,26,Credit Card,Every 3 Months,False,False,True,90.0,Loyal high-value,1.0888888888888888
2481,61,50+,Male,Socks,Clothing,91,Ohio,Summer,2.9,No,Next Day Air,No,7,Credit Card,Fortnightly,False,False,False,14.0,New or occasional,6.5
2482,41,35-49,Male,Belt,Accessories,92,New Jersey,Fall,2.9,No,Free Shipping,No,35,Debit Card,Weekly,False,False,True,7.0,Loyal high-value,13.142857142857142
2483,69,50+,Male,Handbag,Accessories,87,Arizona,Winter,4.8,No,Next Day Air,No,46,Credit Card,Every 3 Months,False,False,True,90.0,Loyal high-value,0.9666666666666667
2484,32,25-34,Male,Skirt,Clothing,96,Arizona,Fall,2.9,No,Standard,No,8,Debit Card,Monthly,False,False,False,30.0,New or occasional,3.2
2485,60,50+,Male,Hoodie,Clothing,97,New Hampshire,Summer,4.8,No,2-Day Shipping,No,50,Cash,Every 3 Months,False,False,True,90.0,Loyal high-value,1.0777777777777777
2486,43,35-49,Male,Blouse,Clothing,55,Louisiana,Spring,4.6,No,2-Day Shipping,No,37,Bank Transfer,Annually,False,False,True,30.0,New or occasional,1.8333333333333333
2487,61,50+,Male,Jeans,Clothing,58,Texas,Spring,4.4,No,Store Pickup,No,6,Credit Card,Fortnightly,False,False,False,14.0,New or occasional,4.142857142857143
2488,57,50+,Male,Boots,Footwear,21,Montana,Spring,3.0,No,Next Day Air,No,16,PayPal,Bi-Weekly,False,False,True,14.0,New or occasional,1.5
2489,56,50+,Male,Handbag,Accessories,82,New Hampshire,Summer,4.4,No,Express,No,30,PayPal,Monthly,False,False,True,30.0,Loyal high-value,2.7333333333333334
2490,66,50+,Male,Coat,Outerwear,34,South Dakota,Winter,3.9,No,Express,No,50,Venmo,Quarterly,False,False,True,90.0,New or occasional,0.37777777777777777
2491,52,50+,Male,Blouse,Clothing,78,Montana,Spring,4.0,No,Free Shipping,No,5,Cash,Every 3 Months,False,False,False,90.0,New or occasional,0.8666666666666667
2492,63,50+,Male,Handbag,Accessories,47,North Carolina,Spring,2.5,No,Express,No,15,Bank Transfer,Monthly,False,False,True,30.0,New or occasional,1.5666666666666667
2493,50,50+,Male,Sunglasses,Accessories,96,South Dakota,Summer,4.1,No,Next Day Air,No,34,Bank Transfer,Bi-Weekly,False,False,True,14.0,Loyal high-value,6.857142857142857
2494,21,Under 25,Male,Socks,Clothing,23,Maine,Fall,4.8,No,2-Day Shipping,No,6,Venmo,Every 3 Months,False,False,False,90.0,New or occasional,0.25555555555555554
2495,42,35-49,Male,Shoes,Footwear,27,Oklahoma,Winter,2.6,No,Store Pickup,No,26,Debit Card,Annually,False,False,True,30.0,New or occasional,0.9
2496,40,35-49,Male,Backpack,Accessories,37,Nebraska,Spring,3.1,No,Free Shipping,No,34,Credit Card,Every 3 Months,False,False,True,90.0,New or occasional,0.4111111111111111
2497,67,50+,Male,Scarf,Accessories,79,Illinois,Summer,3.2,No,Store Pickup,No,37,Credit Card,Weekly,False,False,True,7.0,Loyal high-value,11.285714285714286
2498,35,35-49,Male,Backpack,Accessories,40,Colorado,Summer,4.2,No,Standard,No,28,Bank Transfer,Annually,False,False,True,30.0,New or occasional,1.3333333333333333
2499,18,Under 25,Male,Coat,Outerwear,39,Massachusetts,Fall,2.6,No,Next Day Air,No,38,Cash,Fortnightly,False,False,True,14.0,New or occasional,2.7857142857142856
2500,52,50+,Male,Hoodie,Clothing,73,Louisiana,Summer,3.1,No,Next Day Air,No,2,Cash,Quarterly,False,False,False,90.0,New or occasional,0.8111111111111111
2501,59,50+,Male,Gloves,Accessories,84,Massachusetts,Fall,2.9,No,Store Pickup,No,32,Cash,Bi-Weekly,False,False,True,14.0,Loyal high-value,6.0
2502,49,35-49,Male,Shorts,Clothing,94,West Virginia,Fall,4.6,No,Free Shipping,No,30,Venmo,Bi-Weekly,False,False,True,14.0,Loyal high-value,6.714285714285714
2503,46,35-49,Male,Skirt,Clothing,47,Idaho,Spring,4.1,No,Standard,No,17,PayPal,Every 3 Months,False,False,True,90.0,New or occasional,0.5222222222222223
2504,69,50+,Male,Boots,Footwear,77,Ohio,Summer,2.5,No,Store Pickup,No,5,Debit Card,Bi-Weekly,False,False,False,14.0,New or occasional,5.5
2505,56,50+,Male,Shorts,Clothing,94,Rhode Island,Winter,4.0,No,Store Pickup,No,31,Cash,Bi-Weekly,False,False,True,14.0,Loyal high-value,6.714285714285714
2506,27,25-34,Male,Handbag,Accessories,75,Illinois,Summer,3.5,No,Express,No,43,PayPal,Quarterly,False,False,True,90.0,Loyal high-value,0.8333333333333334
2507,57,50+,Male,Dress,Clothing,82,New York,Spring,4.4,No,Free Shipping,No,19,Venmo,Annually,False,False,True,30.0,New or occasional,2.7333333333333334
2508,58,50+,Male,Shoes,Footwear,36,Louisiana,Fall,2.9,No,Store Pickup,No,32,Credit Card,Every 3 Months,False,False,True,90.0,New or occasional,0.4
2509,23,Under 25,Male,Sneakers,Footwear,90,California,Spring,3.1,No,2-Day Shipping,No,5,Debit Card,Bi-Weekly,False,False,False,14.0,New or occasional,6.428571428571429
2510,19,Under 25,Male,Socks,Clothing,48,Washington,Spring,4.4,No,Free Shipping,No,9,Bank Transfer,Quarterly,False,False,False,90.0,New or occasional,0.5333333333333333
2511,40,35-49,Male,Jacket,Outerwear,42,South Dakota,Winter,4.4,No,Standard,No,48,Credit Card,Weekly,False,False,True,7.0,New or occasional,6.0
2512,54,50+,Male,Backpack,Accessories,33,Idaho,Summer,2.7,No,Store Pickup,No,1,PayPal,Quarterly,False,False,False,90.0,New or occasional,0.36666666666666664
2513,50,50+,Male,Socks,Clothing,63,North Dakota,Summer,4.9,No,Free Shipping,No,20,Credit Card,Monthly,False,False,True,30.0,New or occasional,2.1
2514,69,50+,Male,Handbag,Accessories,53,Washington,Winter,3.5,No,2-Day Shipping,No,42,Cash,Annually,False,False,True,30.0,New or occasional,1.7666666666666666
2515,42,35-49,Male,Hat,Accessories,37,Alaska,Spring,4.8,No,Free Shipping,No,45,PayPal,Bi-Weekly,False,False,True,14.0,New or occasional,2.642857142857143
2516,37,35-49,Male,Blouse,Clothing,92,Kansas,Summer,4.2,No,2-Day Shipping,No,41,Cash,Monthly,False,False,True,30.0,Loyal high-value,3.066666666666667
2517,46,35-49,Male,Shorts,Clothing,73,Utah,Spring,4.6,No,Standard,No,36,Debit Card,Quarterly,False,False,True,90.0,Loyal high-value,0.8111111111111111
2518,64,50+,Male,Shirt,Clothing,38,Wyoming,Spring,2.9,No,Standard,No,10,Venmo,Annually,False,False,True,30.0,New or occasional,1.2666666666666666
2519,20,Under 25,Male,Boots,Footwear,51,Maine,Fall,4.0,No,Store Pickup,No,31,Venmo,Annually,False,False,True,30.0,New or occasional,1.7
2520,40,35-49,Male,Jacket,Outerwear,90,Michigan,Spring,4.9,No,Standard,No,21,Credit Card,Quarterly,False,False,True,90.0,New or occasional,1.0
2521,64,50+,Male,Jacket,Outerwear,56,Illinois,Summer,3.1,No,Next Day Air,No,16,Cash,Every 3 Months,False,False,True,90.0,New or occasional,0.6222222222222222
2522,29,25-34,Male,Handbag,Accessories,33,Minnesota,Fall,4.4,No,Standard,No,18,PayPal,Every 3 Months,False,False,True,90.0,New or occasional,0.36666666666666664
2523,20,Under 25,Male,Belt,Accessories,53,Massachusetts,Winter,2.5,No,2-Day Shipping,No,20,Debit Card,Weekly,False,False,True,7.0,New or occasional,7.571428571428571
2524,43,35-49,Male,Handbag,Accessories,24,New Jersey,Spring,3.4,No,Express,No,21,Bank Transfer,Annually,False,False,True,30.0,New or occasional,0.8
2525,60,50+,Male,Coat,Outerwear,59,Kansas,Spring,3.7,No,Express,No,23,Credit Card,Quarterly,False,False,True,90.0,New or occasional,0.6555555555555556
2526,39,35-49,Male,Sweater,Clothing,72,Kentucky,Winter,4.2,No,Standard,No,20,PayPal,Weekly,False,False,True,7.0,New or occasional,10.285714285714286
2527,47,35-49,Male,Shorts,Clothing,28,Rhode Island,Spring,3.4,No,Express,No,30,PayPal,Bi-Weekly,False,False,True,14.0,New or occasional,2.0
2528,19,Under 25,Male,Pants,Clothing,36,Illinois,Fall,3.6,No,Express,No,33,Bank Transfer,Every 3 Months,False,False,True,90.0,New or occasional,0.4
2529,52,50+,Male,Jewelry,Accessories,47,Alabama,Fall,4.7,No,2-Day Shipping,No,31,Debit Card,Monthly,False,False,True,30.0,New or occasional,1.5666666666666667
2530,34,25-34,Male,Gloves,Accessories,62,Tennessee,Spring,4.7,No,Next Day Air,No,48,Bank Transfer,Monthly,False,False,True,30.0,Loyal high-value,2.066666666666667
2531,25,25-34,Male,Skirt,Clothing,98,Massachusetts,Spring,3.6,No,Free Shipping,No,28,Debit Card,Weekly,False,False,True,7.0,Loyal high-value,14.0
2532,43,35-49,Male,Sandals,Footwear,28,Texas,Summer,4.6,No,Free Shipping,No,7,Cash,Every 3 Months,False,False,False,90.0,New or occasional,0.3111111111111111
2533,55,50+,Male,Socks,Clothing,86,Nebraska,Summer,2.6,No,Next Day Air,No,4,Debit Card,Weekly,False,False,False,7.0,New or occasional,12.285714285714286
2534,66,50+,Male,Jewelry,Accessories,46,Pennsylvania,Summer,3.1,No,Standard,No,49,Cash,Bi-Weekly,False,False,True,14.0,New or occasional,3.2857142857142856
2535,41,35-49,Male,Sunglasses,Accessories,42,Virginia,Fall,3.2,No,Free Shipping,No,22,Cash,Weekly,False,False,True,7.0,New or occasional,6.0
2536,47,35-49,Male,Coat,Outerwear,80,Vermont,Winter,3.9,No,Express,No,39,Bank Transfer,Fortnightly,False,False,True,14.0,Loyal high-value,5.714285714285714
2537,51,50+,Male,Belt,Accessories,39,Oklahoma,Spring,4.9,No,Express,No,45,PayPal,Every 3 Months,False,False,True,90.0,New or occasional,0.43333333333333335
2538,44,35-49,Male,Coat,Outerwear,49,Maine,Summer,4.1,No,2-Day Shipping,No,30,PayPal,Fortnightly,False,False,True,14.0,New or occasional,3.5
2539,18,Under 25,Male,Scarf,Accessories,32,New Jersey,Summer,4.2,No,Next Day Air,No,33,Credit Card,Bi-Weekly,False,False,True,14.0,New or occasional,2.2857142857142856
2540,33,25-34,Male,Sandals,Footwear,73,Massachusetts,Fall,4.1,No,Next Day Air,No,24,Cash,Bi-Weekly,False,False,True,14.0,New or occasional,5.214285714285714
2541,24,Under 25,Male,Belt,Accessories,42,New Jersey,Summer,3.9,No,Free Shipping,No,11,Debit Card,Quarterly,False,False,True,90.0,New or occasional,0.4666666666666667
2542,33,25-34,Male,Scarf,Accessories,58,Washington,Spring,2.7,No,Next Day Air,No,13,Venmo,Every 3 Months,False,False,True,90.0,New or occasional,0.6444444444444445
2543,61,50+,Male,Jewelry,Accessories,22,Arkansas,Winter,3.7,No,Express,No,27,PayPal,Annually,False,False,True,30.0,New or occasional,0.7333333333333333
2544,27,25-34,Male,Scarf,Accessories,56,West Virginia,Spring,2.7,No,Next Day Air,No,30,PayPal,Bi-Weekly,False,False,True,14.0,New or occasional,4.0
2545,46,35-49,Male,Pants,Clothing,70,Delaware,Spring,2.5,No,Next Day Air,No,39,Venmo,Quarterly,False,False,True,90.0,Loyal high-value,0.7777777777777778
2546,38,35-49,Male,Shoes,Footwear,50,Texas,Spring,3.9,No,Free Shipping,No,10,Debit Card,Annually,False,False,True,30.0,New or occasional,1.6666666666666667
2547,63,50+,Male,Boots,Footwear,21,Texas,Summer,3.0,No,Express,No,4,Credit Card,Quarterly,False,False,False,90.0,New or occasional,0.23333333333333334
2548,47,35-49,Male,Jacket,Outerwear,97,Mississippi,Summer,3.2,No,2-Day Shipping,No,16,Cash,Weekly,False,False,True,7.0,New or occasional,13.857142857142858
2549,42,35-49,Male,Backpack,Accessories,63,Texas,Winter,3.8,No,Standard,No,34,Credit Card,Monthly,False,False,True,30.0,Loyal high-value,2.1
2550,41,35-49,Male,Jacket,Outerwear,60,Virginia,Fall,2.7,No,Standard,No,11,Debit Card,Every 3 Months,False,False,True,90.0,New or occasional,0.6666666666666666
2551,53,50+,Male,Boots,Footwear,52,New Hampshire,Fall,3.0,No,Store Pickup,No,30,Debit Card,Fortnightly,False,False,True,14.0,New or occasional,3.7142857142857144
2552,29,25-34,Male,Shoes,Footwear,32,Minnesota,Winter,4.1,No,Next Day Air,No,40,Debit Card,Annually,False,False,True,30.0,New or occasional,1.0666666666666667
2553,61,50+,Male,Belt,Accessories,48,Maryland,Spring,3.2,No,2-Day Shipping,No,13,Credit Card,Annually,False,False,True,30.0,New or occasional,1.6
2554,69,50+,Male,Jewelry,Accessories,25,Vermont,Summer,4.5,No,Store Pickup,No,28,Venmo,Every 3 Months,False,False,True,90.0,New or occasional,0.2777777777777778
2555,51,50+,Male,Jewelry,Accessories,68,Kansas,Summer,4.3,No,Store Pickup,No,49,Debit Card,Bi-Weekly,False,False,True,14.0,Loyal high-value,4.857142857142857
2556,24,Under 25,Male,Pants,Clothing,74,Idaho,Fall,3.5,No,Standard,No,23,Credit Card,Weekly,False,False,True,7.0,New or occasional,10.571428571428571
2557,24,Under 25,Male,T-shirt,Clothing,88,Montana,Fall,3.1,No,Standard,No,4,Bank Transfer,Quarterly,False,False,False,90.0,New or occasional,0.9777777777777777
2558,70,50+,Male,Shorts,Clothing,23,Oklahoma,Spring,3.9,No,Standard,No,17,PayPal,Fortnightly,False,False,True,14.0,New or occasional,1.6428571428571428
2559,49,35-49,Male,Hoodie,Clothing,32,California,Fall,2.7,No,Express,No,24,PayPal,Fortnightly,False,False,True,14.0,New or occasional,2.2857142857142856
2560,48,35-49,Male,Belt,Accessories,71,Mississippi,Winter,4.0,No,Free Shipping,No,21,Debit Card,Every 3 Months,False,False,True,90.0,New or occasional,0.7888888888888889
2561,58,50+,Male,Boots,Footwear,62,California,Spring,2.7,No,Next Day Air,No,17,Debit Card,Bi-Weekly,False,False,True,14.0,New or occasional,4.428571428571429
2562,32,25-34,Male,Hoodie,Clothing,20,New York,Spring,2.7,No,Free Shipping,No,22,Debit Card,Quarterly,False,False,True,90.0,New or occasional,0.2222222222222222
2563,57,50+,Male,Shorts,Clothing,62,Arizona,Spring,4.7,No,Standard,No,27,Cash,Fortnightly,False,False,True,14.0,Loyal high-value,4.428571428571429
2564,69,50+,Male,Backpack,Accessories,81,Massachusetts,Winter,4.5,No,Standard,No,1,Venmo,Every 3 Months,False,False,False,90.0,New or occasional,0.9
2565,42,35-49,Male,Scarf,Accessories,90,Kentucky,Winter,3.0,No,2-Day Shipping,No,27,Bank Transfer,Weekly,False,False,True,7.0,Loyal high-value,12.857142857142858
2566,30,25-34,Male,Socks,Clothing,43,Vermont,Fall,3.6,No,Store Pickup,No,8,Venmo,Quarterly,False,False,False,90.0,New or occasional,0.4777777777777778
2567,35,35-49,Male,Handbag,Accessories,38,Missouri,Fall,3.3,No,Standard,No,43,PayPal,Quarterly,False,False,True,90.0,New or occasional,0.4222222222222222
2568,19,Under 25,Male,Sunglasses,Accessories,25,Michigan,Spring,4.3,No,Store Pickup,No,24,Cash,Fortnightly,False,False,True,14.0,New or occasional,1.7857142857142858
2569,52,50+,Male,T-shirt,Clothing,98,Texas,Winter,4.3,No,Express,No,29,PayPal,Fortnightly,False,False,True,14.0,Loyal high-value,7.0
2570,42,35-49,Male,Dress,Clothing,75,New York,Spring,4.8,No,Free Shipping,No,10,Bank Transfer,Bi-Weekly,False,False,True,14.0,New or occasional,5.357142857142857
2571,36,35-49,Male,Sneakers,Footwear,27,New Mexico,Spring,4.0,No,Store Pickup,No,12,PayPal,Fortnightly,False,False,True,14.0,New or occasional,1.9285714285714286
2572,45,35-49,Male,Sunglasses,Accessories,27,Mississippi,Winter,3.5,No,Standard,No,48,Cash,Fortnightly,False,False,True,14.0,New or occasional,1.9285714285714286
2573,54,50+,Male,Blouse,Clothing,42,Washington,Fall,3.9,No,Next Day Air,No,40,Bank Transfer,Quarterly,False,False,True,90.0,New or occasional,0.4666666666666667
2574,54,50+,Male,T-shirt,Clothing,90,New Mexico,Summer,4.4,No,Store Pickup,No,1,Bank Transfer,Annually,False,False,False,30.0,New or occasional,3.0
2575,27,25-34,Male,Hat,Accessories,63,Florida,Summer,4.6,No,2-Day Shipping,No,26,Credit Card,Fortnightly,False,False,True,14.0,Loyal high-value,4.5
2576,53,50+,Male,Shorts,Clothing,96,Minnesota,Fall,4.0,No,Express,No,9,PayPal,Annually,False,False,False,30.0,New or occasional,3.2
2577,20,Under 25,Male,Hoodie,Clothing,40,New Hampshire,Winter,4.2,No,Free Shipping,No,19,Debit Card,Quarterly,False,False,True,90.0,New or occasional,0.4444444444444444
2578,52,50+,Male,Socks,Clothing,39,Minnesota,Fall,4.5,No,Next Day Air,No,37,Bank Transfer,Monthly,False,False,True,30.0,New or occasional,1.3
2579,54,50+,Male,Sunglasses,Accessories,48,Vermont,Fall,3.9,No,Free Shipping,No,3,Cash,Quarterly,False,False,False,90.0,New or occasional,0.5333333333333333
2580,65,50+,Male,Blouse,Clothing,20,Minnesota,Summer,3.7,No,Express,No,40,Venmo,Weekly,False,False,True,7.0,New or occasional,2.857142857142857
2581,43,35-49,Male,Jeans,Clothing,29,Massachusetts,Summer,3.6,No,Store Pickup,No,13,Bank Transfer,Quarterly,False,False,True,90.0,New or occasional,0.32222222222222224
2582,57,50+,Male,Dress,Clothing,81,Wyoming,Winter,4.7,No,Express,No,48,Credit Card,Monthly,False,False,True,30.0,Loyal high-value,2.7
2583,19,Under 25,Male,Dress,Clothing,98,South Dakota,Fall,3.6,No,2-Day Shipping,No,4,Venmo,Every 3 Months,False,False,False,90.0,New or occasional,1.0888888888888888
2584,69,50+,Male,Jeans,Clothing,93,Oklahoma,Fall,2.5,No,Next Day Air,No,9,Cash,Weekly,False,False,False,7.0,New or occasional,13.285714285714286
2585,26,25-34,Male,Socks,Clothing,30,Florida,Summer,2.9,No,Store Pickup,No,26,Bank Transfer,Bi-Weekly,False,False,True,14.0,New or occasional,2.142857142857143
2586,57,50+,Male,Sunglasses,Accessories,37,Wisconsin,Fall,4.4,No,Free Shipping,No,19,Debit Card,Weekly,False,False,True,7.0,New or occasional,5.285714285714286
2587,20,Under 25,Male,Coat,Outerwear,28,Maine,Winter,4.6,No,Express,No,1,Credit Card,Every 3 Months,False,False,False,90.0,New or occasional,0.3111111111111111
2588,55,50+,Male,Scarf,Accessories,29,Connecticut,Winter,3.7,No,Express,No,29,PayPal,Every 3 Months,False,False,True,90.0,New or occasional,0.32222222222222224
2589,44,35-49,Male,Backpack,Accessories,49,Delaware,Summer,3.2,No,Free Shipping,No,38,Venmo,Bi-Weekly,False,False,True,14.0,New or occasional,3.5
2590,52,50+,Male,Pants,Clothing,53,North Dakota,Winter,4.9,No,2-Day Shipping,No,31,PayPal,Annually,False,False,True,30.0,New or occasional,1.7666666666666666
2591,57,50+,Male,Gloves,Accessories,66,California,Summer,5.0,No,Free Shipping,No,35,Venmo,Annually,False,False,True,30.0,Loyal high-value,2.2
2592,40,35-49,Male,Jacket,Outerwear,61,New Mexico,Spring,3.3,No,Express,No,40,Cash,Quarterly,False,False,True,90.0,Loyal high-value,0.6777777777777778
2593,23,Under 25,Male,Shorts,Clothing,23,Iowa,Summer,4.4,No,Store Pickup,No,13,Venmo,Quarterly,False,False,True,90.0,New or occasional,0.25555555555555554
2594,36,35-49,Male,Pants,Clothing,36,Colorado,Fall,4.7,No,Store Pickup,No,9,Bank Transfer,Every 3 Months,False,False,False,90.0,New or occasional,0.4
2595,59,50+,Male,Skirt,Clothing,81,Montana,Fall,3.6,No,Free Shipping,No,25,Cash,Every 3 Months,False,False,True,90.0,Loyal high-value,0.9
2596,29,25-34,Male,Blouse,Clothing,56,Iowa,Summer,3.2,No,Free Shipping,No,3,Bank Transfer,Bi-Weekly,False,False,False,14.0,New or occasional,4.0
2597,63,50+,Male,Shirt,Clothing,78,Louisiana,Spring,3.0,No,Next Day Air,No,35,Credit Card,Monthly,False,False,True,30.0,Loyal high-value,2.6
2598,60,50+,Male,Jewelry,Accessories,25,Alabama,Summer,4.4,No,Store Pickup,No,13,Venmo,Bi-Weekly,False,False,True,14.0,New or occasional,1.7857142857142858
2599,64,50+,Male,Backpack,Accessories,86,Nevada,Fall,3.3,No,Express,No,31,Debit Card,Annually,False,False,True,30.0,Loyal high-value,2.8666666666666667
2600,63,50+,Male,Jewelry,Accessories,99,Vermont,Winter,3.4,No,Express,No,48,Credit Card,Monthly,False,False,True,30.0,Loyal high-value,3.3
2601,21,Under 25,Male,Belt,Accessories,83,New York,Fall,3.9,No,Express,No,6,Bank Transfer,Bi-Weekly,False,False,False,14.0,New or occasional,5.928571428571429
2602,61,50+,Male,Dress,Clothing,33,Mississippi,Winter,2.9,No,Store Pickup,No,43,Cash,Monthly,False,False,True,30.0,New or occasional,1.1
2603,65,50+,Male,Coat,Outerwear,44,South Carolina,Fall,2.9,No,Free Shipping,No,1,Venmo,Quarterly,False,False,False,90.0,New or occasional,0.4888888888888889
2604,69,50+,Male,Dress,Clothing,58,Washington,Spring,2.7,No,2-Day Shipping,No,8,Cash,Annually,False,False,False,30.0,New or occasional,1.9333333333333333
2605,47,35-49,Male,Sweater,Clothing,54,Colorado,Spring,3.4,No,Store Pickup,No,6,Debit Card,Weekly,False,False,False,7.0,New or occasional,7.714285714285714
2606,41,35-49,Male,Hoodie,Clothing,93,Nevada,Spring,3.7,No,2-Day Shipping,No,32,Venmo,Fortnightly,False,False,True,14.0,Loyal high-value,6.642857142857143
2607,68,50+,Male,Shoes,Footwear,98,Nevada,Spring,4.7,No,Standard,No,46,Bank Transfer,Bi-Weekly,False,False,True,14.0,Loyal high-value,7.0
2608,41,35-49,Male,Shoes,Footwear,36,Oklahoma,Spring,3.1,No,Express,No,38,PayPal,Every 3 Months,False,False,True,90.0,New or occasional,0.4
2609,42,35-49,Male,Jacket,Outerwear,68,Mississippi,Fall,4.2,No,2-Day Shipping,No,48,Credit Card,Fortnightly,False,False,True,14.0,Loyal high-value,4.857142857142857
2610,66,50+,Male,Backpack,Accessories,95,Arkansas,Summer,3.0,No,Store Pickup,No,18,Debit Card,Bi-Weekly,False,False,True,14.0,New or occasional,6.785714285714286
2611,66,50+,Male,Jeans,Clothing,93,West Virginia,Spring,3.1,No,Express,No,25,Cash,Quarterly,False,False,True,90.0,Loyal high-value,1.0333333333333334
2612,33,25-34,Male,Jacket,Outerwear,99,Michigan,Fall,4.2,No,2-Day Shipping,No,4,Cash,Fortnightly,False,False,False,14.0,New or occasional,7.071428571428571
2613,55,50+,Male,Sunglasses,Accessories,22,Louisiana,Winter,3.8,No,Next Day Air,No,27,Venmo,Quarterly,False,False,True,90.0,New or occasional,0.24444444444444444
2614,58,50+,Male,Gloves,Accessories,88,South Dakota,Fall,2.9,No,Express,No,14,Bank Transfer,Monthly,False,False,True,30.0,New or occasional,2.933333333333333
2615,18,Under 25,Male,Jacket,Outerwear,65,North Dakota,Spring,4.2,No,Express,No,36,Bank Transfer,Fortnightly,False,False,True,14.0,Loyal high-value,4.642857142857143
2616,49,35-49,Male,T-shirt,Clothing,62,Arizona,Fall,3.1,No,2-Day Shipping,No,6,Debit Card,Quarterly,False,False,False,90.0,New or occasional,0.6888888888888889
2617,61,50+,Male,Sandals,Footwear,55,Georgia,Spring,3.6,No,Express,No,46,Cash,Annually,False,False,True,30.0,New or occasional,1.8333333333333333
2618,31,25-34,Male,Shorts,Clothing,97,Idaho,Spring,4.8,No,Standard,No,29,Bank Transfer,Annually,False,False,True,30.0,Loyal high-value,3.2333333333333334
2619,70,50+,Male,Handbag,Accessories,77,Louisiana,Fall,4.1,No,Express,No,12,Venmo,Monthly,False,False,True,30.0,New or occasional,2.566666666666667
2620,68,50+,Male,Pants,Clothing,40,Connecticut,Winter,3.9,No,Free Shipping,No,47,Credit Card,Weekly,False,False,True,7.0,New or occasional,5.714285714285714
2621,27,25-34,Male,Blouse,Clothing,23,Ohio,Winter,3.0,No,Standard,No,28,Debit Card,Annually,False,False,True,30.0,New or occasional,0.7666666666666667
2622,48,35-49,Male,Shoes,Footwear,46,Maine,Winter,3.0,No,Express,No,21,Bank Transfer,Annually,False,False,True,30.0,New or occasional,1.5333333333333334
2623,63,50+,Male,Backpack,Accessories,75,New Hampshire,Spring,4.9,No,2-Day Shipping,No,15,Credit Card,Annually,False,False,True,30.0,New or occasional,2.5
2624,49,35-49,Male,Shoes,Footwear,76,Massachusetts,Fall,4.8,No,Next Day Air,No,38,Cash,Annually,False,False,True,30.0,Loyal high-value,2.533333333333333
2625,19,Under 25,Male,Dress,Clothing,59,South Dakota,Summer,3.3,No,Standard,No,19,Credit Card,Annually,False,False,True,30.0,New or occasional,1.9666666666666666
2626,30,25-34,Male,Skirt,Clothing,51,Colorado,Summer,2.7,No,Standard,No,31,Credit Card,Weekly,False,False,True,7.0,New or occasional,7.285714285714286
2627,50,50+,Male,Jacket,Outerwear,46,Rhode Island,Fall,4.2,No,Express,No,30,Credit Card,Every 3 Months,False,False,True,90.0,New or occasional,0.5111111111111111
2628,66,50+,Male,Shirt,Clothing,26,Missouri,Fall,3.6,No,Next Day Air,No,40,Bank Transfer,Quarterly,False,False,True,90.0,New or occasional,0.28888888888888886
2629,25,25-34,Male,Hoodie,Clothing,51,Wyoming,Summer,3.8,No,Next Day Air,No,42,Credit Card,Bi-Weekly,False,False,True,14.0,New or occasional,3.642857142857143
2630,61,50+,Male,Scarf,Accessories,44,New Hampshire,Winter,3.8,No,Free Shipping,No,25,Venmo,Annually,False,False,True,30.0,New or occasional,1.4666666666666666
2631,29,25-34,Male,Skirt,Clothing,82,Maine,Spring,4.2,No,Free Shipping,No,20,Cash,Quarterly,False,False,True,90.0,New or occasional,0.9111111111111111
2632,53,50+,Male,Skirt,Clothing,44,Connecticut,Summer,2.7,No,Express,No,3,Cash,Weekly,False,False,False,7.0,New or occasional,6.285714285714286
2633,24,Under 25,Male,Scarf,Accessories,27,Alaska,Fall,5.0,No,Next Day Air,No,14,Cash,Annually,False,False,True,30.0,New or occasional,0.9
2634,51,50+,Male,Sunglasses,Accessories,90,Alaska,Fall,4.7,No,Next Day Air,No,32,Credit Card,Fortnightly,False,False,True,14.0,Loyal high-value,6.428571428571429
2635,26,25-34,Male,Sandals,Footwear,58,North Carolina,Summer,3.2,No,Store Pickup,No,20,PayPal,Every 3 Months,False,False,True,90.0,New or occasional,0.6444444444444445
2636,59,50+,Male,Hoodie,Clothing,80,Colorado,Spring,2.9,No,2-Day Shipping,No,34,PayPal,Fortnightly,False,False,True,14.0,Loyal high-value,5.714285714285714
2637,41,35-49,Male,Jacket,Outerwear,40,Utah,Winter,4.2,No,Store Pickup,No,6,Venmo,Annually,False,False,False,30.0,New or occasional,1.3333333333333333
2638,20,Under 25,Male,Pants,Clothing,23,Alabama,Spring,3.7,No,Store Pickup,No,2,PayPal,Annually,False,False,False,30.0,New or occasional,0.7666666666666667
2639,22,Under 25,Male,Shirt,Clothing,34,Hawaii,Spring,4.2,No,Store Pickup,No,35,Credit Card,Annually,False,False,True,30.0,New or occasional,1.1333333333333333
2640,18,Under 25,Male,Blouse,Clothing,35,New Hampshire,Winter,2.6,No,Free Shipping,No,33,Debit Card,Quarterly,False,False,True,90.0,New or occasional,0.3888888888888889
2641,30,25-34,Male,Skirt,Clothing,75,Indiana,Summer,4.0,No,Store Pickup,No,45,Venmo,Bi-Weekly,False,False,True,14.0,Loyal high-value,5.357142857142857
2642,25,25-34,Male,Sunglasses,Accessories,60,Vermont,Winter,2.7,No,Next Day Air,No,20,Bank Transfer,Every 3 Months,False,False,True,90.0,New or occasional,0.6666666666666666
2643,39,35-49,Male,Belt,Accessories,87,Iowa,Summer,4.0,No,Store Pickup,No,48,Bank Transfer,Annually,False,False,True,30.0,Loyal high-value,2.9
2644,49,35-49,Male,Gloves,Accessories,41,Maryland,Spring,2.9,No,Next Day Air,No,37,Cash,Monthly,False,False,True,30.0,New or occasional,1.3666666666666667
2645,25,25-34,Male,Pants,Clothing,83,New Mexico,Spring,3.3,No,Standard,No,4,Bank Transfer,Every 3 Months,False,False,False,90.0,New or occasional,0.9222222222222223
2646,23,Under 25,Male,Scarf,Accessories,81,Louisiana,Spring,4.0,No,Store Pickup,No,24,Bank Transfer,Bi-Weekly,False,False,True,14.0,New or occasional,5.785714285714286
2647,33,25-34,Male,T-shirt,Clothing,56,New Mexico,Summer,3.9,No,Next Day Air,No,4,Debit Card,Every 3 Months,False,False,False,90.0,New or occasional,0.6222222222222222
2648,60,50+,Male,Shoes,Footwear,58,South Carolina,Summer,3.3,No,2-Day Shipping,No,25,Debit Card,Annually,False,False,True,30.0,New or occasional,1.9333333333333333
2649,51,50+,Male,Pants,Clothing,84,Illinois,Spring,3.9,No,Next Day Air,No,14,PayPal,Bi-Weekly,False,False,True,14.0,New or occasional,6.0
2650,23,Under 25,Male,Gloves,Accessories,21,Minnesota,Fall,3.9,No,Store Pickup,No,14,Bank Transfer,Fortnightly,False,False,True,14.0,New or occasional,1.5
2651,20,Under 25,Male,Socks,Clothing,35,Oregon,Summer,4.2,No,Standard,No,46,Credit Card,Every 3 Months,False,False,True,90.0,New or occasional,0.3888888888888889
2652,51,50+,Male,Sneakers,Footwear,43,Tennessee,Summer,4.6,No,Store Pickup,No,27,PayPal,Quarterly,False,False,True,90.0,New or occasional,0.4777777777777778
2653,23,Under 25,Female,Shorts,Clothing,20,Maryland,Summer,3.3,No,2-Day Shipping,No,46,Credit Card,Monthly,False,False,True,30.0,New or occasional,0.6666666666666666
2654,67,50+,Female,Blouse,Clothing,36,Wisconsin,Fall,4.8,No,Express,No,24,Venmo,Every 3 Months,False,False,True,90.0,New or occasional,0.4
2655,23,Under 25,Female,Coat,Outerwear,70,Idaho,Fall,4.1,No,Next Day Air,No,4,PayPal,Annually,False,False,False,30.0,New or occasional,2.3333333333333335
2656,26,25-34,Female,Sunglasses,Accessories,83,Wyoming,Summer,3.4,No,Standard,No,2,Credit Card,Fortnightly,False,False,False,14.0,New or occasional,5.928571428571429
2657,52,50+,Female,Shorts,Clothing,76,Indiana,Winter,3.6,No,Express,No,29,Bank Transfer,Fortnightly,False,False,True,14.0,Loyal high-value,5.428571428571429
2658,52,50+,Female,Dress,Clothing,81,Texas,Summer,2.7,No,Express,No,7,Credit Card,Fortnightly,False,False,False,14.0,New or occasional,5.785714285714286
2659,52,50+,Female,Handbag,Accessories,47,Ohio,Summer,3.2,No,Next Day Air,No,39,PayPal,Monthly,False,False,True,30.0,New or occasional,1.5666666666666667
2660,35,35-49,Female,Boots,Footwear,35,Kansas,Summer,4.4,No,2-Day Shipping,No,46,Credit Card,Fortnightly,False,False,True,14.0,New or occasional,2.5
2661,24,Under 25,Female,Pants,Clothing,85,South Carolina,Spring,4.9,No,Express,No,44,Venmo,Annually,False,False,True,30.0,Loyal high-value,2.8333333333333335
2662,43,35-49,Female,Boots,Footwear,96,Michigan,Fall,4.8,No,Express,No,20,Bank Transfer,Annually,False,False,True,30.0,New or occasional,3.2
2663,25,25-34,Female,Skirt,Clothing,98,Nebraska,Summer,2.8,No,2-Day Shipping,No,44,PayPal,Fortnightly,False,False,True,14.0,Loyal high-value,7.0
2664,46,35-49,Female,Sneakers,Footwear,52,Wisconsin,Fall,2.9,No,Free Shipping,No,23,Bank Transfer,Annually,False,False,True,30.0,New or occasional,1.7333333333333334
2665,22,Under 25,Female,Jewelry,Accessories,84,Illinois,Winter,3.2,No,Store Pickup,No,37,PayPal,Weekly,False,False,True,7.0,Loyal high-value,12.0
2666,70,50+,Female,T-shirt,Clothing,71,Louisiana,Winter,3.5,No,Store Pickup,No,4,Venmo,Weekly,False,False,False,7.0,New or occasional,10.142857142857142
2667,49,35-49,Female,Sandals,Footwear,95,Ohio,Winter,4.1,No,Store Pickup,No,14,Venmo,Fortnightly,False,False,True,14.0,New or occasional,6.785714285714286
2668,48,35-49,Female,Boots,Footwear,47,Maryland,Summer,4.1,No,Free Shipping,No,31,Cash,Fortnightly,False,False,True,14.0,New or occasional,3.357142857142857
2669,59,50+,Female,Coat,Outerwear,75,Texas,Summer,4.8,No,Next Day Air,No,9,PayPal,Quarterly,False,False,False,90.0,New or occasional,0.8333333333333334
2670,39,35-49,Female,Belt,Accessories,28,Illinois,Spring,2.8,No,Free Shipping,No,31,Credit Card,Weekly,False,False,True,7.0,New or occasional,4.0
2671,30,25-34,Female,Sunglasses,Accessories,44,Pennsylvania,Fall,4.7,No,Express,No,26,Bank Transfer,Bi-Weekly,False,False,True,14.0,New or occasional,3.142857142857143
2672,37,35-49,Female,Sandals,Footwear,64,Alabama,Winter,4.8,No,2-Day Shipping,No,41,PayPal,Every 3 Months,False,False,True,90.0,Loyal high-value,0.7111111111111111
2673,56,50+,Female,Boots,Footwear,28,West Virginia,Spring,2.9,No,Standard,No,13,Cash,Annually,False,False,True,30.0,New or occasional,0.9333333333333333
2674,67,50+,Female,Hoodie,Clothing,21,Nevada,Summer,2.6,No,2-Day Shipping,No,4,Cash,Monthly,False,False,False,30.0,New or occasional,0.7
2675,40,35-49,Female,Hat,Accessories,41,Florida,Fall,3.3,No,Express,No,15,Cash,Every 3 Months,False,False,True,90.0,New or occasional,0.45555555555555555
2676,24,Under 25,Female,Shorts,Clothing,38,Virginia,Winter,3.4,No,Free Shipping,No,38,Cash,Bi-Weekly,False,False,True,14.0,New or occasional,2.7142857142857144
2677,43,35-49,Female,Backpack,Accessories,77,Kentucky,Spring,3.6,No,Free Shipping,No,3,Cash,Fortnightly,False,False,False,14.0,New or occasional,5.5
2678,45,35-49,Female,Shorts,Clothing,43,Connecticut,Spring,3.8,No,Next Day Air,No,6,PayPal,Every 3 Months,False,False,False,90.0,New or occasional,0.4777777777777778
2679,33,25-34,Female,Belt,Accessories,91,Montana,Spring,3.4,No,2-Day Shipping,No,34,Credit Card,Bi-Weekly,False,False,True,14.0,Loyal high-value,6.5
2680,53,50+,Female,Shorts,Clothing,68,Montana,Spring,3.8,No,Express,No,7,Debit Card,Quarterly,False,False,False,90.0,New or occasional,0.7555555555555555
2681,44,35-49,Female,Socks,Clothing,37,Nebraska,Fall,3.3,No,Next Day Air,No,21,Venmo,Annually,False,False,True,30.0,New or occasional,1.2333333333333334
2682,23,Under 25,Female,Shoes,Footwear,23,Massachusetts,Summer,4.8,No,Standard,No,17,Debit Card,Monthly,False,False,True,30.0,New or occasional,0.7666666666666667
2683,59,50+,Female,Sneakers,Footwear,65,North Carolina,Winter,3.9,No,2-Day Shipping,No,5,Venmo,Every 3 Months,False,False,False,90.0,New or occasional,0.7222222222222222
2684,68,50+,Female,Backpack,Accessories,30,Montana,Summer,4.2,No,Next Day Air,No,21,Cash,Fortnightly,False,False,True,14.0,New or occasional,2.142857142857143
2685,46,35-49,Female,Dress,Clothing,45,Washington,Summer,4.7,No,Free Shipping,No,42,Credit Card,Bi-Weekly,False,False,True,14.0,New or occasional,3.2142857142857144
2686,56,50+,Female,Boots,Footwear,25,Virginia,Winter,2.7,No,Express,No,49,Credit Card,Quarterly,False,False,True,90.0,New or occasional,0.2777777777777778
2687,40,35-49,Female,Socks,Clothing,72,Georgia,Winter,3.8,No,2-Day Shipping,No,33,Cash,Fortnightly,False,False,True,14.0,Loyal high-value,5.142857142857143
2688,61,50+,Female,Dress,Clothing,75,Delaware,Fall,3.6,No,2-Day Shipping,No,12,Debit Card,Bi-Weekly,False,False,True,14.0,New or occasional,5.357142857142857
2689,53,50+,Female,Handbag,Accessories,63,West Virginia,Spring,2.9,No,2-Day Shipping,No,18,Credit Card,Every 3 Months,False,False,True,90.0,New or occasional,0.7
2690,29,25-34,Female,Blouse,Clothing,35,Wyoming,Fall,3.9,No,Standard,No,47,PayPal,Quarterly,False,False,True,90.0,New or occasional,0.3888888888888889
2691,44,35-49,Female,Belt,Accessories,32,New Mexico,Summer,4.7,No,Free Shipping,No,18,Bank Transfer,Weekly,False,False,True,7.0,New or occasional,4.571428571428571
2692,43,35-49,Female,Pants,Clothing,25,Nebraska,Winter,3.3,No,2-Day Shipping,No,48,Cash,Monthly,False,False,True,30.0,New or occasional,0.8333333333333334
2693,40,35-49,Female,Sneakers,Footwear,90,Washington,Spring,4.2,No,Free Shipping,No,18,Debit Card,Every 3 Months,False,False,True,90.0,New or occasional,1.0
2694,55,50+,Female,Boots,Footwear,70,Hawaii,Summer,2.6,No,Standard,No,46,Cash,Quarterly,False,False,True,90.0,Loyal high-value,0.7777777777777778
2695,66,50+,Female,Sunglasses,Accessories,27,Louisiana,Spring,4.9,No,Express,No,34,Credit Card,Every 3 Months,False,False,True,90.0,New or occasional,0.3
2696,50,50+,Female,Hat,Accessories,92,Tennessee,Fall,3.6,No,Standard,No,10,PayPal,Bi-Weekly,False,False,True,14.0,New or occasional,6.571428571428571
2697,57,50+,Female,Coat,Outerwear,20,South Dakota,Spring,4.7,No,Free Shipping,No,12,Debit Card,Monthly,False,False,True,30.0,New or occasional,0.6666666666666666
2698,42,35-49,Female,Jacket,Outerwear,52,Delaware,Winter,3.2,No,Standard,No,36,Bank Transfer,Quarterly,False,False,True,90.0,New or occasional,0.5777777777777777
2699,55,50+,Female,Hoodie,Clothing,57,Virginia,Summer,3.6,No,Store Pickup,No,34,Venmo,Quarterly,False,False,True,90.0,New or occasional,0.6333333333333333
2700,25,25-34,Female,Boots,Footwear,96,Utah,Fall,3.6,No,2-Day Shipping,No,49,Debit Card,Annually,False,False,True,30.0,Loyal high-value,3.2
2701,22,Under 25,Female,T-shirt,Clothing,68,California,Winter,3.2,No,Standard,No,36,Cash,Weekly,False,False,True,7.0,Loyal high-value,9.714285714285714
2702,49,35-49,Female,Sweater,Clothing,30,Idaho,Summer,2.8,No,Store Pickup,No,18,Bank Transfer,Fortnightly,False,False,True,14.0,New or occasional,2.142857142857143
2703,70,50+,Female,Shoes,Footwear,37,Texas,Fall,4.0,No,Next Day Air,No,39,Debit Card,Fortnightly,False,False,True,14.0,New or occasional,2.642857142857143
2704,56,50+,Female,Scarf,Accessories,42,Tennessee,Winter,4.4,No,Free Shipping,No,34,PayPal,Weekly,False,False,True,7.0,New or occasional,6.0
2705,52,50+,Female,Dress,Clothing,54,Tennessee,Spring,3.4,No,Next Day Air,No,35,Debit Card,Weekly,False,False,True,7.0,New or occasional,7.714285714285714
2706,65,50+,Female,Jacket,Outerwear,81,Washington,Spring,5.0,No,Store Pickup,No,1,Credit Card,Bi-Weekly,False,False,False,14.0,New or occasional,5.785714285714286
2707,24,Under 25,Female,Shoes,Footwear,40,Alabama,Spring,3.1,No,Express,No,48,Debit Card,Quarterly,False,False,True,90.0,New or occasional,0.4444444444444444
2708,32,25-34,Female,Backpack,Accessories,88,Nebraska,Fall,4.2,No,Standard,No,19,Cash,Weekly,False,False,True,7.0,New or occasional,12.571428571428571
2709,57,50+,Female,Dress,Clothing,94,Alabama,Summer,3.3,No,Store Pickup,No,44,Debit Card,Weekly,False,False,True,7.0,Loyal high-value,13.428571428571429
2710,35,35-49,Female,Shirt,Clothing,54,Illinois,Winter,2.9,No,Standard,No,9,Credit Card,Bi-Weekly,False,False,False,14.0,New or occasional,3.857142857142857
2711,69,50+,Female,Jacket,Outerwear,51,Wisconsin,Summer,4.7,No,Standard,No,3,Bank Transfer,Fortnightly,False,False,False,14.0,New or occasional,3.642857142857143
2712,30,25-34,Female,Sunglasses,Accessories,22,Nebraska,Spring,4.0,No,Standard,No,50,Venmo,Monthly,False,False,True,30.0,New or occasional,0.7333333333333333
2713,37,35-49,Female,Jacket,Outerwear,95,North Dakota,Fall,4.6,No,Standard,No,7,Debit Card,Quarterly,False,False,False,90.0,New or occasional,1.0555555555555556
2714,19,Under 25,Female,Coat,Outerwear,57,Mississippi,Fall,3.8,No,2-Day Shipping,No,20,Debit Card,Annually,False,False,True,30.0,New or occasional,1.9
2715,53,50+,Female,Sweater,Clothing,45,Iowa,Winter,3.6,No,Store Pickup,No,16,Credit Card,Bi-Weekly,False,False,True,14.0,New or occasional,3.2142857142857144
2716,25,25-34,Female,Sneakers,Footwear,92,Mississippi,Winter,4.1,No,Express,No,29,PayPal,Fortnightly,False,False,True,14.0,Loyal high-value,6.571428571428571
2717,47,35-49,Female,Shoes,Footwear,40,Colorado,Spring,2.7,No,Store Pickup,No,21,Debit Card,Weekly,False,False,True,7.0,New or occasional,5.714285714285714
2718,18,Under 25,Female,Sunglasses,Accessories,62,Nebraska,Winter,4.3,No,Free Shipping,No,19,Credit Card,Every 3 Months,False,False,True,90.0,New or occasional,0.6888888888888889
2719,22,Under 25,Female,Shorts,Clothing,90,Virginia,Winter,4.9,No,Next Day Air,No,10,Venmo,Bi-Weekly,False,False,True,14.0,New or occasional,6.428571428571429
2720,69,50+,Female,Hoodie,Clothing,82,Louisiana,Fall,4.2,No,Free Shipping,No,4,Bank Transfer,Monthly,False,False,False,30.0,New or occasional,2.7333333333333334
2721,55,50+,Female,Scarf,Accessories,52,Maryland,Spring,2.8,No,Store Pickup,No,45,Bank Transfer,Quarterly,False,False,True,90.0,New or occasional,0.5777777777777777
2722,19,Under 25,Female,Sandals,Footwear,70,Minnesota,Spring,4.9,No,Free Shipping,No,17,PayPal,Fortnightly,False,False,True,14.0,New or occasional,5.0
2723,23,Under 25,Female,Hat,Accessories,83,Maine,Spring,2.8,No,2-Day Shipping,No,22,PayPal,Fortnightly,False,False,True,14.0,New or occasional,5.928571428571429
2724,54,50+,Female,Shoes,Footwear,49,Texas,Summer,2.9,No,Store Pickup,No,3,PayPal,Every 3 Months,False,False,False,90.0,New or occasional,0.5444444444444444
2725,52,50+,Female,Sneakers,Footwear,91,Missouri,Spring,2.5,No,Next Day Air,No,11,Debit Card,Fortnightly,False,False,True,14.0,New or occasional,6.5
2726,64,50+,Female,Backpack,Accessories,99,Mississippi,Summer,2.7,No,Free Shipping,No,4,Debit Card,Annually,False,False,False,30.0,New or occasional,3.3
2727,33,25-34,Female,Belt,Accessories,92,Michigan,Winter,3.3,No,Free Shipping,No,11,PayPal,Bi-Weekly,False,False,True,14.0,New or occasional,6.571428571428571
2728,40,35-49,Female,Shirt,Clothing,87,Colorado,Winter,3.7,No,2-Day Shipping,No,47,Credit Card,Fortnightly,False,False,True,14.0,Loyal high-value,6.214285714285714
2729,26,25-34,Female,Skirt,Clothing,28,Florida,Winter,4.0,No,Express,No,17,Debit Card,Weekly,False,False,True,7.0,New or occasional,4.0
2730,31,25-34,Female,Gloves,Accessories,71,Montana,Summer,4.1,No,Free Shipping,No,32,Credit Card,Monthly,False,False,True,30.0,Loyal high-value,2.3666666666666667
2731,23,Under 25,Female,Gloves,Accessories,32,Wisconsin,Winter,4.1,No,Store Pickup,No,37,Bank Transfer,Annually,False,False,True,30.0,New or occasional,1.0666666666666667
2732,52,50+,Female,Handbag,Accessories,33,Wisconsin,Summer,2.5,No,2-Day Shipping,No,44,Bank Transfer,Quarterly,False,False,True,90.0,New or occasional,0.36666666666666664
2733,21,Under 25,Female,Socks,Clothing,75,Delaware,Winter,4.2,No,Store Pickup,No,27,Debit Card,Every 3 Months,False,False,True,90.0,Loyal high-value,0.8333333333333334
2734,31,25-34,Female,Backpack,Accessories,83,North Carolina,Summer,4.7,No,Express,No,46,PayPal,Annually,False,False,True,30.0,Loyal high-value,2.7666666666666666
2735,63,50+,Female,Jeans,Clothing,93,New York,Summer,2.7,No,2-Day Shipping,No,13,Cash,Bi-Weekly,False,False,True,14.0,New or occasional,6.642857142857143
2736,46,35-49,Female,Skirt,Clothing,29,California,Spring,3.0,No,Express,No,2,PayPal,Bi-Weekly,False,False,False,14.0,New or occasional,2.0714285714285716
2737,44,35-49,Female,Hoodie,Clothing,25,Montana,Spring,4.8,No,Store Pickup,No,45,Credit Card,Annually,False,False,True,30.0,New or occasional,0.8333333333333334
2738,57,50+,Female,Jewelry,Accessories,76,North Carolina,Spring,4.4,No,Free Shipping,No,35,Cash,Every 3 Months,False,False,True,90.0,Loyal high-value,0.8444444444444444
2739,50,50+,Female,Sneakers,Footwear,81,Ohio,Summer,4.3,No,2-Day Shipping,No,39,Venmo,Every 3 Months,False,False,True,90.0,Loyal high-value,0.9
2740,33,25-34,Female,Shirt,Clothing,80,Alaska,Winter,2.5,No,Store Pickup,No,39,Credit Card,Every 3 Months,False,False,True,90.0,Loyal high-value,0.8888888888888888
2741,19,Under 25,Female,Sunglasses,Accessories,70,Pennsylvania,Summer,4.9,No,Free Shipping,No,34,Bank Transfer,Fortnightly,False,False,True,14.0,Loyal high-value,5.0
2742,68,50+,Female,Dress,Clothing,81,Maine,Fall,4.9,No,2-Day Shipping,No,41,Venmo,Monthly,False,False,True,30.0,Loyal high-value,2.7
2743,27,25-34,Female,Shoes,Footwear,86,Texas,Spring,3.9,No,Free Shipping,No,47,Debit Card,Annually,False,False,True,30.0,Loyal high-value,2.8666666666666667
2744,61,50+,Female,Belt,Accessories,94,New Jersey,Fall,4.1,No,2-Day Shipping,No,17,Venmo,Quarterly,False,False,True,90.0,New or occasional,1.0444444444444445
2745,38,35-49,Female,Shirt,Clothing,66,Wyoming,Winter,3.3,No,Store Pickup,No,40,Credit Card,Monthly,False,False,True,30.0,Loyal high-value,2.2
2746,28,25-34,Female,Boots,Footwear,98,Michigan,Summer,4.1,No,Standard,No,44,PayPal,Bi-Weekly,False,False,True,14.0,Loyal high-value,7.0
2747,39,35-49,Female,Hoodie,Clothing,25,Ohio,Fall,3.7,No,Standard,No,21,PayPal,Every 3 Months,False,False,True,90.0,New or occasional,0.2777777777777778
2748,18,Under 25,Female,Jeans,Clothing,62,West Virginia,Winter,3.1,No,Free Shipping,No,21,Credit Card,Every 3 Months,False,False,True,90.0,New or occasional,0.6888888888888889
2749,24,Under 25,Female,Jacket,Outerwear,98,Virginia,Spring,3.0,No,Free Shipping,No,16,Venmo,Annually,False,False,True,30.0,New or occasional,3.2666666666666666
2750,64,50+,Female,Jacket,Outerwear,53,Vermont,Spring,3.4,No,Standard,No,15,Bank Transfer,Annually,False,False,True,30.0,New or occasional,1.7666666666666666
2751,51,50+,Female,Sandals,Footwear,66,Alaska,Spring,2.7,No,2-Day Shipping,No,26,PayPal,Every 3 Months,False,False,True,90.0,Loyal high-value,0.7333333333333333
2752,27,25-34,Female,Dress,Clothing,52,Minnesota,Fall,3.1,No,Free Shipping,No,50,Venmo,Monthly,False,False,True,30.0,New or occasional,1.7333333333333334
2753,48,35-49,Female,Sweater,Clothing,64,Colorado,Winter,4.0,No,Free Shipping,No,30,Venmo,Bi-Weekly,False,False,True,14.0,Loyal high-value,4.571428571428571
2754,69,50+,Female,Gloves,Accessories,59,Rhode Island,Spring,3.6,No,Next Day Air,No,48,PayPal,Quarterly,False,False,True,90.0,New or occasional,0.6555555555555556
2755,59,50+,Female,Sunglasses,Accessories,61,New Jersey,Summer,3.6,No,Free Shipping,No,21,Venmo,Bi-Weekly,False,False,True,14.0,New or occasional,4.357142857142857
2756,59,50+,Female,Belt,Accessories,97,Nevada,Winter,3.3,No,Store Pickup,No,18,Credit Card,Annually,False,False,True,30.0,New or occasional,3.2333333333333334
2757,42,35-49,Female,Hat,Accessories,23,Minnesota,Winter,4.1,No,Free Shipping,No,41,PayPal,Monthly,False,False,True,30.0,New or occasional,0.7666666666666667
2758,39,35-49,Female,Hat,Accessories,98,Delaware,Fall,4.3,No,Next Day Air,No,11,Venmo,Monthly,False,False,True,30.0,New or occasional,3.2666666666666666
2759,32,25-34,Female,Blouse,Clothing,98,Illinois,Summer,3.2,No,Standard,No,8,Bank Transfer,Bi-Weekly,False,False,False,14.0,New or occasional,7.0
2760,68,50+,Female,Shoes,Footwear,59,Washington,Summer,3.9,No,Free Shipping,No,42,Cash,Every 3 Months,False,False,True,90.0,New or occasional,0.6555555555555556
2761,41,35-49,Female,Skirt,Clothing,82,Alaska,Fall,5.0,No,Next Day Air,No,41,Credit Card,Bi-Weekly,False,False,True,14.0,Loyal high-value,5.857142857142857
2762,31,25-34,Female,Sneakers,Footwear,82,Michigan,Fall,3.4,No,Next Day Air,No,3,Credit Card,Every 3 Months,False,False,False,90.0,New or occasional,0.9111111111111111
2763,58,50+,Female,T-shirt,Clothing,41,Georgia,Fall,3.8,No,Store Pickup,No,10,Debit Card,Every 3 Months,False,False,True,90.0,New or occasional,0.45555555555555555
2764,28,25-34,Female,Handbag,Accessories,52,West Virginia,Fall,2.9,No,2-Day Shipping,No,35,Venmo,Quarterly,False,False,True,90.0,New or occasional,0.5777777777777777
2765,63,50+,Female,Sweater,Clothing,41,Arizona,Spring,2.6,No,Next Day Air,No,2,Debit Card,Weekly,False,False,False,7.0,New or occasional,5.857142857142857
2766,64,50+,Female,Gloves,Accessories,70,Colorado,Summer,4.3,No,2-Day Shipping,No,24,Credit Card,Quarterly,False,False,True,90.0,New or occasional,0.7777777777777778
2767,66,50+,Female,Dress,Clothing,91,Tennessee,Winter,2.8,No,Standard,No,47,Credit Card,Monthly,False,False,True,30.0,Loyal high-value,3.033333333333333
2768,31,25-34,Female,Dress,Clothing,95,Iowa,Spring,4.5,No,Free Shipping,No,31,Cash,Monthly,False,False,True,30.0,Loyal high-value,3.1666666666666665
2769,55,50+,Female,Blouse,Clothing,25,Kansas,Spring,3.8,No,2-Day Shipping,No,28,PayPal,Bi-Weekly,False,False,True,14.0,New or occasional,1.7857142857142858
2770,32,25-34,Female,Shirt,Clothing,89,Oklahoma,Fall,3.0,No,Standard,No,13,Cash,Weekly,False,False,True,7.0,New or occasional,12.714285714285714
2771,50,50+,Female,Boots,Footwear,44,Nebraska,Fall,3.3,No,Express,No,22,Bank Transfer,Quarterly,False,False,True,90.0,New or occasional,0.4888888888888889
2772,58,50+,Female,Jacket,Outerwear,52,Maryland,Summer,3.1,No,2-Day Shipping,No,12,Bank Transfer,Fortnightly,False,False,True,14.0,New or occasional,3.7142857142857144
2773,18,Under 25,Female,Backpack,Accessories,94,Pennsylvania,Spring,3.5,No,Store Pickup,No,10,Bank Transfer,Every 3 Months,False,False,True,90.0,New or occasional,1.0444444444444445
2774,39,35-49,Female,Pants,Clothing,98,Arizona,Spring,4.6,No,Express,No,45,Bank Transfer,Quarterly,False,False,True,90.0,Loyal high-value,1.0888888888888888
2775,56,50+,Female,Boots,Footwear,40,Oklahoma,Fall,4.1,No,Standard,No,42,Credit Card,Quarterly,False,False,True,90.0,New or occasional,0.4444444444444444
2776,37,35-49,Female,Socks,Clothing,25,Montana,Fall,3.6,No,Free Shipping,No,16,Debit Card,Weekly,False,False,True,7.0,New or occasional,3.5714285714285716
2777,46,35-49,Female,Scarf,Accessories,62,Wyoming,Fall,2.9,No,Free Shipping,No,6,Bank Transfer,Annually,False,False,False,30.0,New or occasional,2.066666666666667
2778,52,50+,Female,Blouse,Clothing,24,Idaho,Fall,4.8,No,Standard,No,28,Credit Card,Every 3 Months,False,False,True,90.0,New or occasional,0.26666666666666666
2779,70,50+,Female,Belt,Accessories,57,Pennsylvania,Spring,3.2,No,Standard,No,24,Credit Card,Bi-Weekly,False,False,True,14.0,New or occasional,4.071428571428571
2780,61,50+,Female,Sunglasses,Accessories,66,Montana,Winter,4.3,No,Express,No,14,Credit Card,Fortnightly,False,False,True,14.0,New or occasional,4.714285714285714
2781,33,25-34,Female,Boots,Footwear,70,Ohio,Winter,4.1,No,Next Day Air,No,29,PayPal,Fortnightly,False,False,True,14.0,Loyal high-value,5.0
2782,65,50+,Female,Sandals,Footwear,39,Mississippi,Spring,4.6,No,Standard,No,33,PayPal,Weekly,False,False,True,7.0,New or occasional,5.571428571428571
2783,41,35-49,Female,Gloves,Accessories,34,Idaho,Spring,3.8,No,Free Shipping,No,30,PayPal,Annually,False,False,True,30.0,New or occasional,1.1333333333333333
2784,19,Under 25,Female,Skirt,Clothing,38,Virginia,Spring,4.5,No,Next Day Air,No,26,Credit Card,Quarterly,False,False,True,90.0,New or occasional,0.4222222222222222
2785,33,25-34,Female,Skirt,Clothing,70,Idaho,Winter,3.1,No,Express,No,12,PayPal,Every 3 Months,False,False,True,90.0,New or occasional,0.7777777777777778
2786,53,50+,Female,Blouse,Clothing,80,Louisiana,Summer,2.9,No,Next Day Air,No,13,Bank Transfer,Monthly,False,False,True,30.0,New or occasional,2.6666666666666665
2787,54,50+,Female,Handbag,Accessories,51,Colorado,Spring,3.8,No,Next Day Air,No,41,Debit Card,Every 3 Months,False,False,True,90.0,New or occasional,0.5666666666666667
2788,36,35-49,Female,Boots,Footwear,79,West Virginia,Spring,4.1,No,Next Day Air,No,4,Venmo,Fortnightly,False,False,False,14.0,New or occasional,5.642857142857143
2789,56,50+,Female,Boots,Footwear,92,Rhode Island,Summer,3.1,No,Free Shipping,No,2,Credit Card,Annually,False,False,False,30.0,New or occasional,3.066666666666667
2790,28,25-34,Female,Sweater,Clothing,85,North Carolina,Fall,5.0,No,Express,No,28,Credit Card,Bi-Weekly,False,False,True,14.0,Loyal high-value,6.071428571428571
2791,34,25-34,Female,Socks,Clothing,63,Maine,Spring,4.5,No,Free Shipping,No,24,Debit Card,Annually,False,False,True,30.0,New or occasional,2.1
2792,43,35-49,Female,Gloves,Accessories,60,Iowa,Fall,2.8,No,Express,No,14,Venmo,Fortnightly,False,False,True,14.0,New or occasional,4.285714285714286
2793,54,50+,Female,Shorts,Clothing,44,Kentucky,Winter,3.2,No,Express,No,11,Credit Card,Weekly,False,False,True,7.0,New or occasional,6.285714285714286
2794,37,35-49,Female,Boots,Footwear,57,Massachusetts,Spring,3.1,No,Standard,No,27,Debit Card,Bi-Weekly,False,False,True,14.0,New or occasional,4.071428571428571
2795,33,25-34,Female,Jacket,Outerwear,24,New York,Fall,3.3,No,Standard,No,7,Cash,Fortnightly,False,False,False,14.0,New or occasional,1.7142857142857142
2796,33,25-34,Female,Scarf,Accessories,35,Nebraska,Winter,3.4,No,Store Pickup,No,49,PayPal,Annually,False,False,True,30.0,New or occasional,1.1666666666666667
2797,55,50+,Female,Jacket,Outerwear,73,Oklahoma,Winter,3.8,No,Store Pickup,No,21,Cash,Annually,False,False,True,30.0,New or occasional,2.433333333333333
2798,63,50+,Female,Jewelry,Accessories,42,Oklahoma,Winter,3.5,No,Express,No,10,Venmo,Every 3 Months,False,False,True,90.0,New or occasional,0.4666666666666667
2799,52,50+,Female,Hoodie,Clothing,20,Rhode Island,Winter,4.8,No,Store Pickup,No,37,PayPal,Weekly,False,False,True,7.0,New or occasional,2.857142857142857
2800,23,Under 25,Female,T-shirt,Clothing,89,Maine,Spring,3.9,No,Free Shipping,No,9,Bank Transfer,Every 3 Months,False,False,False,90.0,New or occasional,0.9888888888888889
2801,70,50+,Female,Shirt,Clothing,76,Arkansas,Fall,3.4,No,Free Shipping,No,14,Cash,Bi-Weekly,False,False,True,14.0,New or occasional,5.428571428571429
2802,64,50+,Female,Shirt,Clothing,56,New Mexico,Winter,2.6,No,Express,No,30,PayPal,Annually,False,False,True,30.0,New or occasional,1.8666666666666667
2803,22,Under 25,Female,Coat,Outerwear,100,Hawaii,Fall,3.1,No,Store Pickup,No,42,Credit Card,Fortnightly,False,False,True,14.0,Loyal high-value,7.142857142857143
2804,46,35-49,Female,T-shirt,Clothing,44,Idaho,Winter,3.3,No,Free Shipping,No,31,Bank Transfer,Monthly,False,False,True,30.0,New or occasional,1.4666666666666666
2805,65,50+,Female,Hoodie,Clothing,76,South Carolina,Spring,2.8,No,Standard,No,48,Bank Transfer,Every 3 Months,False,False,True,90.0,Loyal high-value,0.8444444444444444
2806,18,Under 25,Female,Sunglasses,Accessories,97,Nevada,Fall,4.3,No,Standard,No,48,Cash,Quarterly,False,False,True,90.0,Loyal high-value,1.0777777777777777
2807,45,35-49,Female,Blouse,Clothing,39,South Carolina,Spring,2.7,No,Standard,No,50,Credit Card,Annually,False,False,True,30.0,New or occasional,1.3
2808,56,50+,Female,Hoodie,Clothing,100,Maryland,Spring,4.4,No,2-Day Shipping,No,10,Debit Card,Fortnightly,False,False,True,14.0,New or occasional,7.142857142857143
2809,49,35-49,Female,Skirt,Clothing,62,Tennessee,Spring,3.9,No,Free Shipping,No,45,PayPal,Every 3 Months,False,False,True,90.0,Loyal high-value,0.6888888888888889
2810,66,50+,Female,Shorts,Clothing,98,Arkansas,Summer,3.0,No,Standard,No,27,Debit Card,Quarterly,False,False,True,90.0,Loyal high-value,1.0888888888888888
2811,27,25-34,Female,Jeans,Clothing,31,Arizona,Summer,4.0,No,Standard,No,10,Debit Card,Fortnightly,False,False,True,14.0,New or occasional,2.2142857142857144
2812,69,50+,Female,Jacket,Outerwear,89,Ohio,Fall,3.7,No,Store Pickup,No,19,Credit Card,Quarterly,False,False,True,90.0,New or occasional,0.9888888888888889
2813,66,50+,Female,Hoodie,Clothing,91,North Dakota,Fall,3.8,No,Store Pickup,No,1,Credit Card,Every 3 Months,False,False,False,90.0,New or occasional,1.011111111111111
2814,45,35-49,Female,Shirt,Clothing,50,Vermont,Summer,3.3,No,2-Day Shipping,No,39,Debit Card,Quarterly,False,False,True,90.0,New or occasional,0.5555555555555556
2815,31,25-34,Female,T-shirt,Clothing,32,Minnesota,Winter,3.6,No,Standard,No,14,Bank Transfer,Monthly,False,False,True,30.0,New or occasional,1.0666666666666667
2816,33,25-34,Female,Blouse,Clothing,67,Idaho,Fall,3.9,No,Free Shipping,No,40,Venmo,Every 3 Months,False,False,True,90.0,Loyal high-value,0.7444444444444445
2817,43,35-49,Female,Skirt,Clothing,28,Maryland,Spring,3.5,No,Free Shipping,No,45,Venmo,Weekly,False,False,True,7.0,New or occasional,4.0
2818,25,25-34,Female,Backpack,Accessories,65,South Carolina,Winter,3.4,No,Standard,No,6,Venmo,Weekly,False,False,False,7.0,New or occasional,9.285714285714286
2819,46,35-49,Female,Shorts,Clothing,73,California,Fall,4.7,No,Next Day Air,No,12,Debit Card,Annually,False,False,True,30.0,New or occasional,2.433333333333333
2820,67,50+,Female,Shirt,Clothing,27,Georgia,Spring,3.0,No,Free Shipping,No,19,Cash,Monthly,False,False,True,30.0,New or occasional,0.9
2821,26,25-34,Female,Backpack,Accessories,89,Vermont,Summer,3.9,No,Free Shipping,No,5,Cash,Bi-Weekly,False,False,False,14.0,New or occasional,6.357142857142857
2822,35,35-49,Female,Shoes,Footwear,72,Georgia,Summer,4.5,No,Standard,No,37,Venmo,Monthly,False,False,True,30.0,Loyal high-value,2.4
2823,61,50+,Female,Skirt,Clothing,37,New Jersey,Fall,4.1,No,Standard,No,33,PayPal,Quarterly,False,False,True,90.0,New or occasional,0.4111111111111111
2824,26,25-34,Female,Dress,Clothing,63,Utah,Summer,4.5,No,Standard,No,47,Debit Card,Bi-Weekly,False,False,True,14.0,Loyal high-value,4.5
2825,39,35-49,Female,Hat,Accessories,90,Utah,Fall,4.0,No,Free Shipping,No,49,Debit Card,Quarterly,False,False,True,90.0,Loyal high-value,1.0
2826,69,50+,Female,Handbag,Accessories,62,North Carolina,Winter,4.3,No,2-Day Shipping,No,28,Bank Transfer,Annually,False,False,True,30.0,Loyal high-value,2.066666666666667
2827,32,25-34,Female,Handbag,Accessories,43,Florida,Fall,3.6,No,Express,No,23,Venmo,Annually,False,False,True,30.0,New or occasional,1.4333333333333333
2828,20,Under 25,Female,Blouse,Clothing,96,Wisconsin,Fall,3.1,No,Next Day Air,No,11,Bank Transfer,Bi-Weekly,False,False,True,14.0,New or occasional,6.857142857142857
2829,25,25-34,Female,Scarf,Accessories,83,Tennessee,Fall,2.6,No,Standard,No,33,PayPal,Quarterly,False,False,True,90.0,Loyal high-value,0.9222222222222223
2830,56,50+,Female,Jewelry,Accessories,67,Arizona,Fall,3.4,No,Next Day Air,No,47,Cash,Weekly,False,False,True,7.0,Loyal high-value,9.571428571428571
2831,63,50+,Female,Skirt,Clothing,90,Oregon,Spring,2.9,No,Store Pickup,No,13,Venmo,Every 3 Months,False,False,True,90.0,New or occasional,1.0
2832,34,25-34,Female,Hoodie,Clothing,53,Virginia,Winter,5.0,No,Express,No,4,Credit Card,Weekly,False,False,False,7.0,New or occasional,7.571428571428571
2833,29,25-34,Female,Scarf,Accessories,37,Maryland,Summer,4.6,No,Standard,No,40,PayPal,Quarterly,False,False,True,90.0,New or occasional,0.4111111111111111
2834,43,35-49,Female,Jeans,Clothing,56,Arkansas,Fall,3.3,No,Free Shipping,No,19,Cash,Monthly,False,False,True,30.0,New or occasional,1.8666666666666667
2835,39,35-49,Female,Jacket,Outerwear,43,Texas,Fall,2.9,No,2-Day Shipping,No,17,Credit Card,Weekly,False,False,True,7.0,New or occasional,6.142857142857143
2836,33,25-34,Female,T-shirt,Clothing,84,Vermont,Winter,4.9,No,Free Shipping,No,7,Venmo,Annually,False,False,False,30.0,New or occasional,2.8
2837,51,50+,Female,Pants,Clothing,50,Wyoming,Winter,5.0,No,2-Day Shipping,No,21,Cash,Bi-Weekly,False,False,True,14.0,New or occasional,3.5714285714285716
2838,65,50+,Female,Shoes,Footwear,88,Alabama,Summer,4.5,No,Express,No,44,PayPal,Weekly,False,False,True,7.0,Loyal high-value,12.571428571428571
2839,51,50+,Female,Jacket,Outerwear,50,Maine,Fall,3.7,No,Free Shipping,No,2,Bank Transfer,Weekly,False,False,False,7.0,New or occasional,7.142857142857143
2840,70,50+,Female,Scarf,Accessories,80,South Dakota,Summer,2.8,No,Store Pickup,No,30,Bank Transfer,Monthly,False,False,True,30.0,Loyal high-value,2.6666666666666665
2841,40,35-49,Female,T-shirt,Clothing,47,West Virginia,Spring,3.5,No,Store Pickup,No,41,Cash,Annually,False,False,True,30.0,New or occasional,1.5666666666666667
2842,19,Under 25,Female,Dress,Clothing,33,Ohio,Winter,3.0,No,2-Day Shipping,No,31,Cash,Weekly,False,False,True,7.0,New or occasional,4.714285714285714
2843,28,25-34,Female,Coat,Outerwear,100,Arizona,Fall,4.3,No,Standard,No,48,Debit Card,Quarterly,False,False,True,90.0,Loyal high-value,1.1111111111111112
2844,51,50+,Female,Sweater,Clothing,26,Ohio,Summer,3.6,No,Store Pickup,No,41,Venmo,Weekly,False,False,True,7.0,New or occasional,3.7142857142857144
2845,32,25-34,Female,Hat,Accessories,79,New Mexico,Summer,4.4,No,Standard,No,42,Venmo,Annually,False,False,True,30.0,Loyal high-value,2.6333333333333333
2846,26,25-34,Female,Backpack,Accessories,77,South Dakota,Summer,4.1,No,Express,No,39,Debit Card,Every 3 Months,False,False,True,90.0,Loyal high-value,0.8555555555555555
2847,50,50+,Female,Socks,Clothing,36,Oklahoma,Fall,2.8,No,Next Day Air,No,15,PayPal,Bi-Weekly,False,False,True,14.0,New or occasional,2.5714285714285716
2848,68,50+,Female,Jewelry,Accessories,21,Connecticut,Winter,2.8,No,Free Shipping,No,3,PayPal,Every 3 Months,False,False,False,90.0,New or occasional,0.23333333333333334
2849,33,25-34,Female,Boots,Footwear,72,Wisconsin,Fall,4.9,No,Store Pickup,No,28,Bank Transfer,Quarterly,False,False,True,90.0,Loyal high-value,0.8
2850,56,50+,Female,Coat,Outerwear,25,New Hampshire,Spring,4.1,No,Express,No,27,PayPal,Bi-Weekly,False,False,True,14.0,New or occasional,1.7857142857142858
2851,57,50+,Female,Sweater,Clothing,79,Nebraska,Spring,3.0,No,Store Pickup,No,36,Debit Card,Annually,False,False,True,30.0,Loyal high-value,2.6333333333333333
2852,58,50+,Female,Blouse,Clothing,73,Nevada,Summer,3.0,No,Store Pickup,No,42,Debit Card,Monthly,False,False,True,30.0,Loyal high-value,2.433333333333333
2853,40,35-49,Female,Belt,Accessories,71,New York,Spring,3.0,No,Store Pickup,No,30,Venmo,Weekly,False,False,True,7.0,Loyal high-value,10.142857142857142
2854,37,35-49,Female,Hat,Accessories,48,Pennsylvania,Winter,3.2,No,Next Day Air,No,9,PayPal,Weekly,False,False,False,7.0,New or occasional,6.857142857142857
2855,36,35-49,Female,Sandals,Footwear,28,Delaware,Fall,2.7,No,Store Pickup,No,25,Venmo,Monthly,False,False,True,30.0,New or occasional,0.9333333333333333
2856,29,25-34,Female,Boots,Footwear,95,Mississippi,Winter,3.8,No,2-Day Shipping,No,33,PayPal,Quarterly,False,False,True,90.0,Loyal high-value,1.0555555555555556
2857,65,50+,Female,Jacket,Outerwear,48,Iowa,Winter,3.5,No,2-Day Shipping,No,31,Credit Card,Monthly,False,False,True,30.0,New or occasional,1.6
2858,44,35-49,Female,Dress,Clothing,93,Utah,Spring,3.8,No,Next Day Air,No,35,Debit Card,Monthly,False,False,True,30.0,Loyal high-value,3.1
2859,34,25-34,Female,Jeans,Clothing,87,Maryland,Summer,3.8,No,2-Day Shipping,No,46,Bank Transfer,Monthly,False,False,True,30.0,Loyal high-value,2.9
2860,31,25-34,Female,Shorts,Clothing,32,Utah,Fall,3.4,No,Express,No,29,Bank Transfer,Annually,False,False,True,30.0,New or occasional,1.0666666666666667
2861,28,25-34,Female,Shirt,Clothing,38,Rhode Island,Spring,2.9,No,Next Day Air,No,49,Bank Transfer,Weekly,False,False,True,7.0,New or occasional,5.428571428571429
2862,66,50+,Female,Coat,Outerwear,54,Maryland,Fall,3.4,No,Free Shipping,No,27,Credit Card,Monthly,False,False,True,30.0,New or occasional,1.8
2863,68,50+,Female,Coat,Outerwear,75,Hawaii,Summer,4.7,No,Store Pickup,No,5,Bank Transfer,Every 3 Months,False,False,False,90.0,New or occasional,0.8333333333333334
2864,37,35-49,Female,T-shirt,Clothing,56,Connecticut,Fall,3.9,No,2-Day Shipping,No,18,Venmo,Monthly,False,False,True,30.0,New or occasional,1.8666666666666667
2865,58,50+,Female,Sweater,Clothing,43,Illinois,Fall,3.6,No,Store Pickup,No,31,Venmo,Weekly,False,False,True,7.0,New or occasional,6.142857142857143
2866,28,25-34,Female,Skirt,Clothing,97,California,Fall,3.7,No,Free Shipping,No,27,Cash,Fortnightly,False,False,True,14.0,Loyal high-value,6.928571428571429
2867,54,50+,Female,Blouse,Clothing,75,Connecticut,Summer,3.1,No,Free Shipping,No,19,Cash,Annually,False,False,True,30.0,New or occasional,2.5
2868,21,Under 25,Female,Sneakers,Footwear,55,Colorado,Summer,4.9,No,Next Day Air,No,33,Cash,Fortnightly,False,False,True,14.0,New or occasional,3.9285714285714284
2869,45,35-49,Female,Backpack,Accessories,49,Colorado,Winter,2.6,No,Next Day Air,No,42,PayPal,Every 3 Months,False,False,True,90.0,New or occasional,0.5444444444444444
2870,57,50+,Female,Socks,Clothing,58,Georgia,Summer,4.2,No,Standard,No,16,Bank Transfer,Weekly,False,False,True,7.0,New or occasional,8.285714285714286
2871,47,35-49,Female,Jewelry,Accessories,34,North Dakota,Winter,4.8,No,Free Shipping,No,49,Debit Card,Every 3 Months,False,False,True,90.0,New or occasional,0.37777777777777777
2872,46,35-49,Female,Shorts,Clothing,43,Idaho,Summer,2.7,No,2-Day Shipping,No,40,Venmo,Bi-Weekly,False,False,True,14.0,New or occasional,3.0714285714285716
2873,63,50+,Female,Jewelry,Accessories,48,Connecticut,Fall,2.6,No,Next Day Air,No,5,Cash,Annually,False,False,False,30.0,New or occasional,1.6
2874,44,35-49,Female,Sweater,Clothing,40,Montana,Spring,2.6,No,Free Shipping,No,8,Bank Transfer,Monthly,False,False,False,30.0,New or occasional,1.3333333333333333
2875,36,35-49,Female,Shirt,Clothing,29,Colorado,Summer,3.1,No,Standard,No,2,Debit Card,Annually,False,False,False,30.0,New or occasional,0.9666666666666667
2876,24,Under 25,Female,Pants,Clothing,81,Kentucky,Fall,2.6,No,Free Shipping,No,14,Debit Card,Weekly,False,False,True,7.0,New or occasional,11.571428571428571
2877,65,50+,Female,Hoodie,Clothing,84,New Mexico,Spring,3.4,No,2-Day Shipping,No,5,Bank Transfer,Fortnightly,False,False,False,14.0,New or occasional,6.0
2878,32,25-34,Female,Socks,Clothing,46,New Jersey,Summer,3.6,No,Standard,No,34,Venmo,Monthly,False,False,True,30.0,New or occasional,1.5333333333333334
2879,63,50+,Female,Dress,Clothing,86,California,Summer,4.3,No,Next Day Air,No,13,Bank Transfer,Annually,False,False,True,30.0,New or occasional,2.8666666666666667
2880,62,50+,Female,Blouse,Clothing,57,North Dakota,Winter,4.9,No,Free Shipping,No,31,Venmo,Annually,False,False,True,30.0,New or occasional,1.9
2881,19,Under 25,Female,Skirt,Clothing,61,Florida,Winter,4.8,No,Store Pickup,No,43,PayPal,Quarterly,False,False,True,90.0,Loyal high-value,0.6777777777777778
2882,38,35-49,Female,Backpack,Accessories,90,Texas,Winter,4.2,No,Free Shipping,No,6,Bank Transfer,Annually,False,False,False,30.0,New or occasional,3.0
2883,59,50+,Female,Blouse,Clothing,51,Oklahoma,Winter,2.6,No,Store Pickup,No,23,Credit Card,Bi-Weekly,False,False,True,14.0,New or occasional,3.642857142857143
2884,22,Under 25,Female,Socks,Clothing,48,Rhode Island,Spring,3.2,No,Standard,No,10,PayPal,Weekly,False,False,True,7.0,New or occasional,6.857142857142857
2885,55,50+,Female,Boots,Footwear,50,Arkansas,Summer,3.4,No,2-Day Shipping,No,47,Credit Card,Every 3 Months,False,False,True,90.0,New or occasional,0.5555555555555556
2886,29,25-34,Female,Backpack,Accessories,82,Nevada,Summer,3.5,No,Next Day Air,No,14,Credit Card,Bi-Weekly,False,False,True,14.0,New or occasional,5.857142857142857
2887,42,35-49,Female,Hat,Accessories,33,Utah,Spring,4.2,No,Free Shipping,No,29,PayPal,Weekly,False,False,True,7.0,New or occasional,4.714285714285714
2888,23,Under 25,Female,Sandals,Footwear,28,Kentucky,Winter,2.8,No,Express,No,12,Cash,Bi-Weekly,False,False,True,14.0,New or occasional,2.0
2889,70,50+,Female,Hoodie,Clothing,42,Wisconsin,Spring,5.0,No,2-Day Shipping,No,25,Debit Card,Quarterly,False,False,True,90.0,New or occasional,0.4666666666666667
2890,64,50+,Female,Sunglasses,Accessories,43,Minnesota,Fall,3.3,No,Store Pickup,No,21,Venmo,Annually,False,False,True,30.0,New or occasional,1.4333333333333333
2891,39,35-49,Female,Jeans,Clothing,55,North Dakota,Winter,3.7,No,Free Shipping,No,23,Credit Card,Monthly,False,False,True,30.0,New or occasional,1.8333333333333333
2892,47,35-49,Female,T-shirt,Clothing,73,Ohio,Winter,2.5,No,Free Shipping,No,10,PayPal,Monthly,False,False,True,30.0,New or occasional,2.433333333333333
2893,22,Under 25,Female,Dress,Clothing,39,Nevada,Spring,3.2,No,Standard,No,47,Credit Card,Monthly,False,False,True,30.0,New or occasional,1.3
2894,69,50+,Female,Belt,Accessories,20,Kentucky,Spring,3.1,No,Free Shipping,No,44,Debit Card,Every 3 Months,False,False,True,90.0,New or occasional,0.2222222222222222
2895,35,35-49,Female,Jewelry,Accessories,32,Kentucky,Spring,3.5,No,Standard,No,41,Venmo,Annually,False,False,True,30.0,New or occasional,1.0666666666666667
2896,56,50+,Female,Hoodie,Clothing,86,Montana,Summer,4.6,No,Standard,No,29,Bank Transfer,Monthly,False,False,True,30.0,Loyal high-value,2.8666666666666667
2897,30,25-34,Female,Blouse,Clothing,91,Delaware,Summer,3.3,No,Free Shipping,No,2,Venmo,Every 3 Months,False,False,False,90.0,New or occasional,1.011111111111111
2898,43,35-49,Female,Jacket,Outerwear,59,Montana,Fall,2.5,No,Free Shipping,No,2,Cash,Fortnightly,False,False,False,14.0,New or occasional,4.214285714285714
2899,23,Under 25,Female,Sneakers,Footwear,33,New Jersey,Summer,4.6,No,Express,No,29,Credit Card,Annually,False,False,True,30.0,New or occasional,1.1
2900,50,50+,Female,Boots,Footwear,64,Nebraska,Spring,4.2,No,2-Day Shipping,No,22,Bank Transfer,Fortnightly,False,False,True,14.0,New or occasional,4.571428571428571
2901,41,35-49,Female,Blouse,Clothing,67,Maryland,Winter,4.0,No,Standard,No,23,Cash,Bi-Weekly,False,False,True,14.0,New or occasional,4.785714285714286
2902,41,35-49,Female,Blouse,Clothing,43,Alabama,Winter,2.6,No,Free Shipping,No,46,Credit Card,Quarterly,False,False,True,90.0,New or occasional,0.4777777777777778
2903,27,25-34,Female,Boots,Footwear,32,North Carolina,Spring,4.6,No,Standard,No,19,PayPal,Bi-Weekly,False,False,True,14.0,New or occasional,2.2857142857142856
2904,38,35-49,Female,Scarf,Accessories,39,Delaware,Spring,3.5,No,2-Day Shipping,No,24,Credit Card,Every 3 Months,False,False,True,90.0,New or occasional,0.43333333333333335
2905,41,35-49,Female,Sandals,Footwear,41,Iowa,Spring,4.0,No,2-Day Shipping,No,43,Venmo,Monthly,False,False,True,30.0,New or occasional,1.3666666666666667
2906,58,50+,Female,Sunglasses,Accessories,53,New York,Winter,4.8,No,Standard,No,14,Debit Card,Fortnightly,False,False,True,14.0,New or occasional,3.7857142857142856
2907,58,50+,Female,Coat,Outerwear,27,Virginia,Spring,3.9,No,Standard,No,7,Venmo,Annually,False,False,False,30.0,New or occasional,0.9
2908,19,Under 25,Female,Sunglasses,Accessories,82,Maryland,Summer,3.7,No,Next Day Air,No,50,PayPal,Bi-Weekly,False,False,True,14.0,Loyal high-value,5.857142857142857
2909,43,35-49,Female,Blouse,Clothing,87,Texas,Winter,3.1,No,Store Pickup,No,15,Debit Card,Every 3 Months,False,False,True,90.0,New or occasional,0.9666666666666667
2910,27,25-34,Female,Backpack,Accessories,78,Louisiana,Winter,3.0,No,Next Day Air,No,40,Credit Card,Every 3 Months,False,False,True,90.0,Loyal high-value,0.8666666666666667
2911,32,25-34,Female,Belt,Accessories,32,Mississippi,Summer,2.9,No,Store Pickup,No,41,Credit Card,Monthly,False,False,True,30.0,New or occasional,1.0666666666666667
2912,28,25-34,Female,Socks,Clothing,38,Ohio,Fall,2.9,No,Next Day Air,No,34,Venmo,Quarterly,False,False,True,90.0,New or occasional,0.4222222222222222
2913,48,35-49,Female,Shoes,Footwear,37,Oregon,Winter,4.0,No,Standard,No,27,Cash,Bi-Weekly,False,False,True,14.0,New or occasional,2.642857142857143
2914,43,35-49,Female,Coat,Outerwear,83,Wyoming,Winter,3.5,No,Express,No,12,Cash,Every 3 Months,False,False,True,90.0,New or occasional,0.9222222222222223
2915,45,35-49,Female,Sweater,Clothing,72,Pennsylvania,Fall,3.8,No,Express,No,1,Debit Card,Bi-Weekly,False,False,False,14.0,New or occasional,5.142857142857143
2916,26,25-34,Female,Shirt,Clothing,30,Oregon,Fall,4.5,No,Express,No,39,Debit Card,Bi-Weekly,False,False,True,14.0,New or occasional,2.142857142857143
2917,62,50+,Female,Shorts,Clothing,66,Oklahoma,Winter,2.7,No,Express,No,13,Credit Card,Bi-Weekly,False,False,True,14.0,New or occasional,4.714285714285714
2918,58,50+,Female,Shirt,Clothing,45,Colorado,Winter,2.9,No,Store Pickup,No,50,Venmo,Annually,False,False,True,30.0,New or occasional,1.5
2919,19,Under 25,Female,Sunglasses,Accessories,73,New York,Fall,4.9,No,Free Shipping,No,36,Cash,Weekly,False,False,True,7.0,Loyal high-value,10.428571428571429
2920,64,50+,Female,Shoes,Footwear,67,Minnesota,Winter,3.8,No,Standard,No,31,Debit Card,Monthly,False,False,True,30.0,Loyal high-value,2.2333333333333334
2921,33,25-34,Female,Sunglasses,Accessories,72,Texas,Spring,4.9,No,Free Shipping,No,3,Debit Card,Bi-Weekly,False,False,False,14.0,New or occasional,5.142857142857143
2922,20,Under 25,Female,Handbag,Accessories,24,Wisconsin,Fall,4.6,No,Standard,No,11,Cash,Fortnightly,False,False,True,14.0,New or occasional,1.7142857142857142
2923,45,35-49,Female,Sunglasses,Accessories,68,Kentucky,Winter,3.5,No,Express,No,16,PayPal,Quarterly,False,False,True,90.0,New or occasional,0.7555555555555555
2924,28,25-34,Female,Shirt,Clothing,70,Pennsylvania,Spring,4.2,No,2-Day Shipping,No,12,Cash,Quarterly,False,False,True,90.0,New or occasional,0.7777777777777778
2925,47,35-49,Female,Shirt,Clothing,64,Rhode Island,Winter,3.7,No,Free Shipping,No,37,Debit Card,Every 3 Months,False,False,True,90.0,Loyal high-value,0.7111111111111111
2926,54,50+,Female,Sweater,Clothing,91,Illinois,Spring,2.8,No,Store Pickup,No,43,Credit Card,Every 3 Months,False,False,True,90.0,Loyal high-value,1.011111111111111
2927,64,50+,Female,Handbag,Accessories,82,Maryland,Winter,4.8,No,2-Day Shipping,No,9,Cash,Weekly,False,False,False,7.0,New or occasional,11.714285714285714
2928,45,35-49,Female,Shirt,Clothing,24,Missouri,Summer,2.7,No,Express,No,15,Venmo,Bi-Weekly,False,False,True,14.0,New or occasional,1.7142857142857142
2929,40,35-49,Female,Jewelry,Accessories,80,Alabama,Spring,3.6,No,Store Pickup,No,17,Credit Card,Weekly,False,False,True,7.0,New or occasional,11.428571428571429
2930,31,25-34,Female,Socks,Clothing,53,Maine,Winter,4.5,No,Next Day Air,No,42,Venmo,Fortnightly,False,False,True,14.0,New or occasional,3.7857142857142856
2931,38,35-49,Female,T-shirt,Clothing,50,Mississippi,Spring,4.0,No,Free Shipping,No,14,Venmo,Monthly,False,False,True,30.0,New or occasional,1.6666666666666667
2932,36,35-49,Female,Jewelry,Accessories,31,Alabama,Fall,4.5,No,2-Day Shipping,No,49,Credit Card,Bi-Weekly,False,False,True,14.0,New or occasional,2.2142857142857144
2933,65,50+,Female,Backpack,Accessories,88,Alaska,Spring,3.9,No,Express,No,3,PayPal,Quarterly,False,False,False,90.0,New or occasional,0.9777777777777777
2934,27,25-34,Female,Hat,Accessories,52,Illinois,Summer,3.8,No,Standard,No,28,Venmo,Monthly,False,False,True,30.0,New or occasional,1.7333333333333334
2935,38,35-49,Female,Gloves,Accessories,22,Idaho,Fall,4.7,No,Next Day Air,No,41,Bank Transfer,Quarterly,False,False,True,90.0,New or occasional,0.24444444444444444
2936,58,50+,Female,Sneakers,Footwear,27,North Carolina,Spring,4.6,No,Standard,No,11,Venmo,Weekly,False,False,True,7.0,New or occasional,3.857142857142857
2937,31,25-34,Female,Skirt,Clothing,34,Washington,Spring,3.6,No,Express,No,46,PayPal,Weekly,False,False,True,7.0,New or occasional,4.857142857142857
2938,28,25-34,Female,Handbag,Accessories,39,West Virginia,Spring,4.3,No,2-Day Shipping,No,15,Credit Card,Weekly,False,False,True,7.0,New or occasional,5.571428571428571
2939,28,25-34,Female,Sunglasses,Accessories,53,Maine,Fall,3.0,No,Standard,No,15,Cash,Monthly,False,False,True,30.0,New or occasional,1.7666666666666666
2940,32,25-34,Female,Sweater,Clothing,46,Kentucky,Winter,4.3,No,Express,No,34,Venmo,Weekly,False,False,True,7.0,New or occasional,6.571428571428571
2941,61,50+,Female,Handbag,Accessories,85,Massachusetts,Summer,4.8,No,Next Day Air,No,13,Cash,Monthly,False,False,True,30.0,New or occasional,2.8333333333333335
2942,38,35-49,Female,Skirt,Clothing,86,Pennsylvania,Spring,3.7,No,Free Shipping,No,27,PayPal,Monthly,False,False,True,30.0,Loyal high-value,2.8666666666666667
2943,54,50+,Female,Socks,Clothing,63,Hawaii,Summer,2.6,No,Free Shipping,No,37,Bank Transfer,Weekly,False,False,True,7.0,Loyal high-value,9.0
2944,29,25-34,Female,Shirt,Clothing,44,Virginia,Spring,3.4,No,Standard,No,37,Credit Card,Monthly,False,False,True,30.0,New or occasional,1.4666666666666666
2945,50,50+,Female,Sneakers,Footwear,95,New York,Summer,3.9,No,Free Shipping,No,4,Venmo,Every 3 Months,False,False,False,90.0,New or occasional,1.0555555555555556
2946,32,25-34,Female,Belt,Accessories,49,Delaware,Summer,4.8,No,Free Shipping,No,1,Credit Card,Every 3 Months,False,False,False,90.0,New or occasional,0.5444444444444444
2947,38,35-49,Female,Pants,Clothing,77,Hawaii,Spring,2.8,No,Free Shipping,No,29,Bank Transfer,Quarterly,False,False,True,90.0,Loyal high-value,0.8555555555555555
2948,52,50+,Female,Jewelry,Accessories,63,Nebraska,Spring,4.4,No,Standard,No,50,Venmo,Annually,False,False,True,30.0,Loyal high-value,2.1
2949,61,50+,Female,Pants,Clothing,83,Vermont,Winter,3.1,No,Standard,No,38,Debit Card,Bi-Weekly,False,False,True,14.0,Loyal high-value,5.928571428571429
2950,25,25-34,Female,Jewelry,Accessories,93,Iowa,Spring,3.8,No,Store Pickup,No,15,PayPal,Annually,False,False,True,30.0,New or occasional,3.1
2951,22,Under 25,Female,Jeans,Clothing,91,Iowa,Winter,4.1,No,2-Day Shipping,No,44,Debit Card,Every 3 Months,False,False,True,90.0,Loyal high-value,1.011111111111111
2952,47,35-49,Female,Scarf,Accessories,99,Arkansas,Fall,4.6,No,Free Shipping,No,14,Cash,Weekly,False,False,True,7.0,New or occasional,14.142857142857142
2953,50,50+,Female,Belt,Accessories,24,Alabama,Spring,4.9,No,Next Day Air,No,5,Debit Card,Monthly,False,False,False,30.0,New or occasional,0.8
2954,45,35-49,Female,Dress,Clothing,82,Maryland,Summer,4.8,No,Next Day Air,No,11,Credit Card,Annually,False,False,True,30.0,New or occasional,2.7333333333333334
2955,33,25-34,Female,T-shirt,Clothing,28,South Dakota,Winter,3.9,No,Express,No,15,Credit Card,Annually,False,False,True,30.0,New or occasional,0.9333333333333333
2956,42,35-49,Female,Boots,Footwear,67,Vermont,Winter,2.6,No,Free Shipping,No,46,Credit Card,Annually,False,False,True,30.0,Loyal high-value,2.2333333333333334
2957,52,50+,Female,Dress,Clothing,88,Montana,Fall,3.7,No,Standard,No,30,Venmo,Monthly,False,False,True,30.0,Loyal high-value,2.933333333333333
2958,69,50+,Female,Jewelry,Accessories,70,South Dakota,Fall,4.7,No,Standard,No,2,Cash,Annually,False,False,False,30.0,New or occasional,2.3333333333333335
2959,55,50+,Female,Skirt,Clothing,100,Ohio,Summer,4.5,No,Standard,No,28,PayPal,Monthly,False,False,True,30.0,Loyal high-value,3.3333333333333335
2960,38,35-49,Female,Handbag,Accessories,28,Texas,Summer,4.7,No,Free Shipping,No,9,PayPal,Quarterly,False,False,False,90.0,New or occasional,0.3111111111111111
2961,57,50+,Female,Coat,Outerwear,48,Indiana,Spring,3.6,No,Standard,No,47,Credit Card,Weekly,False,False,True,7.0,New or occasional,6.857142857142857
2962,33,25-34,Female,Hoodie,Clothing,43,New Hampshire,Fall,2.8,No,Free Shipping,No,21,Debit Card,Bi-Weekly,False,False,True,14.0,New or occasional,3.0714285714285716
2963,57,50+,Female,Pants,Clothing,40,California,Fall,4.0,No,Express,No,42,Credit Card,Every 3 Months,False,False,True,90.0,New or occasional,0.4444444444444444
2964,52,50+,Female,Boots,Footwear,97,Maine,Spring,3.6,No,Free Shipping,No,28,Credit Card,Weekly,False,False,True,7.0,Loyal high-value,13.857142857142858
2965,44,35-49,Female,Coat,Outerwear,25,Ohio,Fall,3.8,No,2-Day Shipping,No,13,Venmo,Fortnightly,False,False,True,14.0,New or occasional,1.7857142857142858
2966,48,35-49,Female,Scarf,Accessories,45,Delaware,Summer,4.4,No,Standard,No,25,PayPal,Fortnightly,False,False,True,14.0,New or occasional,3.2142857142857144
2967,52,50+,Female,Boots,Footwear,49,Oklahoma,Fall,2.8,No,Store Pickup,No,38,Debit Card,Every 3 Months,False,False,True,90.0,New or occasional,0.5444444444444444
2968,34,25-34,Female,Sneakers,Footwear,36,Indiana,Summer,3.4,No,Free Shipping,No,40,Venmo,Annually,False,False,True,30.0,New or occasional,1.2
2969,26,25-34,Female,Sweater,Clothing,48,South Carolina,Fall,4.9,No,Express,No,25,Cash,Every 3 Months,False,False,True,90.0,New or occasional,0.5333333333333333
2970,36,35-49,Female,Belt,Accessories,62,Vermont,Fall,4.3,No,Next Day Air,No,20,Cash,Every 3 Months,False,False,True,90.0,New or occasional,0.6888888888888889
2971,24,Under 25,Female,Jewelry,Accessories,74,Kansas,Winter,3.4,No,Free Shipping,No,44,Credit Card,Bi-Weekly,False,False,True,14.0,Loyal high-value,5.285714285714286
2972,30,25-34,Female,Handbag,Accessories,100,Utah,Fall,3.9,No,Next Day Air,No,9,PayPal,Every 3 Months,False,False,False,90.0,New or occasional,1.1111111111111112
2973,31,25-34,Female,Jacket,Outerwear,39,New York,Fall,4.2,No,Free Shipping,No,11,Venmo,Every 3 Months,False,False,True,90.0,New or occasional,0.43333333333333335
2974,25,25-34,Female,Boots,Footwear,65,Indiana,Summer,2.7,No,Store Pickup,No,3,Bank Transfer,Fortnightly,False,False,False,14.0,New or occasional,4.642857142857143
2975,57,50+,Female,Sneakers,Footwear,99,Tennessee,Summer,4.1,No,Store Pickup,No,34,Credit Card,Weekly,False,False,True,7.0,Loyal high-value,14.142857142857142
2976,61,50+,Female,Scarf,Accessories,68,Georgia,Winter,4.5,No,2-Day Shipping,No,48,Cash,Every 3 Months,False,False,True,90.0,Loyal high-value,0.7555555555555555
2977,30,25-34,Female,Coat,Outerwear,97,Nebraska,Summer,2.8,No,Express,No,28,Cash,Fortnightly,False,False,True,14.0,Loyal high-value,6.928571428571429
2978,38,35-49,Female,Shorts,Clothing,47,Washington,Winter,3.4,No,Standard,No,20,Venmo,Annually,False,False,True,30.0,New or occasional,1.5666666666666667
2979,53,50+,Female,Shorts,Clothing,56,Idaho,Spring,3.9,No,Free Shipping,No,49,Bank Transfer,Fortnightly,False,False,True,14.0,New or occasional,4.0
2980,31,25-34,Female,Jeans,Clothing,91,Louisiana,Fall,2.6,No,Next Day Air,No,14,PayPal,Weekly,False,False,True,7.0,New or occasional,13.0
2981,70,50+,Female,Gloves,Accessories,93,New Jersey,Fall,4.4,No,2-Day Shipping,No,9,Bank Transfer,Monthly,False,False,False,30.0,New or occasional,3.1
2982,21,Under 25,Female,Pants,Clothing,36,Delaware,Winter,4.9,No,Standard,No,37,Venmo,Annually,False,False,True,30.0,New or occasional,1.2
2983,33,25-34,Female,Dress,Clothing,45,Wisconsin,Summer,3.6,No,Store Pickup,No,4,Credit Card,Weekly,False,False,False,7.0,New or occasional,6.428571428571429
2984,60,50+,Female,Pants,Clothing,44,West Virginia,Winter,2.8,No,2-Day Shipping,No,1,Credit Card,Quarterly,False,False,False,90.0,New or occasional,0.4888888888888889
2985,45,35-49,Female,Gloves,Accessories,32,Texas,Spring,4.3,No,2-Day Shipping,No,36,Debit Card,Bi-Weekly,False,False,True,14.0,New or occasional,2.2857142857142856
2986,46,35-49,Female,Belt,Accessories,36,Hawaii,Summer,3.0,No,Express,No,21,Cash,Bi-Weekly,False,False,True,14.0,New or occasional,2.5714285714285716
2987,62,50+,Female,Belt,Accessories,85,Arizona,Summer,3.3,No,2-Day Shipping,No,16,Credit Card,Monthly,False,False,True,30.0,New or occasional,2.8333333333333335
2988,63,50+,Female,Skirt,Clothing,36,Louisiana,Winter,2.5,No,Store Pickup,No,42,Cash,Monthly,False,False,True,30.0,New or occasional,1.2
2989,69,50+,Female,Socks,Clothing,55,Nevada,Spring,5.0,No,2-Day Shipping,No,31,Debit Card,Monthly,False,False,True,30.0,New or occasional,1.8333333333333333
2990,46,35-49,Female,Belt,Accessories,20,Rhode Island,Summer,4.3,No,2-Day Shipping,No,6,Credit Card,Weekly,False,False,False,7.0,New or occasional,2.857142857142857
2991,69,50+,Female,Shirt,Clothing,91,Illinois,Fall,4.2,No,Free Shipping,No,24,Venmo,Monthly,False,False,True,30.0,New or occasional,3.033333333333333
2992,66,50+,Female,Dress,Clothing,71,Utah,Summer,3.9,No,Standard,No,7,PayPal,Bi-Weekly,False,False,False,14.0,New or occasional,5.071428571428571
2993,41,35-49,Female,Socks,Clothing,64,North Dakota,Spring,3.9,No,Store Pickup,No,25,Venmo,Weekly,False,False,True,7.0,Loyal high-value,9.142857142857142
2994,32,25-34,Female,Jacket,Outerwear,21,Kansas,Spring,4.2,No,Free Shipping,No,18,Cash,Bi-Weekly,False,False,True,14.0,New or occasional,1.5
2995,69,50+,Female,Sweater,Clothing,100,Nevada,Winter,3.5,No,Store Pickup,No,14,Bank Transfer,Quarterly,False,False,True,90.0,New or occasional,1.1111111111111112
2996,29,25-34,Female,Jeans,Clothing,96,Virginia,Summer,2.5,No,Standard,No,42,Debit Card,Bi-Weekly,False,False,True,14.0,Loyal high-value,6.857142857142857
2997,70,50+,Female,Jewelry,Accessories,91,Utah,Spring,2.9,No,Express,No,6,Venmo,Every 3 Months,False,False,False,90.0,New or occasional,1.011111111111111
2998,41,35-49,Female,Sweater,Clothing,40,Idaho,Spring,2.7,No,Next Day Air,No,14,Venmo,Every 3 Months,False,False,True,90.0,New or occasional,0.4444444444444444
2999,31,25-34,Female,Hoodie,Clothing,53,Alaska,Summer,4.7,No,Express,No,30,Debit Card,Quarterly,False,False,True,90.0,New or occasional,0.5888888888888889
3000,31,25-34,Female,Sunglasses,Accessories,48,New Hampshire,Winter,3.8,No,Standard,No,10,Cash,Monthly,False,False,True,30.0,New or occasional,1.6
3001,57,50+,Female,Sandals,Footwear,70,Ohio,Winter,3.7,No,Express,No,7,PayPal,Weekly,False,False,False,7.0,New or occasional,10.0
3002,29,25-34,Female,Coat,Outerwear,29,Montana,Summer,4.7,No,Express,No,28,Credit Card,Quarterly,False,False,True,90.0,New or occasional,0.32222222222222224
3003,70,50+,Female,Belt,Accessories,29,Louisiana,Fall,3.6,No,Next Day Air,No,19,Bank Transfer,Quarterly,False,False,True,90.0,New or occasional,0.32222222222222224
3004,51,50+,Female,Blouse,Clothing,53,Oregon,Fall,2.8,No,Express,No,13,Credit Card,Every 3 Months,False,False,True,90.0,New or occasional,0.5888888888888889
3005,45,35-49,Female,Skirt,Clothing,79,Arizona,Winter,3.7,No,Store Pickup,No,23,Venmo,Fortnightly,False,False,True,14.0,New or occasional,5.642857142857143
3006,18,Under 25,Female,Shorts,Clothing,65,Alaska,Spring,3.5,No,Express,No,5,Venmo,Weekly,False,False,False,7.0,New or occasional,9.285714285714286
3007,37,35-49,Female,Dress,Clothing,99,Utah,Summer,3.7,No,Store Pickup,No,17,Venmo,Bi-Weekly,False,False,True,14.0,New or occasional,7.071428571428571
3008,23,Under 25,Female,Sunglasses,Accessories,60,New York,Winter,3.0,No,Next Day Air,No,31,Venmo,Weekly,False,False,True,7.0,Loyal high-value,8.571428571428571
3009,39,35-49,Female,Shoes,Footwear,86,New Mexico,Winter,4.9,No,Free Shipping,No,19,PayPal,Weekly,False,False,True,7.0,New or occasional,12.285714285714286
3010,62,50+,Female,Belt,Accessories,73,Louisiana,Winter,4.6,No,Free Shipping,No,8,Venmo,Fortnightly,False,False,False,14.0,New or occasional,5.214285714285714
3011,70,50+,Female,Belt,Accessories,45,Ohio,Winter,3.3,No,Free Shipping,No,15,Credit Card,Annually,False,False,True,30.0,New or occasional,1.5
3012,20,Under 25,Female,Belt,Accessories,70,Nevada,Summer,3.0,No,Next Day Air,No,18,Credit Card,Every 3 Months,False,False,True,90.0,New or occasional,0.7777777777777778
3013,42,35-49,Female,Belt,Accessories,65,Idaho,Fall,3.5,No,Standard,No,16,PayPal,Annually,False,False,True,30.0,New or occasional,2.1666666666666665
3014,41,35-49,Female,Skirt,Clothing,55,Arizona,Summer,4.2,No,Store Pickup,No,13,Cash,Monthly,False,False,True,30.0,New or occasional,1.8333333333333333
3015,24,Under 25,Female,T-shirt,Clothing,65,Utah,Spring,4.5,No,Express,No,38,PayPal,Every 3 Months,False,False,True,90.0,Loyal high-value,0.7222222222222222
3016,37,35-49,Female,Scarf,Accessories,21,Wyoming,Spring,2.8,No,Express,No,27,Bank Transfer,Bi-Weekly,False,False,True,14.0,New or occasional,1.5
3017,30,25-34,Female,Blouse,Clothing,26,Indiana,Summer,4.9,No,Store Pickup,No,31,Bank Transfer,Quarterly,False,False,True,90.0,New or occasional,0.28888888888888886
3018,58,50+,Female,Sunglasses,Accessories,71,Wisconsin,Summer,3.3,No,Next Day Air,No,24,Cash,Bi-Weekly,False,False,True,14.0,New or occasional,5.071428571428571
3019,43,35-49,Female,Boots,Footwear,41,Texas,Summer,3.0,No,Free Shipping,No,21,Debit Card,Bi-Weekly,False,False,True,14.0,New or occasional,2.9285714285714284
3020,19,Under 25,Female,Jacket,Outerwear,44,Utah,Winter,3.9,No,2-Day Shipping,No,15,PayPal,Annually,False,False,True,30.0,New or occasional,1.4666666666666666
3021,23,Under 25,Female,Jeans,Clothing,81,Arkansas,Fall,2.8,No,Store Pickup,No,48,Venmo,Every 3 Months,False,False,True,90.0,Loyal high-value,0.9
3022,65,50+,Female,Sunglasses,Accessories,77,Pennsylvania,Summer,4.5,No,2-Day Shipping,No,47,Cash,Quarterly,False,False,True,90.0,Loyal high-value,0.8555555555555555
3023,58,50+,Female,Sandals,Footwear,26,Georgia,Fall,4.0,No,Free Shipping,No,23,PayPal,Weekly,False,False,True,7.0,New or occasional,3.7142857142857144
3024,50,50+,Female,Backpack,Accessories,31,Indiana,Summer,2.9,No,Express,No,4,PayPal,Quarterly,False,False,False,90.0,New or occasional,0.34444444444444444
3025,67,50+,Female,Blouse,Clothing,82,Idaho,Spring,4.0,No,Free Shipping,No,47,Credit Card,Every 3 Months,False,False,True,90.0,Loyal high-value,0.9111111111111111
3026,40,35-49,Female,Shoes,Footwear,60,Montana,Summer,3.4,No,Store Pickup,No,7,PayPal,Monthly,False,False,False,30.0,New or occasional,2.0
3027,55,50+,Female,Shirt,Clothing,70,Tennessee,Fall,2.5,No,Free Shipping,No,6,Credit Card,Annually,False,False,False,30.0,New or occasional,2.3333333333333335
3028,52,50+,Female,Hoodie,Clothing,26,West Virginia,Winter,2.8,No,2-Day Shipping,No,47,Credit Card,Quarterly,False,False,True,90.0,New or occasional,0.28888888888888886
3029,62,50+,Female,Dress,Clothing,100,California,Summer,3.0,No,Free Shipping,No,7,PayPal,Every 3 Months,False,False,False,90.0,New or occasional,1.1111111111111112
3030,64,50+,Female,Dress,Clothing,82,Georgia,Summer,3.1,No,Free Shipping,No,1,Debit Card,Quarterly,False,False,False,90.0,New or occasional,0.9111111111111111
3031,43,35-49,Female,Sneakers,Footwear,24,Maryland,Spring,2.6,No,2-Day Shipping,No,23,Credit Card,Weekly,False,False,True,7.0,New or occasional,3.4285714285714284
3032,61,50+,Female,Blouse,Clothing,74,Idaho,Summer,4.9,No,2-Day Shipping,No,30,Credit Card,Monthly,False,False,True,30.0,Loyal high-value,2.466666666666667
3033,26,25-34,Female,Backpack,Accessories,58,California,Summer,3.5,No,Next Day Air,No,24,Credit Card,Quarterly,False,False,True,90.0,New or occasional,0.6444444444444445
3034,22,Under 25,Female,Sweater,Clothing,56,Alabama,Spring,2.6,No,Store Pickup,No,9,PayPal,Weekly,False,False,False,7.0,New or occasional,8.0
3035,51,50+,Female,Boots,Footwear,37,Utah,Spring,3.5,No,2-Day Shipping,No,25,Credit Card,Quarterly,False,False,True,90.0,New or occasional,0.4111111111111111
3036,69,50+,Female,Handbag,Accessories,64,Kentucky,Spring,4.5,No,Free Shipping,No,18,Cash,Bi-Weekly,False,False,True,14.0,New or occasional,4.571428571428571
3037,50,50+,Female,Hoodie,Clothing,58,Vermont,Spring,4.3,No,Next Day Air,No,7,Venmo,Fortnightly,False,False,False,14.0,New or occasional,4.142857142857143
3038,51,50+,Female,Belt,Accessories,44,Iowa,Summer,4.8,No,Next Day Air,No,2,Cash,Annually,False,False,False,30.0,New or occasional,1.4666666666666666
3039,56,50+,Female,Jewelry,Accessories,39,Georgia,Summer,4.2,No,Free Shipping,No,36,Debit Card,Annually,False,False,True,30.0,New or occasional,1.3
3040,59,50+,Female,Blouse,Clothing,48,Alabama,Spring,3.2,No,Next Day Air,No,31,PayPal,Bi-Weekly,False,False,True,14.0,New or occasional,3.4285714285714284
3041,18,Under 25,Female,Handbag,Accessories,32,Nebraska,Fall,4.1,No,Express,No,10,Cash,Fortnightly,False,False,True,14.0,New or occasional,2.2857142857142856
3042,48,35-49,Female,Handbag,Accessories,79,Rhode Island,Winter,4.0,No,Express,No,27,PayPal,Monthly,False,False,True,30.0,Loyal high-value,2.6333333333333333
3043,53,50+,Female,Coat,Outerwear,27,South Dakota,Winter,2.9,No,Next Day Air,No,14,PayPal,Every 3 Months,False,False,True,90.0,New or occasional,0.3
3044,45,35-49,Female,Belt,Accessories,98,Illinois,Fall,2.6,No,Store Pickup,No,17,Credit Card,Monthly,False,False,True,30.0,New or occasional,3.2666666666666666
3045,21,Under 25,Female,Boots,Footwear,67,North Carolina,Winter,2.7,No,Free Shipping,No,10,Bank Transfer,Quarterly,False,False,True,90.0,New or occasional,0.7444444444444445
3046,42,35-49,Female,Socks,Clothing,37,Florida,Winter,4.6,No,2-Day Shipping,No,4,PayPal,Bi-Weekly,False,False,False,14.0,New or occasional,2.642857142857143
3047,60,50+,Female,Shoes,Footwear,49,Pennsylvania,Spring,3.2,No,Store Pickup,No,25,Cash,Every 3 Months,False,False,True,90.0,New or occasional,0.5444444444444444
3048,21,Under 25,Female,Sneakers,Footwear,74,Vermont,Fall,4.1,No,2-Day Shipping,No,3,PayPal,Bi-Weekly,False,False,False,14.0,New or occasional,5.285714285714286
3049,69,50+,Female,Jewelry,Accessories,93,Colorado,Summer,3.9,No,Standard,No,47,Venmo,Fortnightly,False,False,True,14.0,Loyal high-value,6.642857142857143
3050,40,35-49,Female,Handbag,Accessories,60,Utah,Summer,3.0,No,Next Day Air,No,41,Bank Transfer,Bi-Weekly,False,False,True,14.0,Loyal high-value,4.285714285714286
3051,31,25-34,Female,Coat,Outerwear,76,Kentucky,Spring,3.6,No,Standard,No,28,Venmo,Every 3 Months,False,False,True,90.0,Loyal high-value,0.8444444444444444
3052,44,35-49,Female,Sunglasses,Accessories,64,Wyoming,Summer,4.6,No,Express,No,49,Debit Card,Every 3 Months,False,False,True,90.0,Loyal high-value,0.7111111111111111
3053,48,35-49,Female,Shoes,Footwear,38,Maine,Spring,4.5,No,Store Pickup,No,7,Bank Transfer,Fortnightly,False,False,False,14.0,New or occasional,2.7142857142857144
3054,32,25-34,Female,Shoes,Footwear,91,Maine,Winter,3.2,No,Next Day Air,No,22,Bank Transfer,Monthly,False,False,True,30.0,New or occasional,3.033333333333333
3055,42,35-49,Female,Boots,Footwear,70,New Hampshire,Summer,4.9,No,2-Day Shipping,No,34,Venmo,Monthly,False,False,True,30.0,Loyal high-value,2.3333333333333335
3056,27,25-34,Female,Sandals,Footwear,22,Kansas,Fall,5.0,No,Standard,No,5,Debit Card,Bi-Weekly,False,False,False,14.0,New or occasional,1.5714285714285714
3057,69,50+,Female,Gloves,Accessories,59,New Jersey,Spring,3.8,No,Standard,No,15,Cash,Bi-Weekly,False,False,True,14.0,New or occasional,4.214285714285714
3058,67,50+,Female,Backpack,Accessories,22,North Carolina,Spring,3.4,No,Next Day Air,No,26,Bank Transfer,Weekly,False,False,True,7.0,New or occasional,3.142857142857143
3059,41,35-49,Female,Handbag,Accessories,74,West Virginia,Winter,3.8,No,Store Pickup,No,3,Bank Transfer,Fortnightly,False,False,False,14.0,New or occasional,5.285714285714286
3060,46,35-49,Female,Sweater,Clothing,71,Kentucky,Spring,3.2,No,Express,No,42,Credit Card,Quarterly,False,False,True,90.0,Loyal high-value,0.7888888888888889
3061,47,35-49,Female,Coat,Outerwear,80,California,Summer,4.7,No,Store Pickup,No,1,Venmo,Monthly,False,False,False,30.0,New or occasional,2.6666666666666665
3062,33,25-34,Female,T-shirt,Clothing,59,South Dakota,Fall,4.5,No,Express,No,20,PayPal,Every 3 Months,False,False,True,90.0,New or occasional,0.6555555555555556
3063,51,50+,Female,Backpack,Accessories,96,California,Fall,3.3,No,Standard,No,39,PayPal,Monthly,False,False,True,30.0,Loyal high-value,3.2
3064,26,25-34,Female,Sunglasses,Accessories,43,Connecticut,Winter,3.9,No,Store Pickup,No,24,Credit Card,Fortnightly,False,False,True,14.0,New or occasional,3.0714285714285716
3065,22,Under 25,Female,Belt,Accessories,76,Idaho,Winter,3.6,No,Express,No,49,Bank Transfer,Quarterly,False,False,True,90.0,Loyal high-value,0.8444444444444444
3066,49,35-49,Female,Jacket,Outerwear,59,North Dakota,Fall,2.8,No,Store Pickup,No,7,Venmo,Bi-Weekly,False,False,False,14.0,New or occasional,4.214285714285714
3067,58,50+,Female,Skirt,Clothing,48,Michigan,Summer,4.3,No,Free Shipping,No,13,Venmo,Every 3 Months,False,False,True,90.0,New or occasional,0.5333333333333333
3068,70,50+,Female,Belt,Accessories,22,Missouri,Spring,3.5,No,Free Shipping,No,2,Cash,Weekly,False,False,False,7.0,New or occasional,3.142857142857143
3069,32,25-34,Female,Boots,Footwear,40,California,Winter,4.2,No,Express,No,4,Debit Card,Weekly,False,False,False,7.0,New or occasional,5.714285714285714
3070,62,50+,Female,Jeans,Clothing,73,Delaware,Spring,4.6,No,Express,No,17,Debit Card,Quarterly,False,False,True,90.0,New or occasional,0.8111111111111111
3071,52,50+,Female,Shoes,Footwear,26,Alabama,Fall,2.6,No,Free Shipping,No,43,PayPal,Bi-Weekly,False,False,True,14.0,New or occasional,1.8571428571428572
3072,23,Under 25,Female,Sweater,Clothing,41,New Hampshire,Spring,3.4,No,Next Day Air,No,6,PayPal,Monthly,False,False,False,30.0,New or occasional,1.3666666666666667
3073,26,25-34,Female,Jewelry,Accessories,98,New York,Spring,3.1,No,Standard,No,46,PayPal,Quarterly,False,False,True,90.0,Loyal high-value,1.0888888888888888
3074,58,50+,Female,Shirt,Clothing,63,Oregon,Winter,3.6,No,Free Shipping,No,7,Debit Card,Bi-Weekly,False,False,False,14.0,New or occasional,4.5
3075,26,25-34,Female,Boots,Footwear,55,Massachusetts,Winter,4.2,No,Next Day Air,No,34,Debit Card,Fortnightly,False,False,True,14.0,New or occasional,3.9285714285714284
3076,54,50+,Female,Shorts,Clothing,90,Utah,Winter,3.6,No,Standard,No,21,PayPal,Every 3 Months,False,False,True,90.0,New or occasional,1.0
3077,66,50+,Female,Handbag,Accessories,46,New Hampshire,Summer,3.6,No,Express,No,13,Venmo,Bi-Weekly,False,False,True,14.0,New or occasional,3.2857142857142856
3078,60,50+,Female,Sweater,Clothing,88,Illinois,Spring,3.0,No,Store Pickup,No,33,Debit Card,Bi-Weekly,False,False,True,14.0,Loyal high-value,6.285714285714286
3079,32,25-34,Female,Belt,Accessories,95,Alaska,Spring,2.5,No,2-Day Shipping,No,24,Bank Transfer,Bi-Weekly,False,False,True,14.0,New or occasional,6.785714285714286
3080,48,35-49,Female,Belt,Accessories,31,Wyoming,Fall,4.0,No,Store Pickup,No,4,Bank Transfer,Annually,False,False,False,30.0,New or occasional,1.0333333333333334
3081,69,50+,Female,Hoodie,Clothing,42,Colorado,Spring,4.1,No,Next Day Air,No,5,Cash,Bi-Weekly,False,False,False,14.0,New or occasional,3.0
3082,64,50+,Female,Sneakers,Footwear,44,Vermont,Winter,4.9,No,Next Day Air,No,11,Credit Card,Weekly,False,False,True,7.0,New or occasional,6.285714285714286
3083,56,50+,Female,T-shirt,Clothing,99,Utah,Spring,4.0,No,Next Day Air,No,20,Bank Transfer,Annually,False,False,True,30.0,New or occasional,3.3
3084,22,Under 25,Female,Pants,Clothing,20,Illinois,Summer,3.5,No,Store Pickup,No,28,PayPal,Quarterly,False,False,True,90.0,New or occasional,0.2222222222222222
3085,46,35-49,Female,Scarf,Accessories,37,Idaho,Spring,3.2,No,Store Pickup,No,43,PayPal,Monthly,False,False,True,30.0,New or occasional,1.2333333333333334
3086,24,Under 25,Female,Sweater,Clothing,50,Nevada,Winter,2.8,No,Store Pickup,No,10,Venmo,Every 3 Months,False,False,True,90.0,New or occasional,0.5555555555555556
3087,47,35-49,Female,Handbag,Accessories,73,Utah,Summer,3.5,No,Next Day Air,No,26,Venmo,Every 3 Months,False,False,True,90.0,Loyal high-value,0.8111111111111111
3088,62,50+,Female,Shirt,Clothing,84,North Carolina,Spring,3.1,No,Free Shipping,No,29,Bank Transfer,Monthly,False,False,True,30.0,Loyal high-value,2.8
3089,34,25-34,Female,Dress,Clothing,64,Arkansas,Spring,3.3,No,Store Pickup,No,35,Bank Transfer,Quarterly,False,False,True,90.0,Loyal high-value,0.7111111111111111
3090,50,50+,Female,Sandals,Footwear,21,North Carolina,Fall,4.6,No,Free Shipping,No,23,Cash,Bi-Weekly,False,False,True,14.0,New or occasional,1.5
3091,29,25-34,Female,Shirt,Clothing,36,Texas,Summer,4.9,No,Store Pickup,No,15,Bank Transfer,Quarterly,False,False,True,90.0,New or occasional,0.4
3092,68,50+,Female,Dress,Clothing,81,Nevada,Winter,3.4,No,2-Day Shipping,No,46,Credit Card,Annually,False,False,True,30.0,Loyal high-value,2.7
3093,52,50+,Female,Sunglasses,Accessories,54,Utah,Fall,3.5,No,Next Day Air,No,14,Bank Transfer,Bi-Weekly,False,False,True,14.0,New or occasional,3.857142857142857
3094,29,25-34,Female,Socks,Clothing,63,Pennsylvania,Summer,4.8,No,Store Pickup,No,17,Cash,Every 3 Months,False,False,True,90.0,New or occasional,0.7
3095,22,Under 25,Female,Sandals,Footwear,59,Georgia,Summer,2.7,No,Store Pickup,No,9,Cash,Weekly,False,False,False,7.0,New or occasional,8.428571428571429
3096,62,50+,Female,Hat,Accessories,53,Minnesota,Fall,3.4,No,Standard,No,13,Venmo,Fortnightly,False,False,True,14.0,New or occasional,3.7857142857142856
3097,69,50+,Female,Shirt,Clothing,63,Kansas,Winter,3.5,No,Next Day Air,No,20,Bank Transfer,Monthly,False,False,True,30.0,New or occasional,2.1
3098,48,35-49,Female,Shoes,Footwear,33,Delaware,Fall,3.7,No,Free Shipping,No,39,Bank Transfer,Quarterly,False,False,True,90.0,New or occasional,0.36666666666666664
3099,66,50+,Female,Pants,Clothing,64,New Mexico,Summer,3.3,No,Next Day Air,No,50,Bank Transfer,Quarterly,False,False,True,90.0,Loyal high-value,0.7111111111111111
3100,42,35-49,Female,Shirt,Clothing,98,Michigan,Fall,2.9,No,Free Shipping,No,21,Bank Transfer,Bi-Weekly,False,False,True,14.0,New or occasional,7.0
3101,50,50+,Female,Hat,Accessories,85,Vermont,Winter,3.9,No,Express,No,3,Bank Transfer,Weekly,False,False,False,7.0,New or occasional,12.142857142857142
3102,32,25-34,Female,Jewelry,Accessories,82,Idaho,Summer,2.7,No,Express,No,9,PayPal,Fortnightly,False,False,False,14.0,New or occasional,5.857142857142857
3103,51,50+,Female,Jacket,Outerwear,85,South Dakota,Summer,4.3,No,Standard,No,29,Cash,Bi-Weekly,False,False,True,14.0,Loyal high-value,6.071428571428571
3104,27,25-34,Female,Shirt,Clothing,37,Illinois,Winter,3.0,No,2-Day Shipping,No,42,Bank Transfer,Weekly,False,False,True,7.0,New or occasional,5.285714285714286
3105,43,35-49,Female,Pants,Clothing,56,Georgia,Summer,5.0,No,2-Day Shipping,No,41,Debit Card,Fortnightly,False,False,True,14.0,New or occasional,4.0
3106,48,35-49,Female,Skirt,Clothing,33,Oregon,Fall,2.7,No,Express,No,17,Debit Card,Monthly,False,False,True,30.0,New or occasional,1.1
3107,62,50+,Female,Sandals,Footwear,57,Alabama,Winter,4.7,No,Next Day Air,No,20,PayPal,Annually,False,False,True,30.0,New or occasional,1.9
3108,65,50+,Female,Blouse,Clothing,31,Hawaii,Winter,4.6,No,Standard,No,18,Credit Card,Bi-Weekly,False,False,True,14.0,New or occasional,2.2142857142857144
3109,50,50+,Female,Socks,Clothing,69,Oregon,Fall,3.2,No,2-Day Shipping,No,7,PayPal,Monthly,False,False,False,30.0,New or occasional,2.3
3110,60,50+,Female,Jacket,Outerwear,92,Illinois,Winter,4.3,No,Free Shipping,No,47,Bank Transfer,Fortnightly,False,False,True,14.0,Loyal high-value,6.571428571428571
3111,19,Under 25,Female,Handbag,Accessories,46,Texas,Fall,4.6,No,Next Day Air,No,2,Bank Transfer,Bi-Weekly,False,False,False,14.0,New or occasional,3.2857142857142856
3112,21,Under 25,Female,Belt,Accessories,81,Kansas,Spring,4.9,No,Free Shipping,No,25,Debit Card,Quarterly,False,False,True,90.0,Loyal high-value,0.9
3113,19,Under 25,Female,Blouse,Clothing,97,Texas,Fall,3.8,No,Express,No,26,Venmo,Annually,False,False,True,30.0,Loyal high-value,3.2333333333333334
3114,46,35-49,Female,Shirt,Clothing,93,Nebraska,Summer,2.6,No,Express,No,2,Debit Card,Weekly,False,False,False,7.0,New or occasional,13.285714285714286
3115,21,Under 25,Female,Handbag,Accessories,56,Arkansas,Spring,4.7,No,Store Pickup,No,45,Venmo,Bi-Weekly,False,False,True,14.0,New or occasional,4.0
3116,26,25-34,Female,Scarf,Accessories,53,South Dakota,Fall,4.1,No,Free Shipping,No,9,Bank Transfer,Bi-Weekly,False,False,False,14.0,New or occasional,3.7857142857142856
3117,50,50+,Female,Coat,Outerwear,66,Montana,Spring,3.7,No,Store Pickup,No,1,Venmo,Weekly,False,False,False,7.0,New or occasional,9.428571428571429
3118,43,35-49,Female,Hoodie,Clothing,50,Florida,Fall,3.0,No,Free Shipping,No,4,PayPal,Bi-Weekly,False,False,False,14.0,New or occasional,3.5714285714285716
3119,61,50+,Female,Shorts,Clothing,97,Virginia,Summer,4.7,No,Standard,No,31,Debit Card,Quarterly,False,False,True,90.0,Loyal high-value,1.0777777777777777
3120,63,50+,Female,Sandals,Footwear,79,Louisiana,Winter,4.7,No,2-Day Shipping,No,21,Credit Card,Every 3 Months,False,False,True,90.0,New or occasional,0.8777777777777778
3121,46,35-49,Female,Shirt,Clothing,76,Louisiana,Fall,4.0,No,Store Pickup,No,32,Debit Card,Fortnightly,False,False,True,14.0,Loyal high-value,5.428571428571429
3122,63,50+,Female,Hoodie,Clothing,38,Louisiana,Fall,2.6,No,Standard,No,16,Venmo,Weekly,False,False,True,7.0,New or occasional,5.428571428571429
3123,23,Under 25,Female,Socks,Clothing,45,Georgia,Fall,3.0,No,Express,No,34,Credit Card,Fortnightly,False,False,True,14.0,New or occasional,3.2142857142857144
3124,57,50+,Female,Handbag,Accessories,77,Iowa,Fall,3.3,No,Next Day Air,No,40,Venmo,Bi-Weekly,False,False,True,14.0,Loyal high-value,5.5
3125,57,50+,Female,Jewelry,Accessories,51,California,Summer,3.4,No,Standard,No,4,Cash,Every 3 Months,False,False,False,90.0,New or occasional,0.5666666666666667
3126,33,25-34,Female,Coat,Outerwear,26,Oregon,Spring,4.0,No,Standard,No,3,Cash,Quarterly,False,False,False,90.0,New or occasional,0.28888888888888886
3127,57,50+,Female,Sunglasses,Accessories,76,Maine,Winter,2.6,No,Store Pickup,No,28,Bank Transfer,Bi-Weekly,False,False,True,14.0,Loyal high-value,5.428571428571429
3128,55,50+,Female,Gloves,Accessories,94,Louisiana,Winter,3.4,No,Free Shipping,No,43,Credit Card,Every 3 Months,False,False,True,90.0,Loyal high-value,1.0444444444444445
3129,65,50+,Female,Jacket,Outerwear,32,Arkansas,Fall,4.4,No,Standard,No,20,Cash,Annually,False,False,True,30.0,New or occasional,1.0666666666666667
3130,60,50+,Female,Sandals,Footwear,20,Maryland,Summer,4.7,No,Express,No,40,Venmo,Every 3 Months,False,False,True,90.0,New or occasional,0.2222222222222222
3131,52,50+,Female,Pants,Clothing,20,Vermont,Summer,4.5,No,Store Pickup,No,34,Venmo,Every 3 Months,False,False,True,90.0,New or occasional,0.2222222222222222
3132,34,25-34,Female,Jacket,Outerwear,59,North Dakota,Fall,2.9,No,Store Pickup,No,11,Bank Transfer,Every 3 Months,False,False,True,90.0,New or occasional,0.6555555555555556
3133,33,25-34,Female,Sweater,Clothing,97,Michigan,Summer,4.2,No,Express,No,26,Cash,Quarterly,False,False,True,90.0,Loyal high-value,1.0777777777777777
3134,58,50+,Female,T-shirt,Clothing,68,Arkansas,Spring,4.1,No,Next Day Air,No,29,Cash,Bi-Weekly,False,False,True,14.0,Loyal high-value,4.857142857142857
3135,35,35-49,Female,Boots,Footwear,66,Kentucky,Spring,4.4,No,Store Pickup,No,47,Bank Transfer,Weekly,False,False,True,7.0,Loyal high-value,9.428571428571429
3136,68,50+,Female,Shoes,Footwear,85,Indiana,Spring,4.7,No,Free Shipping,No,48,Venmo,Fortnightly,False,False,True,14.0,Loyal high-value,6.071428571428571
3137,58,50+,Female,Skirt,Clothing,32,Minnesota,Fall,3.1,No,Next Day Air,No,29,Cash,Bi-Weekly,False,False,True,14.0,New or occasional,2.2857142857142856
3138,34,25-34,Female,Coat,Outerwear,44,Louisiana,Spring,2.7,No,2-Day Shipping,No,14,Bank Transfer,Monthly,False,False,True,30.0,New or occasional,1.4666666666666666
3139,47,35-49,Female,Blouse,Clothing,95,Kentucky,Fall,4.6,No,Next Day Air,No,40,Cash,Every 3 Months,False,False,True,90.0,Loyal high-value,1.0555555555555556
3140,35,35-49,Female,Sunglasses,Accessories,85,Georgia,Winter,4.4,No,Next Day Air,No,4,Venmo,Weekly,False,False,False,7.0,New or occasional,12.142857142857142
3141,34,25-34,Female,Gloves,Accessories,44,Alaska,Summer,4.6,No,Free Shipping,No,37,Bank Transfer,Weekly,False,False,True,7.0,New or occasional,6.285714285714286
3142,36,35-49,Female,Sunglasses,Accessories,30,Mississippi,Winter,4.9,No,Express,No,47,Credit Card,Bi-Weekly,False,False,True,14.0,New or occasional,2.142857142857143
3143,23,Under 25,Female,Sneakers,Footwear,21,Kansas,Winter,4.0,No,2-Day Shipping,No,1,Venmo,Quarterly,False,False,False,90.0,New or occasional,0.23333333333333334
3144,68,50+,Female,Hoodie,Clothing,22,Arizona,Summer,2.9,No,Store Pickup,No,26,Cash,Quarterly,False,False,True,90.0,New or occasional,0.24444444444444444
3145,23,Under 25,Female,Boots,Footwear,70,Maine,Spring,2.6,No,Free Shipping,No,12,Debit Card,Quarterly,False,False,True,90.0,New or occasional,0.7777777777777778
3146,57,50+,Female,Handbag,Accessories,29,Texas,Spring,4.6,No,Standard,No,16,PayPal,Fortnightly,False,False,True,14.0,New or occasional,2.0714285714285716
3147,21,Under 25,Female,Shirt,Clothing,83,Virginia,Winter,4.9,No,Free Shipping,No,19,PayPal,Annually,False,False,True,30.0,New or occasional,2.7666666666666666
3148,45,35-49,Female,Sweater,Clothing,99,North Dakota,Winter,4.3,No,Express,No,21,Credit Card,Weekly,False,False,True,7.0,New or occasional,14.142857142857142
3149,37,35-49,Female,Shorts,Clothing,35,West Virginia,Fall,4.3,No,Free Shipping,No,15,Venmo,Weekly,False,False,True,7.0,New or occasional,5.0
3150,18,Under 25,Female,Belt,Accessories,40,North Carolina,Winter,4.6,No,Free Shipping,No,9,Venmo,Annually,False,False,False,30.0,New or occasional,1.3333333333333333
3151,55,50+,Female,Blouse,Clothing,25,Georgia,Spring,2.6,No,Express,No,7,Bank Transfer,Bi-Weekly,False,False,False,14.0,New or occasional,1.7857142857142858
3152,52,50+,Female,T-shirt,Clothing,64,New Mexico,Fall,3.1,No,2-Day Shipping,No,47,Bank Transfer,Quarterly,False,False,True,90.0,Loyal high-value,0.7111111111111111
3153,49,35-49,Female,Belt,Accessories,90,North Carolina,Fall,3.1,No,Store Pickup,No,17,PayPal,Monthly,False,False,True,30.0,New or occasional,3.0
3154,56,50+,Female,Socks,Clothing,88,Alabama,Fall,3.1,No,Next Day Air,No,46,Venmo,Fortnightly,False,False,True,14.0,Loyal high-value,6.285714285714286
3155,27,25-34,Female,Belt,Accessories,55,Connecticut,Winter,4.4,No,Standard,No,32,Cash,Quarterly,False,False,True,90.0,New or occasional,0.6111111111111112
3156,22,Under 25,Female,Handbag,Accessories,90,Montana,Fall,4.3,No,Free Shipping,No,34,Cash,Annually,False,False,True,30.0,Loyal high-value,3.0
3157,18,Under 25,Female,Shirt,Clothing,50,Montana,Winter,3.1,No,2-Day Shipping,No,18,Cash,Monthly,False,False,True,30.0,New or occasional,1.6666666666666667
3158,21,Under 25,Female,Belt,Accessories,34,Maine,Fall,3.1,No,Store Pickup,No,5,Debit Card,Fortnightly,False,False,False,14.0,New or occasional,2.4285714285714284
3159,30,25-34,Female,Jewelry,Accessories,77,Mississippi,Winter,4.9,No,2-Day Shipping,No,44,Credit Card,Monthly,False,False,True,30.0,Loyal high-value,2.566666666666667
3160,62,50+,Female,Hat,Accessories,89,Louisiana,Winter,2.9,No,Store Pickup,No,4,Bank Transfer,Quarterly,False,False,False,90.0,New or occasional,0.9888888888888889
3161,28,25-34,Female,Backpack,Accessories,87,Nebraska,Fall,3.8,No,Next Day Air,No,37,Cash,Fortnightly,False,False,True,14.0,Loyal high-value,6.214285714285714
3162,66,50+,Female,Dress,Clothing,77,Massachusetts,Winter,4.2,No,2-Day Shipping,No,43,Cash,Monthly,False,False,True,30.0,Loyal high-value,2.566666666666667
3163,66,50+,Female,Shoes,Footwear,85,Wisconsin,Winter,3.9,No,Standard,No,28,Bank Transfer,Quarterly,False,False,True,90.0,Loyal high-value,0.9444444444444444
3164,49,35-49,Female,Pants,Clothing,66,Nebraska,Summer,2.8,No,Express,No,36,Cash,Monthly,False,False,True,30.0,Loyal high-value,2.2
3165,40,35-49,Female,Dress,Clothing,32,Arizona,Winter,2.6,No,Standard,No,16,Credit Card,Annually,False,False,True,30.0,New or occasional,1.0666666666666667
3166,49,35-49,Female,Jacket,Outerwear,92,Hawaii,Spring,3.0,No,Store Pickup,No,38,Bank Transfer,Every 3 Months,False,False,True,90.0,Loyal high-value,1.0222222222222221
3167,19,Under 25,Female,Shirt,Clothing,80,Georgia,Winter,2.7,No,Next Day Air,No,37,Bank Transfer,Fortnightly,False,False,True,14.0,Loyal high-value,5.714285714285714
3168,24,Under 25,Female,Dress,Clothing,78,Oregon,Fall,2.8,No,2-Day Shipping,No,9,Cash,Bi-Weekly,False,False,False,14.0,New or occasional,5.571428571428571
3169,31,25-34,Female,Jeans,Clothing,24,Montana,Spring,2.9,No,2-Day Shipping,No,14,PayPal,Fortnightly,False,False,True,14.0,New or occasional,1.7142857142857142
3170,35,35-49,Female,T-shirt,Clothing,59,Georgia,Fall,3.8,No,Free Shipping,No,3,Venmo,Weekly,False,False,False,7.0,New or occasional,8.428571428571429
3171,65,50+,Female,Sunglasses,Accessories,41,Rhode Island,Spring,4.4,No,Express,No,10,Credit Card,Fortnightly,False,False,True,14.0,New or occasional,2.9285714285714284
3172,68,50+,Female,Jewelry,Accessories,26,Tennessee,Spring,3.1,No,Express,No,26,Bank Transfer,Bi-Weekly,False,False,True,14.0,New or occasional,1.8571428571428572
3173,57,50+,Female,Socks,Clothing,52,Missouri,Fall,3.7,No,Standard,No,30,Debit Card,Bi-Weekly,False,False,True,14.0,New or occasional,3.7142857142857144
3174,69,50+,Female,Skirt,Clothing,46,Washington,Summer,4.9,No,Next Day Air,No,32,PayPal,Fortnightly,False,False,True,14.0,New or occasional,3.2857142857142856
3175,45,35-49,Female,Pants,Clothing,52,Oklahoma,Winter,3.8,No,Store Pickup,No,35,PayPal,Monthly,False,False,True,30.0,New or occasional,1.7333333333333334
3176,35,35-49,Female,Socks,Clothing,42,Connecticut,Fall,3.4,No,Store Pickup,No,26,Debit Card,Every 3 Months,False,False,True,90.0,New or occasional,0.4666666666666667
3177,36,35-49,Female,Sandals,Footwear,37,Arkansas,Spring,4.6,No,2-Day Shipping,No,39,Credit Card,Monthly,False,False,True,30.0,New or occasional,1.2333333333333334
3178,55,50+,Female,Belt,Accessories,52,Missouri,Fall,3.2,No,Standard,No,31,Credit Card,Monthly,False,False,True,30.0,New or occasional,1.7333333333333334
3179,66,50+,Female,Sandals,Footwear,34,Washington,Spring,2.7,No,Free Shipping,No,28,Credit Card,Annually,False,False,True,30.0,New or occasional,1.1333333333333333
3180,57,50+,Female,Shorts,Clothing,88,Idaho,Spring,4.3,No,Free Shipping,No,12,Debit Card,Bi-Weekly,False,False,True,14.0,New or occasional,6.285714285714286
3181,18,Under 25,Female,Handbag,Accessories,88,Montana,Fall,3.8,No,Standard,No,46,PayPal,Weekly,False,False,True,7.0,Loyal high-value,12.571428571428571
3182,31,25-34,Female,Jacket,Outerwear,51,Montana,Summer,4.4,No,Free Shipping,No,27,PayPal,Every 3 Months,False,False,True,90.0,New or occasional,0.5666666666666667
3183,50,50+,Female,Sunglasses,Accessories,97,Georgia,Fall,3.6,No,Free Shipping,No,4,Credit Card,Annually,False,False,False,30.0,New or occasional,3.2333333333333334
3184,50,50+,Female,Sneakers,Footwear,56,Mississippi,Winter,3.5,No,Standard,No,14,Cash,Every 3 Months,False,False,True,90.0,New or occasional,0.6222222222222222
3185,61,50+,Female,Sweater,Clothing,53,Hawaii,Spring,4.2,No,2-Day Shipping,No,30,Venmo,Quarterly,False,False,True,90.0,New or occasional,0.5888888888888889
3186,52,50+,Female,Skirt,Clothing,71,Ohio,Fall,4.7,No,Express,No,6,PayPal,Annually,False,False,False,30.0,New or occasional,2.3666666666666667
3187,38,35-49,Female,Jewelry,Accessories,93,Virginia,Winter,4.8,No,Store Pickup,No,43,Venmo,Annually,False,False,True,30.0,Loyal high-value,3.1
3188,67,50+,Female,Blouse,Clothing,72,Texas,Winter,3.2,No,Free Shipping,No,28,Debit Card,Weekly,False,False,True,7.0,Loyal high-value,10.285714285714286
3189,42,35-49,Female,Blouse,Clothing,59,Vermont,Winter,3.5,No,Standard,No,39,Bank Transfer,Monthly,False,False,True,30.0,New or occasional,1.9666666666666666
3190,25,25-34,Female,Boots,Footwear,87,Kansas,Summer,4.2,No,Store Pickup,No,30,PayPal,Bi-Weekly,False,False,True,14.0,Loyal high-value,6.214285714285714
3191,41,35-49,Female,Jeans,Clothing,78,California,Fall,3.4,No,Free Shipping,No,5,Credit Card,Fortnightly,False,False,False,14.0,New or occasional,5.571428571428571
3192,62,50+,Female,Hoodie,Clothing,68,Mississippi,Winter,4.7,No,Store Pickup,No,42,Credit Card,Every 3 Months,False,False,True,90.0,Loyal high-value,0.7555555555555555
3193,19,Under 25,Female,Sweater,Clothing,76,Iowa,Fall,3.0,No,Free Shipping,No,20,Cash,Fortnightly,False,False,True,14.0,New or occasional,5.428571428571429
3194,63,50+,Female,Gloves,Accessories,99,Virginia,Winter,4.0,No,Express,No,35,Credit Card,Fortnightly,False,False,True,14.0,Loyal high-value,7.071428571428571
3195,43,35-49,Female,Sneakers,Footwear,52,Maryland,Summer,4.6,No,Standard,No,10,Credit Card,Bi-Weekly,False,False,True,14.0,New or occasional,3.7142857142857144
3196,68,50+,Female,Sunglasses,Accessories,58,Missouri,Spring,4.9,No,Next Day Air,No,36,Credit Card,Quarterly,False,False,True,90.0,New or occasional,0.6444444444444445
3197,24,Under 25,Female,Belt,Accessories,59,Wisconsin,Winter,2.8,No,Express,No,21,Debit Card,Fortnightly,False,False,True,14.0,New or occasional,4.214285714285714
3198,27,25-34,Female,Sweater,Clothing,71,Maine,Spring,3.2,No,Free Shipping,No,29,Credit Card,Every 3 Months,False,False,True,90.0,Loyal high-value,0.7888888888888889
3199,61,50+,Female,Gloves,Accessories,94,Pennsylvania,Winter,2.8,No,Free Shipping,No,39,Debit Card,Weekly,False,False,True,7.0,Loyal high-value,13.428571428571429
3200,59,50+,Female,Handbag,Accessories,40,Maine,Winter,4.2,No,Express,No,16,PayPal,Monthly,False,False,True,30.0,New or occasional,1.3333333333333333
3201,67,50+,Female,Socks,Clothing,24,Missouri,Spring,4.8,No,Free Shipping,No,32,Credit Card,Monthly,False,False,True,30.0,New or occasional,0.8
3202,46,35-49,Female,Pants,Clothing,38,Vermont,Fall,2.8,No,2-Day Shipping,No,34,Cash,Monthly,False,False,True,30.0,New or occasional,1.2666666666666666
3203,65,50+,Female,Scarf,Accessories,37,Wisconsin,Fall,4.5,No,Standard,No,38,Venmo,Annually,False,False,True,30.0,New or occasional,1.2333333333333334
3204,63,50+,Female,Coat,Outerwear,29,New Jersey,Spring,4.1,No,Express,No,14,Venmo,Annually,False,False,True,30.0,New or occasional,0.9666666666666667
3205,57,50+,Female,Jacket,Outerwear,92,New Mexico,Fall,4.3,No,Free Shipping,No,23,Debit Card,Bi-Weekly,False,False,True,14.0,New or occasional,6.571428571428571
3206,40,35-49,Female,Hoodie,Clothing,24,Colorado,Fall,4.4,No,2-Day Shipping,No,50,Bank Transfer,Every 3 Months,False,False,True,90.0,New or occasional,0.26666666666666666
3207,36,35-49,Female,Boots,Footwear,52,California,Winter,3.0,No,Free Shipping,No,49,PayPal,Monthly,False,False,True,30.0,New or occasional,1.7333333333333334
3208,67,50+,Female,Socks,Clothing,29,Arizona,Summer,2.7,No,Next Day Air,No,14,PayPal,Annually,False,False,True,30.0,New or occasional,0.9666666666666667
3209,61,50+,Female,Jewelry,Accessories,30,Indiana,Winter,3.3,No,2-Day Shipping,No,42,PayPal,Weekly,False,False,True,7.0,New or occasional,4.285714285714286
3210,64,50+,Female,Shoes,Footwear,31,Arkansas,Fall,4.3,No,Standard,No,39,Debit Card,Annually,False,False,True,30.0,New or occasional,1.0333333333333334
3211,30,25-34,Female,Socks,Clothing,67,Nevada,Summer,2.9,No,Express,No,43,Venmo,Bi-Weekly,False,False,True,14.0,Loyal high-value,4.785714285714286
3212,53,50+,Female,Pants,Clothing,65,Rhode Island,Winter,4.9,No,Standard,No,12,Cash,Monthly,False,False,True,30.0,New or occasional,2.1666666666666665
3213,27,25-34,Female,Sneakers,Footwear,22,Wyoming,Winter,3.6,No,2-Day Shipping,No,21,Debit Card,Weekly,False,False,True,7.0,New or occasional,3.142857142857143
3214,27,25-34,Female,Sunglasses,Accessories,56,Texas,Winter,3.3,No,Standard,No,33,Credit Card,Monthly,False,False,True,30.0,New or occasional,1.8666666666666667
3215,53,50+,Female,Skirt,Clothing,78,Washington,Spring,3.1,No,Free Shipping,No,6,Debit Card,Annually,False,False,False,30.0,New or occasional,2.6
3216,34,25-34,Female,Coat,Outerwear,90,Rhode Island,Summer,2.7,No,Free Shipping,No,10,PayPal,Every 3 Months,False,False,True,90.0,New or occasional,1.0
3217,39,35-49,Female,Hoodie,Clothing,85,Illinois,Winter,3.4,No,Next Day Air,No,18,Cash,Weekly,False,False,True,7.0,New or occasional,12.142857142857142
3218,44,35-49,Female,Sunglasses,Accessories,58,Oregon,Fall,3.4,No,Express,No,46,Venmo,Weekly,False,False,True,7.0,New or occasional,8.285714285714286
3219,37,35-49,Female,Skirt,Clothing,34,Florida,Fall,3.9,No,Express,No,49,PayPal,Monthly,False,False,True,30.0,New or occasional,1.1333333333333333
3220,57,50+,Female,Coat,Outerwear,40,Kansas,Summer,3.5,No,2-Day Shipping,No,39,Credit Card,Weekly,False,False,True,7.0,New or occasional,5.714285714285714
3221,38,35-49,Female,Handbag,Accessories,29,North Dakota,Fall,4.1,No,Free Shipping,No,16,Cash,Monthly,False,False,True,30.0,New or occasional,0.9666666666666667
3222,21,Under 25,Female,T-shirt,Clothing,76,New Hampshire,Winter,3.2,No,Standard,No,28,Cash,Annually,False,False,True,30.0,Loyal high-value,2.533333333333333
3223,45,35-49,Female,Sunglasses,Accessories,84,Texas,Fall,4.6,No,Store Pickup,No,22,PayPal,Quarterly,False,False,True,90.0,New or occasional,0.9333333333333333
3224,68,50+,Female,Shirt,Clothing,65,Montana,Spring,3.9,No,Standard,No,36,Venmo,Bi-Weekly,False,False,True,14.0,Loyal high-value,4.642857142857143
3225,37,35-49,Female,Hoodie,Clothing,80,Delaware,Winter,2.7,No,Free Shipping,No,18,PayPal,Monthly,False,False,True,30.0,New or occasional,2.6666666666666665
3226,53,50+,Female,Blouse,Clothing,98,New Hampshire,Fall,3.0,No,Store Pickup,No,31,Credit Card,Weekly,False,False,True,7.0,Loyal high-value,14.0
3227,57,50+,Female,Sneakers,Footwear,71,Minnesota,Spring,3.3,No,Next Day Air,No,38,Bank Transfer,Fortnightly,False,False,True,14.0,Loyal high-value,5.071428571428571
3228,28,25-34,Female,Scarf,Accessories,69,Alaska,Fall,2.7,No,Free Shipping,No,42,Debit Card,Quarterly,False,False,True,90.0,Loyal high-value,0.7666666666666667
3229,37,35-49,Female,Jewelry,Accessories,95,Connecticut,Spring,4.6,No,2-Day Shipping,No,27,PayPal,Annually,False,False,True,30.0,Loyal high-value,3.1666666666666665
3230,54,50+,Female,Pants,Clothing,67,Connecticut,Fall,2.7,No,Express,No,24,Cash,Monthly,False,False,True,30.0,New or occasional,2.2333333333333334
3231,49,35-49,Female,Sneakers,Footwear,49,Kansas,Summer,2.5,No,Next Day Air,No,38,Debit Card,Annually,False,False,True,30.0,New or occasional,1.6333333333333333
3232,62,50+,Female,Shoes,Footwear,97,Nevada,Winter,4.4,No,Free Shipping,No,9,Credit Card,Annually,False,False,False,30.0,New or occasional,3.2333333333333334
3233,45,35-49,Female,T-shirt,Clothing,34,Massachusetts,Spring,4.0,No,Next Day Air,No,19,Bank Transfer,Monthly,False,False,True,30.0,New or occasional,1.1333333333333333
3234,45,35-49,Female,Belt,Accessories,74,Indiana,Fall,3.8,No,Express,No,11,Debit Card,Bi-Weekly,False,False,True,14.0,New or occasional,5.285714285714286
3235,49,35-49,Female,Jewelry,Accessories,96,Washington,Winter,2.5,No,2-Day Shipping,No,16,Debit Card,Quarterly,False,False,True,90.0,New or occasional,1.0666666666666667
3236,27,25-34,Female,Belt,Accessories,68,Kansas,Summer,4.0,No,Free Shipping,No,18,Venmo,Monthly,False,False,True,30.0,New or occasional,2.2666666666666666
3237,63,50+,Female,Belt,Accessories,84,South Carolina,Fall,4.1,No,Next Day Air,No,8,Cash,Monthly,False,False,False,30.0,New or occasional,2.8
3238,61,50+,Female,T-shirt,Clothing,57,Vermont,Summer,2.8,No,Express,No,4,Cash,Weekly,False,False,False,7.0,New or occasional,8.142857142857142
3239,25,25-34,Female,Sneakers,Footwear,84,Wyoming,Fall,3.4,No,2-Day Shipping,No,37,Cash,Quarterly,False,False,True,90.0,Loyal high-value,0.9333333333333333
3240,33,25-34,Female,Sunglasses,Accessories,32,Colorado,Fall,2.7,No,2-Day Shipping,No,30,Cash,Monthly,False,False,True,30.0,New or occasional,1.0666666666666667
3241,56,50+,Female,Sandals,Footwear,37,West Virginia,Fall,3.8,No,2-Day Shipping,No,37,Bank Transfer,Monthly,False,False,True,30.0,New or occasional,1.2333333333333334
3242,50,50+,Female,Handbag,Accessories,58,Connecticut,Summer,4.4,No,Store Pickup,No,30,PayPal,Quarterly,False,False,True,90.0,New or occasional,0.6444444444444445
3243,45,35-49,Female,Socks,Clothing,74,Oregon,Fall,2.8,No,Express,No,17,Venmo,Weekly,False,False,True,7.0,New or occasional,10.571428571428571
3244,45,35-49,Female,Hoodie,Clothing,99,Idaho,Summer,5.0,No,Store Pickup,No,11,Bank Transfer,Every 3 Months,False,False,True,90.0,New or occasional,1.1
3245,65,50+,Female,Sweater,Clothing,81,Arkansas,Fall,4.7,No,Express,No,42,Credit Card,Annually,False,False,True,30.0,Loyal high-value,2.7
3246,63,50+,Female,Pants,Clothing,76,Kansas,Fall,3.2,No,Next Day Air,No,20,Cash,Weekly,False,False,True,7.0,New or occasional,10.857142857142858
3247,70,50+,Female,Sneakers,Footwear,98,Michigan,Summer,2.9,No,Store Pickup,No,37,Cash,Monthly,False,False,True,30.0,Loyal high-value,3.2666666666666666
3248,53,50+,Female,Gloves,Accessories,91,Arkansas,Summer,3.7,No,Express,No,12,PayPal,Fortnightly,False,False,True,14.0,New or occasional,6.5
3249,22,Under 25,Female,T-shirt,Clothing,79,Pennsylvania,Summer,4.2,No,Free Shipping,No,41,Bank Transfer,Quarterly,False,False,True,90.0,Loyal high-value,0.8777777777777778
3250,26,25-34,Female,Backpack,Accessories,83,Virginia,Summer,3.4,No,Express,No,32,Credit Card,Quarterly,False,False,True,90.0,Loyal high-value,0.9222222222222223
3251,23,Under 25,Female,Coat,Outerwear,90,Minnesota,Spring,2.9,No,2-Day Shipping,No,15,Venmo,Weekly,False,False,True,7.0,New or occasional,12.857142857142858
3252,25,25-34,Female,Coat,Outerwear,20,Nevada,Winter,3.7,No,Standard,No,39,Venmo,Quarterly,False,False,True,90.0,New or occasional,0.2222222222222222
3253,69,50+,Female,Sandals,Footwear,21,Montana,Spring,2.7,No,Store Pickup,No,48,Credit Card,Fortnightly,False,False,True,14.0,New or occasional,1.5
3254,36,35-49,Female,Backpack,Accessories,60,Nebraska,Fall,3.2,No,2-Day Shipping,No,8,Venmo,Fortnightly,False,False,False,14.0,New or occasional,4.285714285714286
3255,21,Under 25,Female,Sweater,Clothing,31,Indiana,Winter,4.9,No,Store Pickup,No,11,Bank Transfer,Every 3 Months,False,False,True,90.0,New or occasional,0.34444444444444444
3256,57,50+,Female,Shorts,Clothing,40,New Jersey,Fall,2.8,No,Next Day Air,No,36,Bank Transfer,Monthly,False,False,True,30.0,New or occasional,1.3333333333333333
3257,60,50+,Female,Sunglasses,Accessories,26,Wisconsin,Winter,4.7,No,Free Shipping,No,50,Venmo,Every 3 Months,False,False,True,90.0,New or occasional,0.28888888888888886
3258,44,35-49,Female,Shirt,Clothing,98,Minnesota,Fall,3.3,No,Express,No,39,Venmo,Every 3 Months,False,False,True,90.0,Loyal high-value,1.0888888888888888
3259,31,25-34,Female,Shoes,Footwear,51,New Jersey,Spring,4.3,No,Express,No,11,Credit Card,Bi-Weekly,False,False,True,14.0,New or occasional,3.642857142857143
3260,57,50+,Female,Hat,Accessories,95,Oklahoma,Fall,3.7,No,2-Day Shipping,No,5,Debit Card,Every 3 Months,False,False,False,90.0,New or occasional,1.0555555555555556
3261,39,35-49,Female,Scarf,Accessories,36,Wisconsin,Summer,4.5,No,2-Day Shipping,No,7,Credit Card,Annually,False,False,False,30.0,New or occasional,1.2
3262,48,35-49,Female,Belt,Accessories,52,Rhode Island,Winter,3.4,No,Store Pickup,No,50,Debit Card,Weekly,False,False,True,7.0,New or occasional,7.428571428571429
3263,42,35-49,Female,T-shirt,Clothing,35,Indiana,Spring,2.7,No,Standard,No,21,Cash,Every 3 Months,False,False,True,90.0,New or occasional,0.3888888888888889
3264,56,50+,Female,Shorts,Clothing,68,Vermont,Fall,4.4,No,Express,No,31,Debit Card,Fortnightly,False,False,True,14.0,Loyal high-value,4.857142857142857
3265,28,25-34,Female,Pants,Clothing,50,Maine,Winter,4.0,No,Express,No,39,Cash,Bi-Weekly,False,False,True,14.0,New or occasional,3.5714285714285716
3266,40,35-49,Female,Sunglasses,Accessories,100,Alabama,Winter,3.2,No,Express,No,28,Credit Card,Fortnightly,False,False,True,14.0,Loyal high-value,7.142857142857143
3267,49,35-49,Female,Coat,Outerwear,74,Alabama,Winter,4.2,No,Next Day Air,No,33,Bank Transfer,Weekly,False,False,True,7.0,Loyal high-value,10.571428571428571
3268,37,35-49,Female,Hoodie,Clothing,45,Idaho,Winter,3.0,No,Store Pickup,No,42,Credit Card,Quarterly,False,False,True,90.0,New or occasional,0.5
3269,22,Under 25,Female,Dress,Clothing,97,Arkansas,Fall,2.8,No,Free Shipping,No,5,Bank Transfer,Every 3 Months,False,False,False,90.0,New or occasional,1.0777777777777777
3270,27,25-34,Female,Blouse,Clothing,60,Ohio,Winter,4.9,No,Express,No,25,Cash,Monthly,False,False,True,30.0,Loyal high-value,2.0
3271,59,50+,Female,Socks,Clothing,25,Illinois,Winter,4.7,No,Express,No,48,PayPal,Annually,False,False,True,30.0,New or occasional,0.8333333333333334
3272,35,35-49,Female,Socks,Clothing,55,Nevada,Spring,4.4,No,Standard,No,30,Credit Card,Weekly,False,False,True,7.0,New or occasional,7.857142857142857
3273,58,50+,Female,Shoes,Footwear,99,Texas,Winter,3.1,No,Next Day Air,No,34,PayPal,Quarterly,False,False,True,90.0,Loyal high-value,1.1
3274,58,50+,Female,Belt,Accessories,45,Nevada,Summer,2.6,No,Free Shipping,No,34,PayPal,Every 3 Months,False,False,True,90.0,New or occasional,0.5
3275,46,35-49,Female,Sweater,Clothing,20,Oklahoma,Spring,3.9,No,Store Pickup,No,14,Cash,Fortnightly,False,False,True,14.0,New or occasional,1.4285714285714286
3276,43,35-49,Female,Pants,Clothing,88,Alabama,Summer,2.6,No,2-Day Shipping,No,2,Debit Card,Weekly,False,False,False,7.0,New or occasional,12.571428571428571
3277,39,35-49,Female,Scarf,Accessories,99,South Dakota,Summer,4.0,No,Store Pickup,No,41,PayPal,Every 3 Months,False,False,True,90.0,Loyal high-value,1.1
3278,59,50+,Female,Skirt,Clothing,86,Texas,Spring,4.9,No,Store Pickup,No,3,Credit Card,Monthly,False,False,False,30.0,New or occasional,2.8666666666666667
3279,59,50+,Female,Dress,Clothing,70,Montana,Summer,3.3,No,2-Day Shipping,No,18,Bank Transfer,Weekly,False,False,True,7.0,New or occasional,10.0
3280,59,50+,Female,Hat,Accessories,50,Wyoming,Fall,3.0,No,Express,No,1,Debit Card,Fortnightly,False,False,False,14.0,New or occasional,3.5714285714285716
3281,45,35-49,Female,Handbag,Accessories,57,New York,Winter,2.7,No,Next Day Air,No,5,PayPal,Monthly,False,False,False,30.0,New or occasional,1.9
3282,27,25-34,Female,Pants,Clothing,69,Oregon,Winter,3.1,No,Free Shipping,No,41,Bank Transfer,Annually,False,False,True,30.0,Loyal high-value,2.3
3283,24,Under 25,Female,T-shirt,Clothing,94,California,Fall,4.8,No,Next Day Air,No,5,Credit Card,Monthly,False,False,False,30.0,New or occasional,3.1333333333333333
3284,47,35-49,Female,Jacket,Outerwear,24,North Carolina,Spring,2.9,No,Express,No,10,Debit Card,Every 3 Months,False,False,True,90.0,New or occasional,0.26666666666666666
3285,70,50+,Female,Scarf,Accessories,79,Kentucky,Spring,4.5,No,2-Day Shipping,No,20,Venmo,Annually,False,False,True,30.0,New or occasional,2.6333333333333333
3286,58,50+,Female,Hat,Accessories,31,Hawaii,Fall,4.6,No,Free Shipping,No,11,Cash,Weekly,False,False,True,7.0,New or occasional,4.428571428571429
3287,45,35-49,Female,Jacket,Outerwear,67,Illinois,Winter,5.0,No,Express,No,4,Venmo,Fortnightly,False,False,False,14.0,New or occasional,4.785714285714286
3288,24,Under 25,Female,Skirt,Clothing,63,West Virginia,Spring,4.3,No,2-Day Shipping,No,38,Credit Card,Weekly,False,False,True,7.0,Loyal high-value,9.0
3289,67,50+,Female,Handbag,Accessories,61,South Carolina,Spring,4.9,No,Next Day Air,No,19,Credit Card,Bi-Weekly,False,False,True,14.0,New or occasional,4.357142857142857
3290,31,25-34,Female,Backpack,Accessories,50,Montana,Summer,4.0,No,2-Day Shipping,No,16,Venmo,Every 3 Months,False,False,True,90.0,New or occasional,0.5555555555555556
3291,52,50+,Female,Coat,Outerwear,82,North Dakota,Spring,3.1,No,Free Shipping,No,2,PayPal,Monthly,False,False,False,30.0,New or occasional,2.7333333333333334
3292,29,25-34,Female,Belt,Accessories,51,New Mexico,Fall,2.6,No,2-Day Shipping,No,11,Cash,Monthly,False,False,True,30.0,New or occasional,1.7
3293,62,50+,Female,Handbag,Accessories,23,Missouri,Spring,4.9,No,Standard,No,18,Bank Transfer,Fortnightly,False,False,True,14.0,New or occasional,1.6428571428571428
3294,19,Under 25,Female,Coat,Outerwear,91,West Virginia,Spring,3.5,No,2-Day Shipping,No,47,Credit Card,Fortnightly,False,False,True,14.0,Loyal high-value,6.5
3295,62,50+,Female,Sweater,Clothing,60,South Carolina,Spring,4.5,No,Store Pickup,No,15,Bank Transfer,Bi-Weekly,False,False,True,14.0,New or occasional,4.285714285714286
3296,70,50+,Female,Blouse,Clothing,34,West Virginia,Summer,2.8,No,Next Day Air,No,15,Cash,Weekly,False,False,True,7.0,New or occasional,4.857142857142857
3297,20,Under 25,Female,Blouse,Clothing,23,Alaska,Spring,4.2,No,Next Day Air,No,47,Venmo,Quarterly,False,False,True,90.0,New or occasional,0.25555555555555554
3298,67,50+,Female,Belt,Accessories,82,West Virginia,Fall,4.1,No,Free Shipping,No,47,PayPal,Monthly,False,False,True,30.0,Loyal high-value,2.7333333333333334
3299,65,50+,Female,Jacket,Outerwear,73,New Mexico,Fall,3.5,No,Express,No,6,Bank Transfer,Every 3 Months,False,False,False,90.0,New or occasional,0.8111111111111111
3300,45,35-49,Female,Shorts,Clothing,32,South Dakota,Spring,4.0,No,2-Day Shipping,No,18,Venmo,Monthly,False,False,True,30.0,New or occasional,1.0666666666666667
3301,26,25-34,Female,Hat,Accessories,80,Oklahoma,Spring,4.0,No,Express,No,40,Bank Transfer,Bi-Weekly,False,False,True,14.0,Loyal high-value,5.714285714285714
3302,36,35-49,Female,Pants,Clothing,58,Oklahoma,Summer,2.5,No,Free Shipping,No,31,Credit Card,Fortnightly,False,False,True,14.0,New or occasional,4.142857142857143
3303,36,35-49,Female,Blouse,Clothing,82,Alabama,Winter,4.2,No,Standard,No,31,Venmo,Bi-Weekly,False,False,True,14.0,Loyal high-value,5.857142857142857
3304,20,Under 25,Female,Belt,Accessories,60,Mississippi,Summer,3.4,No,Next Day Air,No,4,Credit Card,Fortnightly,False,False,False,14.0,New or occasional,4.285714285714286
3305,30,25-34,Female,Handbag,Accessories,79,Mississippi,Fall,4.8,No,Next Day Air,No,36,Bank Transfer,Every 3 Months,False,False,True,90.0,Loyal high-value,0.8777777777777778
3306,34,25-34,Female,Hoodie,Clothing,41,Nebraska,Summer,4.9,No,Standard,No,31,PayPal,Bi-Weekly,False,False,True,14.0,New or occasional,2.9285714285714284
3307,63,50+,Female,Jacket,Outerwear,39,Colorado,Summer,3.6,No,Store Pickup,No,6,Venmo,Fortnightly,False,False,False,14.0,New or occasional,2.7857142857142856
3308,18,Under 25,Female,Scarf,Accessories,36,Pennsylvania,Winter,4.0,No,Store Pickup,No,1,Cash,Monthly,False,False,False,30.0,New or occasional,1.2
3309,55,50+,Female,Jeans,Clothing,70,Utah,Fall,2.6,No,Express,No,29,Cash,Monthly,False,False,True,30.0,Loyal high-value,2.3333333333333335
3310,48,35-49,Female,Handbag,Accessories,47,Massachusetts,Summer,3.1,No,Store Pickup,No,19,PayPal,Monthly,False,False,True,30.0,New or occasional,1.5666666666666667
3311,45,35-49,Female,Jacket,Outerwear,27,Iowa,Winter,3.6,No,Free Shipping,No,12,PayPal,Fortnightly,False,False,True,14.0,New or occasional,1.9285714285714286
3312,29,25-34,Female,Hat,Accessories,52,Florida,Summer,4.0,No,Express,No,18,Bank Transfer,Annually,False,False,True,30.0,New or occasional,1.7333333333333334
3313,55,50+,Female,Sneakers,Footwear,75,Louisiana,Summer,3.9,No,Next Day Air,No,45,Cash,Quarterly,False,False,True,90.0,Loyal high-value,0.8333333333333334
3314,55,50+,Female,Hat,Accessories,30,Kansas,Fall,3.9,No,Express,No,45,Credit Card,Monthly,False,False,True,30.0,New or occasional,1.0
3315,55,50+,Female,Socks,Clothing,94,Kansas,Spring,3.3,No,Standard,No,8,Credit Card,Quarterly,False,False,False,90.0,New or occasional,1.0444444444444445
3316,48,35-49,Female,Scarf,Accessories,68,Kentucky,Summer,2.9,No,Standard,No,4,PayPal,Every 3 Months,False,False,False,90.0,New or occasional,0.7555555555555555
3317,42,35-49,Female,Socks,Clothing,45,New Mexico,Summer,3.1,No,Free Shipping,No,5,Debit Card,Fortnightly,False,False,False,14.0,New or occasional,3.2142857142857144
3318,21,Under 25,Female,Hat,Accessories,67,North Carolina,Summer,4.7,No,Standard,No,30,Cash,Quarterly,False,False,True,90.0,Loyal high-value,0.7444444444444445
3319,45,35-49,Female,Jacket,Outerwear,46,North Dakota,Summer,3.9,No,Free Shipping,No,15,PayPal,Monthly,False,False,True,30.0,New or occasional,1.5333333333333334
3320,23,Under 25,Female,Shorts,Clothing,31,North Dakota,Summer,4.3,No,Next Day Air,No,17,Credit Card,Every 3 Months,False,False,True,90.0,New or occasional,0.34444444444444444
3321,66,50+,Female,Blouse,Clothing,44,Illinois,Fall,4.2,No,2-Day Shipping,No,45,Cash,Every 3 Months,False,False,True,90.0,New or occasional,0.4888888888888889
3322,32,25-34,Female,Coat,Outerwear,100,Maine,Winter,4.3,No,Next Day Air,No,3,Venmo,Annually,False,False,False,30.0,New or occasional,3.3333333333333335
3323,52,50+,Female,Sweater,Clothing,92,Indiana,Winter,4.6,No,Next Day Air,No,43,PayPal,Weekly,False,False,True,7.0,Loyal high-value,13.142857142857142
3324,54,50+,Female,Handbag,Accessories,78,North Dakota,Winter,3.8,No,Free Shipping,No,4,Credit Card,Monthly,False,False,False,30.0,New or occasional,2.6
3325,37,35-49,Female,T-shirt,Clothing,32,Missouri,Fall,3.3,No,Standard,No,41,Venmo,Weekly,False,False,True,7.0,New or occasional,4.571428571428571
3326,29,25-34,Female,Sandals,Footwear,97,Alaska,Fall,3.7,No,2-Day Shipping,No,16,Venmo,Monthly,False,False,True,30.0,New or occasional,3.2333333333333334
3327,47,35-49,Female,Gloves,Accessories,95,North Dakota,Summer,4.3,No,Standard,No,10,Debit Card,Annually,False,False,True,30.0,New or occasional,3.1666666666666665
3328,47,35-49,Female,Shorts,Clothing,64,Connecticut,Spring,4.1,No,Express,No,2,Debit Card,Quarterly,False,False,False,90.0,New or occasional,0.7111111111111111
3329,42,35-49,Female,Sandals,Footwear,35,Wisconsin,Spring,3.2,No,Free Shipping,No,11,Cash,Bi-Weekly,False,False,True,14.0,New or occasional,2.5
3330,34,25-34,Female,Backpack,Accessories,54,New Jersey,Winter,3.8,No,Express,No,1,Debit Card,Bi-Weekly,False,False,False,14.0,New or occasional,3.857142857142857
3331,38,35-49,Female,Sneakers,Footwear,96,Missouri,Spring,3.2,No,2-Day Shipping,No,41,Bank Transfer,Quarterly,False,False,True,90.0,Loyal high-value,1.0666666666666667
3332,55,50+,Female,Sunglasses,Accessories,58,California,Summer,3.5,No,Free Shipping,No,39,PayPal,Quarterly,False,False,True,90.0,New or occasional,0.6444444444444445
3333,27,25-34,Female,T-shirt,Clothing,23,Washington,Summer,3.1,No,2-Day Shipping,No,1,PayPal,Bi-Weekly,False,False,False,14.0,New or occasional,1.6428571428571428
3334,55,50+,Female,Jeans,Clothing,35,Minnesota,Spring,4.2,No,Express,No,3,PayPal,Monthly,False,False,False,30.0,New or occasional,1.1666666666666667
3335,66,50+,Female,Shirt,Clothing,23,California,Summer,3.4,No,Free Shipping,No,21,Credit Card,Annually,False,False,True,30.0,New or occasional,0.7666666666666667
3336,44,35-49,Female,Hat,Accessories,94,Texas,Winter,3.5,No,Express,No,48,Bank Transfer,Quarterly,False,False,True,90.0,Loyal high-value,1.0444444444444445
3337,39,35-49,Female,Blouse,Clothing,45,Montana,Fall,4.0,No,Free Shipping,No,24,Debit Card,Annually,False,False,True,30.0,New or occasional,1.5
3338,23,Under 25,Female,Jacket,Outerwear,23,Arizona,Winter,4.4,No,2-Day Shipping,No,45,Bank Transfer,Bi-Weekly,False,False,True,14.0,New or occasional,1.6428571428571428
3339,29,25-34,Female,Skirt,Clothing,94,Minnesota,Winter,2.9,No,2-Day Shipping,No,46,Credit Card,Monthly,False,False,True,30.0,Loyal high-value,3.1333333333333333
3340,20,Under 25,Female,Gloves,Accessories,99,Nebraska,Fall,3.6,No,Store Pickup,No,35,Cash,Fortnightly,False,False,True,14.0,Loyal high-value,7.071428571428571
3341,42,35-49,Female,T-shirt,Clothing,36,Virginia,Fall,4.4,No,Free Shipping,No,47,Credit Card,Fortnightly,False,False,True,14.0,New or occasional,2.5714285714285716
3342,55,50+,Female,Jacket,Outerwear,50,Connecticut,Summer,4.5,No,Standard,No,35,Credit Card,Monthly,False,False,True,30.0,New or occasional,1.6666666666666667
3343,66,50+,Female,Jacket,Outerwear,81,New Jersey,Spring,3.8,No,Free Shipping,No,45,Credit Card,Weekly,False,False,True,7.0,Loyal high-value,11.571428571428571
3344,24,Under 25,Female,Shorts,Clothing,31,Kentucky,Winter,3.6,No,2-Day Shipping,No,6,Cash,Bi-Weekly,False,False,False,14.0,New or occasional,2.2142857142857144
3345,62,50+,Female,Hat,Accessories,48,Washington,Fall,4.3,No,Free Shipping,No,20,Cash,Annually,False,False,True,30.0,New or occasional,1.6
3346,28,25-34,Female,Handbag,Accessories,91,Florida,Summer,4.0,No,2-Day Shipping,No,3,Venmo,Bi-Weekly,False,False,False,14.0,New or occasional,6.5
3347,30,25-34,Female,Jeans,Clothing,99,Oklahoma,Summer,3.4,No,Express,No,30,Venmo,Quarterly,False,False,True,90.0,Loyal high-value,1.1
3348,22,Under 25,Female,Shoes,Footwear,70,Iowa,Summer,4.4,No,Standard,No,28,PayPal,Bi-Weekly,False,False,True,14.0,Loyal high-value,5.0
3349,28,25-34,Female,T-shirt,Clothing,74,New Hampshire,Winter,2.8,No,Standard,No,15,Cash,Every 3 Months,False,False,True,90.0,New or occasional,0.8222222222222222
3350,35,35-49,Female,Jewelry,Accessories,79,Georgia,Fall,2.8,No,Store Pickup,No,29,PayPal,Quarterly,False,False,True,90.0,Loyal high-value,0.8777777777777778
3351,45,35-49,Female,Handbag,Accessories,33,Mississippi,Fall,4.9,No,2-Day Shipping,No,15,Cash,Bi-Weekly,False,False,True,14.0,New or occasional,2.357142857142857
3352,43,35-49,Female,Shirt,Clothing,49,New Hampshire,Spring,4.2,No,2-Day Shipping,No,18,Bank Transfer,Fortnightly,False,False,True,14.0,New or occasional,3.5
3353,55,50+,Female,Belt,Accessories,96,Washington,Summer,2.9,No,Next Day Air,No,7,Bank Transfer,Bi-Weekly,False,False,False,14.0,New or occasional,6.857142857142857
3354,31,25-34,Female,Dress,Clothing,66,Ohio,Fall,4.6,No,Free Shipping,No,19,Credit Card,Every 3 Months,False,False,True,90.0,New or occasional,0.7333333333333333
3355,42,35-49,Female,Skirt,Clothing,45,Maryland,Fall,2.8,No,Next Day Air,No,15,PayPal,Weekly,False,False,True,7.0,New or occasional,6.428571428571429
3356,40,35-49,Female,Blouse,Clothing,28,Delaware,Spring,2.6,No,Store Pickup,No,3,Bank Transfer,Bi-Weekly,False,False,False,14.0,New or occasional,2.0
3357,39,35-49,Female,Jeans,Clothing,48,Tennessee,Summer,3.5,No,Store Pickup,No,13,PayPal,Bi-Weekly,False,False,True,14.0,New or occasional,3.4285714285714284
3358,41,35-49,Female,Hoodie,Clothing,67,Arkansas,Winter,3.5,No,Free Shipping,No,37,Credit Card,Monthly,False,False,True,30.0,Loyal high-value,2.2333333333333334
3359,56,50+,Female,T-shirt,Clothing,59,Tennessee,Fall,3.4,No,2-Day Shipping,No,26,Cash,Annually,False,False,True,30.0,New or occasional,1.9666666666666666
3360,43,35-49,Female,Sunglasses,Accessories,74,New Hampshire,Fall,3.9,No,Next Day Air,No,29,Debit Card,Monthly,False,False,True,30.0,Loyal high-value,2.466666666666667
3361,22,Under 25,Female,Jacket,Outerwear,81,Minnesota,Spring,3.3,No,2-Day Shipping,No,47,Cash,Every 3 Months,False,False,True,90.0,Loyal high-value,0.9
3362,47,35-49,Female,Shoes,Footwear,26,Florida,Spring,4.1,No,Free Shipping,No,47,Credit Card,Bi-Weekly,False,False,True,14.0,New or occasional,1.8571428571428572
3363,50,50+,Female,Handbag,Accessories,61,Tennessee,Summer,3.0,No,Next Day Air,No,48,Venmo,Fortnightly,False,False,True,14.0,Loyal high-value,4.357142857142857
3364,58,50+,Female,Sweater,Clothing,23,California,Winter,3.0,No,Next Day Air,No,46,Bank Transfer,Bi-Weekly,False,False,True,14.0,New or occasional,1.6428571428571428
3365,50,50+,Female,Scarf,Accessories,33,Oregon,Fall,3.2,No,Standard,No,7,Credit Card,Monthly,False,False,False,30.0,New or occasional,1.1
3366,43,35-49,Female,Skirt,Clothing,58,Tennessee,Fall,3.9,No,Express,No,45,Credit Card,Every 3 Months,False,False,True,90.0,New or occasional,0.6444444444444445
3367,38,35-49,Female,Gloves,Accessories,65,North Carolina,Spring,3.6,No,2-Day Shipping,No,47,Debit Card,Quarterly,False,False,True,90.0,Loyal high-value,0.7222222222222222
3368,44,35-49,Female,T-shirt,Clothing,48,Tennessee,Summer,3.1,No,Store Pickup,No,6,Venmo,Fortnightly,False,False,False,14.0,New or occasional,3.4285714285714284
3369,30,25-34,Female,Sandals,Footwear,25,Nebraska,Spring,4.8,No,Express,No,29,Bank Transfer,Every 3 Months,False,False,True,90.0,New or occasional,0.2777777777777778
3370,47,35-49,Female,Sweater,Clothing,51,Maine,Winter,3.8,No,2-Day Shipping,No,42,Cash,Monthly,False,False,True,30.0,New or occasional,1.7
3371,30,25-34,Female,Belt,Accessories,31,Illinois,Summer,2.8,No,Store Pickup,No,46,Cash,Fortnightly,False,False,True,14.0,New or occasional,2.2142857142857144
3372,49,35-49,Female,Hoodie,Clothing,99,Colorado,Winter,4.0,No,Next Day Air,No,28,PayPal,Annually,False,False,True,30.0,Loyal high-value,3.3
3373,56,50+,Female,Socks,Clothing,25,Pennsylvania,Winter,4.6,No,Free Shipping,No,14,Credit Card,Every 3 Months,False,False,True,90.0,New or occasional,0.2777777777777778
3374,70,50+,Female,Sandals,Footwear,52,Minnesota,Spring,3.5,No,Store Pickup,No,12,Debit Card,Every 3 Months,False,False,True,90.0,New or occasional,0.5777777777777777
3375,22,Under 25,Female,Blouse,Clothing,47,Nevada,Spring,3.7,No,2-Day Shipping,No,41,Debit Card,Annually,False,False,True,30.0,New or occasional,1.5666666666666667
3376,51,50+,Female,Boots,Footwear,98,Connecticut,Fall,4.9,No,Express,No,8,Credit Card,Annually,False,False,False,30.0,New or occasional,3.2666666666666666
3377,22,Under 25,Female,Hat,Accessories,46,Ohio,Winter,4.1,No,Store Pickup,No,24,Cash,Quarterly,False,False,True,90.0,New or occasional,0.5111111111111111
3378,37,35-49,Female,Shirt,Clothing,32,Kentucky,Winter,4.6,No,Next Day Air,No,18,PayPal,Fortnightly,False,False,True,14.0,New or occasional,2.2857142857142856
3379,49,35-49,Female,Shorts,Clothing,75,Minnesota,Fall,4.5,No,Next Day Air,No,6,Cash,Quarterly,False,False,False,90.0,New or occasional,0.8333333333333334
3380,61,50+,Female,Handbag,Accessories,51,Tennessee,Summer,5.0,No,Store Pickup,No,40,Cash,Weekly,False,False,True,7.0,New or occasional,7.285714285714286
3381,41,35-49,Female,Dress,Clothing,52,North Dakota,Summer,3.8,No,Standard,No,6,PayPal,Every 3 Months,False,False,False,90.0,New or occasional,0.5777777777777777
3382,57,50+,Female,Hat,Accessories,66,Minnesota,Winter,4.7,No,Standard,No,27,Credit Card,Quarterly,False,False,True,90.0,Loyal high-value,0.7333333333333333
3383,34,25-34,Female,Sweater,Clothing,35,Nebraska,Spring,2.8,No,Express,No,2,Bank Transfer,Weekly,False,False,False,7.0,New or occasional,5.0
3384,27,25-34,Female,Coat,Outerwear,43,Delaware,Fall,2.6,No,Next Day Air,No,39,Venmo,Bi-Weekly,False,False,True,14.0,New or occasional,3.0714285714285716
3385,39,35-49,Female,Hoodie,Clothing,24,Minnesota,Summer,3.8,No,Free Shipping,No,9,Venmo,Quarterly,False,False,False,90.0,New or occasional,0.26666666666666666
3386,62,50+,Female,Jewelry,Accessories,83,Rhode Island,Winter,2.8,No,Standard,No,16,Credit Card,Every 3 Months,False,False,True,90.0,New or occasional,0.9222222222222223
3387,34,25-34,Female,T-shirt,Clothing,62,Michigan,Fall,2.6,No,2-Day Shipping,No,36,Cash,Quarterly,False,False,True,90.0,Loyal high-value,0.6888888888888889
3388,53,50+,Female,Pants,Clothing,78,New Jersey,Spring,3.4,No,2-Day Shipping,No,2,Credit Card,Bi-Weekly,False,False,False,14.0,New or occasional,5.571428571428571
3389,35,35-49,Female,Sweater,Clothing,61,South Dakota,Spring,4.5,No,Store Pickup,No,21,Credit Card,Weekly,False,False,True,7.0,New or occasional,8.714285714285714
3390,38,35-49,Female,Pants,Clothing,57,North Carolina,Fall,3.8,No,Free Shipping,No,39,Venmo,Annually,False,False,True,30.0,New or occasional,1.9
3391,32,25-34,Female,Socks,Clothing,70,Oregon,Summer,3.0,No,Next Day Air,No,38,PayPal,Annually,False,False,True,30.0,Loyal high-value,2.3333333333333335
3392,47,35-49,Female,Hoodie,Clothing,57,Montana,Fall,3.7,No,2-Day Shipping,No,6,Debit Card,Every 3 Months,False,False,False,90.0,New or occasional,0.6333333333333333
3393,53,50+,Female,Scarf,Accessories,74,New Jersey,Winter,4.4,No,Free Shipping,No,6,Venmo,Bi-Weekly,False,False,False,14.0,New or occasional,5.285714285714286
3394,60,50+,Female,Dress,Clothing,90,Arizona,Fall,3.1,No,Next Day Air,No,50,Debit Card,Monthly,False,False,True,30.0,Loyal high-value,3.0
3395,31,25-34,Female,Sandals,Footwear,98,Vermont,Spring,4.2,No,Store Pickup,No,9,PayPal,Annually,False,False,False,30.0,New or occasional,3.2666666666666666
3396,44,35-49,Female,Dress,Clothing,43,Colorado,Winter,3.1,No,Free Shipping,No,15,Debit Card,Every 3 Months,False,False,True,90.0,New or occasional,0.4777777777777778
3397,29,25-34,Female,Pants,Clothing,37,Tennessee,Winter,5.0,No,Next Day Air,No,5,PayPal,Quarterly,False,False,False,90.0,New or occasional,0.4111111111111111
3398,19,Under 25,Female,Blouse,Clothing,38,New Jersey,Summer,2.7,No,Standard,No,13,Bank Transfer,Bi-Weekly,False,False,True,14.0,New or occasional,2.7142857142857144
3399,54,50+,Female,Jeans,Clothing,60,Montana,Winter,3.8,No,Standard,No,44,Cash,Fortnightly,False,False,True,14.0,Loyal high-value,4.285714285714286
3400,40,35-49,Female,Pants,Clothing,55,Montana,Winter,3.3,No,Standard,No,36,Debit Card,Annually,False,False,True,30.0,New or occasional,1.8333333333333333
3401,39,35-49,Female,Sunglasses,Accessories,51,Nevada,Fall,4.8,No,Free Shipping,No,18,Venmo,Fortnightly,False,False,True,14.0,New or occasional,3.642857142857143
3402,44,35-49,Female,Backpack,Accessories,71,Nevada,Winter,3.4,No,Standard,No,39,Credit Card,Weekly,False,False,True,7.0,Loyal high-value,10.142857142857142
3403,22,Under 25,Female,Hoodie,Clothing,61,Louisiana,Spring,4.4,No,2-Day Shipping,No,11,PayPal,Every 3 Months,False,False,True,90.0,New or occasional,0.6777777777777778
3404,30,25-34,Female,Boots,Footwear,65,Illinois,Summer,3.9,No,Standard,No,1,Cash,Bi-Weekly,False,False,False,14.0,New or occasional,4.642857142857143
3405,69,50+,Female,Gloves,Accessories,34,South Carolina,Fall,3.9,No,2-Day Shipping,No,34,Credit Card,Annually,False,False,True,30.0,New or occasional,1.1333333333333333
3406,28,25-34,Female,Blouse,Clothing,87,Washington,Summer,4.2,No,Store Pickup,No,47,Bank Transfer,Bi-Weekly,False,False,True,14.0,Loyal high-value,6.214285714285714
3407,57,50+,Female,Sweater,Clothing,79,Nebraska,Spring,4.0,No,Store Pickup,No,24,Venmo,Quarterly,False,False,True,90.0,New or occasional,0.8777777777777778
3408,46,35-49,Female,Dress,Clothing,46,Alabama,Spring,2.6,No,Store Pickup,No,20,Cash,Quarterly,False,False,True,90.0,New or occasional,0.5111111111111111
3409,48,35-49,Female,Socks,Clothing,72,Montana,Summer,4.4,No,Standard,No,11,Bank Transfer,Annually,False,False,True,30.0,New or occasional,2.4
3410,24,Under 25,Female,Shirt,Clothing,93,Minnesota,Summer,3.2,No,Next Day Air,No,3,Credit Card,Every 3 Months,False,False,False,90.0,New or occasional,1.0333333333333334
3411,50,50+,Female,Sandals,Footwear,76,Ohio,Summer,4.3,No,Free Shipping,No,38,Bank Transfer,Bi-Weekly,False,False,True,14.0,Loyal high-value,5.428571428571429
3412,29,25-34,Female,Shoes,Footwear,56,New York,Winter,4.9,No,2-Day Shipping,No,45,Cash,Weekly,False,False,True,7.0,New or occasional,8.0
3413,61,50+,Female,Sandals,Footwear,83,Indiana,Fall,3.8,No,Store Pickup,No,31,Venmo,Quarterly,False,False,True,90.0,Loyal high-value,0.9222222222222223
3414,34,25-34,Female,Gloves,Accessories,90,Delaware,Winter,2.5,No,Express,No,16,PayPal,Bi-Weekly,False,False,True,14.0,New or occasional,6.428571428571429
3415,27,25-34,Female,Boots,Footwear,94,Connecticut,Spring,4.9,No,Next Day Air,No,3,Bank Transfer,Quarterly,False,False,False,90.0,New or occasional,1.0444444444444445
3416,38,35-49,Female,Blouse,Clothing,68,New York,Fall,3.0,No,2-Day Shipping,No,15,Bank Transfer,Annually,False,False,True,30.0,New or occasional,2.2666666666666666
3417,25,25-34,Female,Sandals,Footwear,53,Alabama,Spring,3.2,No,Store Pickup,No,11,Bank Transfer,Every 3 Months,False,False,True,90.0,New or occasional,0.5888888888888889
3418,54,50+,Female,Coat,Outerwear,35,Massachusetts,Summer,2.9,No,2-Day Shipping,No,22,Debit Card,Fortnightly,False,False,True,14.0,New or occasional,2.5
3419,53,50+,Female,Jacket,Outerwear,30,South Carolina,Summer,2.8,No,Free Shipping,No,35,Debit Card,Annually,False,False,True,30.0,New or occasional,1.0
3420,23,Under 25,Female,Jewelry,Accessories,26,West Virginia,Winter,3.1,No,Store Pickup,No,5,Venmo,Bi-Weekly,False,False,False,14.0,New or occasional,1.8571428571428572
3421,19,Under 25,Female,Hat,Accessories,60,Kentucky,Winter,3.4,No,Express,No,35,PayPal,Bi-Weekly,False,False,True,14.0,Loyal high-value,4.285714285714286
3422,57,50+,Female,Shoes,Footwear,30,New Jersey,Summer,2.9,No,Free Shipping,No,27,PayPal,Weekly,False,False,True,7.0,New or occasional,4.285714285714286
3423,19,Under 25,Female,Coat,Outerwear,91,New York,Winter,3.2,No,Next Day Air,No,9,Venmo,Monthly,False,False,False,30.0,New or occasional,3.033333333333333
3424,33,25-34,Female,Boots,Footwear,71,Massachusetts,Spring,3.8,No,Next Day Air,No,21,PayPal,Bi-Weekly,False,False,True,14.0,New or occasional,5.071428571428571
3425,33,25-34,Female,Scarf,Accessories,64,Florida,Summer,3.6,No,2-Day Shipping,No,23,Credit Card,Monthly,False,False,True,30.0,New or occasional,2.1333333333333333
3426,38,35-49,Female,Hat,Accessories,54,Michigan,Summer,4.3,No,Next Day Air,No,3,Debit Card,Bi-Weekly,False,False,False,14.0,New or occasional,3.857142857142857
3427,47,35-49,Female,Socks,Clothing,35,Oregon,Fall,4.8,No,2-Day Shipping,No,31,Credit Card,Annually,False,False,True,30.0,New or occasional,1.1666666666666667
3428,39,35-49,Female,T-shirt,Clothing,38,Michigan,Winter,2.5,No,Store Pickup,No,44,Cash,Annually,False,False,True,30.0,New or occasional,1.2666666666666666
3429,32,25-34,Female,Jewelry,Accessories,69,Washington,Fall,2.5,No,Next Day Air,No,20,Venmo,Monthly,False,False,True,30.0,New or occasional,2.3
3430,27,25-34,Female,Skirt,Clothing,96,Alaska,Winter,4.6,No,Express,No,34,Debit Card,Weekly,False,False,True,7.0,Loyal high-value,13.714285714285714
3431,67,50+,Female,Socks,Clothing,73,Montana,Winter,4.2,No,Next Day Air,No,17,Bank Transfer,Every 3 Months,False,False,True,90.0,New or occasional,0.8111111111111111
3432,46,35-49,Female,Belt,Accessories,49,New Mexico,Summer,4.2,No,Express,No,20,Venmo,Annually,False,False,True,30.0,New or occasional,1.6333333333333333
3433,36,35-49,Female,Boots,Footwear,44,Connecticut,Summer,4.8,No,2-Day Shipping,No,46,PayPal,Every 3 Months,False,False,True,90.0,New or occasional,0.4888888888888889
3434,62,50+,Female,Socks,Clothing,93,Alaska,Spring,4.5,No,Free Shipping,No,28,PayPal,Annually,False,False,True,30.0,Loyal high-value,3.1
3435,31,25-34,Female,Pants,Clothing,72,Ohio,Summer,3.3,No,2-Day Shipping,No,6,Venmo,Fortnightly,False,False,False,14.0,New or occasional,5.142857142857143
3436,68,50+,Female,Socks,Clothing,91,Montana,Summer,2.7,No,2-Day Shipping,No,50,Debit Card,Bi-Weekly,False,False,True,14.0,Loyal high-value,6.5
3437,57,50+,Female,Belt,Accessories,83,Nebraska,Winter,2.8,No,2-Day Shipping,No,41,Bank Transfer,Monthly,False,False,True,30.0,Loyal high-value,2.7666666666666666
3438,22,Under 25,Female,Jacket,Outerwear,62,Oklahoma,Winter,3.5,No,2-Day Shipping,No,50,PayPal,Annually,False,False,True,30.0,Loyal high-value,2.066666666666667
3439,26,25-34,Female,Shirt,Clothing,71,Kentucky,Fall,3.0,No,Store Pickup,No,33,Credit Card,Monthly,False,False,True,30.0,Loyal high-value,2.3666666666666667
3440,43,35-49,Female,Gloves,Accessories,93,Idaho,Summer,4.5,No,Express,No,25,Venmo,Quarterly,False,False,True,90.0,Loyal high-value,1.0333333333333334
3441,45,35-49,Female,Handbag,Accessories,63,Maryland,Fall,4.3,No,2-Day Shipping,No,2,PayPal,Weekly,False,False,False,7.0,New or occasional,9.0
3442,64,50+,Female,Sweater,Clothing,96,Tennessee,Fall,4.1,No,Standard,No,15,Credit Card,Annually,False,False,True,30.0,New or occasional,3.2
3443,28,25-34,Female,Skirt,Clothing,78,Michigan,Spring,4.3,No,Next Day Air,No,12,PayPal,Weekly,False,False,True,7.0,New or occasional,11.142857142857142
3444,47,35-49,Female,Dress,Clothing,24,Tennessee,Summer,5.0,No,Free Shipping,No,28,Cash,Bi-Weekly,False,False,True,14.0,New or occasional,1.7142857142857142
3445,53,50+,Female,Pants,Clothing,63,Rhode Island,Summer,3.8,No,2-Day Shipping,No,12,Bank Transfer,Bi-Weekly,False,False,True,14.0,New or occasional,4.5
3446,42,35-49,Female,Hat,Accessories,58,Florida,Fall,4.9,No,Standard,No,3,Debit Card,Annually,False,False,False,30.0,New or occasional,1.9333333333333333
3447,51,50+,Female,Boots,Footwear,55,Louisiana,Spring,5.0,No,2-Day Shipping,No,20,Cash,Weekly,False,False,True,7.0,New or occasional,7.857142857142857
3448,62,50+,Female,Sandals,Footwear,58,Arkansas,Fall,4.3,No,Express,No,3,Bank Transfer,Bi-Weekly,False,False,False,14.0,New or occasional,4.142857142857143
3449,18,Under 25,Female,Coat,Outerwear,28,Kentucky,Winter,4.1,No,Express,No,32,Bank Transfer,Fortnightly,False,False,True,14.0,New or occasional,2.0
3450,48,35-49,Female,Blouse,Clothing,37,Kansas,Spring,4.5,No,Standard,No,35,Cash,Monthly,False,False,True,30.0,New or occasional,1.2333333333333334
3451,20,Under 25,Female,Shorts,Clothing,78,Vermont,Spring,3.6,No,Store Pickup,No,31,PayPal,Monthly,False,False,True,30.0,Loyal high-value,2.6
3452,32,25-34,Female,Blouse,Clothing,73,Nevada,Fall,3.0,No,Free Shipping,No,13,Credit Card,Annually,False,False,True,30.0,New or occasional,2.433333333333333
3453,26,25-34,Female,Jacket,Outerwear,20,Oklahoma,Spring,3.7,No,Next Day Air,No,3,Venmo,Fortnightly,False,False,False,14.0,New or occasional,1.4285714285714286
3454,31,25-34,Female,Shirt,Clothing,60,Alabama,Winter,4.3,No,Standard,No,48,Venmo,Bi-Weekly,False,False,True,14.0,Loyal high-value,4.285714285714286
3455,55,50+,Female,Handbag,Accessories,71,Louisiana,Fall,4.6,No,Store Pickup,No,15,PayPal,Bi-Weekly,False,False,True,14.0,New or occasional,5.071428571428571
3456,49,35-49,Female,T-shirt,Clothing,89,Ohio,Fall,4.7,No,Standard,No,13,Venmo,Annually,False,False,True,30.0,New or occasional,2.966666666666667
3457,42,35-49,Female,Hoodie,Clothing,53,Texas,Fall,4.6,No,Express,No,21,Venmo,Monthly,False,False,True,30.0,New or occasional,1.7666666666666666
3458,64,50+,Female,Jewelry,Accessories,87,Maryland,Summer,3.0,No,Express,No,29,Cash,Fortnightly,False,False,True,14.0,Loyal high-value,6.214285714285714
3459,68,50+,Female,Jewelry,Accessories,37,West Virginia,Spring,3.4,No,Standard,No,24,Venmo,Quarterly,False,False,True,90.0,New or occasional,0.4111111111111111
3460,68,50+,Female,Hoodie,Clothing,37,Ohio,Fall,3.8,No,Express,No,21,PayPal,Annually,False,False,True,30.0,New or occasional,1.2333333333333334
3461,41,35-49,Female,Scarf,Accessories,78,Indiana,Spring,3.1,No,Express,No,5,Bank Transfer,Bi-Weekly,False,False,False,14.0,New or occasional,5.571428571428571
3462,51,50+,Female,Shoes,Footwear,23,Wyoming,Spring,4.4,No,Standard,No,47,Cash,Quarterly,False,False,True,90.0,New or occasional,0.25555555555555554
3463,44,35-49,Female,Jeans,Clothing,73,Michigan,Spring,4.5,No,Standard,No,34,Credit Card,Every 3 Months,False,False,True,90.0,Loyal high-value,0.8111111111111111
3464,27,25-34,Female,Jewelry,Accessories,27,Maine,Fall,2.8,No,2-Day Shipping,No,45,PayPal,Fortnightly,False,False,True,14.0,New or occasional,1.9285714285714286
3465,36,35-49,Female,Coat,Outerwear,59,Utah,Winter,2.7,No,Next Day Air,No,12,PayPal,Annually,False,False,True,30.0,New or occasional,1.9666666666666666
3466,19,Under 25,Female,Backpack,Accessories,53,Iowa,Spring,3.4,No,Standard,No,31,Debit Card,Weekly,False,False,True,7.0,New or occasional,7.571428571428571
3467,49,35-49,Female,Socks,Clothing,42,Maryland,Summer,4.6,No,Standard,No,43,Bank Transfer,Annually,False,False,True,30.0,New or occasional,1.4
3468,18,Under 25,Female,Scarf,Accessories,45,Texas,Fall,5.0,No,Next Day Air,No,5,Credit Card,Annually,False,False,False,30.0,New or occasional,1.5
3469,36,35-49,Female,Sunglasses,Accessories,89,Ohio,Winter,3.5,No,Standard,No,36,Debit Card,Quarterly,False,False,True,90.0,Loyal high-value,0.9888888888888889
3470,36,35-49,Female,Socks,Clothing,85,North Dakota,Fall,3.3,No,Store Pickup,No,12,Cash,Annually,False,False,True,30.0,New or occasional,2.8333333333333335
3471,19,Under 25,Female,Coat,Outerwear,69,West Virginia,Summer,4.5,No,Free Shipping,No,31,Cash,Bi-Weekly,False,False,True,14.0,Loyal high-value,4.928571428571429
3472,43,35-49,Female,Sandals,Footwear,66,North Carolina,Spring,3.1,No,Store Pickup,No,31,Cash,Bi-Weekly,False,False,True,14.0,Loyal high-value,4.714285714285714
3473,31,25-34,Female,Blouse,Clothing,42,Georgia,Summer,4.0,No,Free Shipping,No,15,Debit Card,Weekly,False,False,True,7.0,New or occasional,6.0
3474,63,50+,Female,Dress,Clothing,40,Kansas,Spring,2.5,No,Express,No,11,Cash,Weekly,False,False,True,7.0,New or occasional,5.714285714285714
3475,41,35-49,Female,Pants,Clothing,82,Maine,Winter,4.4,No,Store Pickup,No,18,Venmo,Monthly,False,False,True,30.0,New or occasional,2.7333333333333334
3476,48,35-49,Female,Sneakers,Footwear,88,South Carolina,Spring,4.4,No,Express,No,9,Cash,Quarterly,False,False,False,90.0,New or occasional,0.9777777777777777
3477,68,50+,Female,Boots,Footwear,99,South Carolina,Summer,3.2,No,Free Shipping,No,11,Cash,Weekly,False,False,True,7.0,New or occasional,14.142857142857142
3478,53,50+,Female,Handbag,Accessories,85,Kentucky,Spring,3.8,No,Store Pickup,No,38,Debit Card,Bi-Weekly,False,False,True,14.0,Loyal high-value,6.071428571428571
3479,36,35-49,Female,Handbag,Accessories,57,Arizona,Fall,4.6,No,Store Pickup,No,42,PayPal,Quarterly,False,False,True,90.0,New or occasional,0.6333333333333333
3480,46,35-49,Female,Sweater,Clothing,56,New York,Summer,4.9,No,Standard,No,41,Cash,Monthly,False,False,True,30.0,New or occasional,1.8666666666666667
3481,21,Under 25,Female,Sandals,Footwear,79,New Hampshire,Winter,3.5,No,Free Shipping,No,45,PayPal,Monthly,False,False,True,30.0,Loyal high-value,2.6333333333333333
3482,52,50+,Female,Socks,Clothing,67,Ohio,Summer,3.4,No,Store Pickup,No,41,Debit Card,Bi-Weekly,False,False,True,14.0,Loyal high-value,4.785714285714286
3483,66,50+,Female,Gloves,Accessories,61,Hawaii,Winter,3.9,No,Next Day Air,No,35,Debit Card,Weekly,False,False,True,7.0,Loyal high-value,8.714285714285714
3484,19,Under 25,Female,Hoodie,Clothing,37,Texas,Winter,3.9,No,Express,No,21,Credit Card,Every 3 Months,False,False,True,90.0,New or occasional,0.4111111111111111
3485,44,35-49,Female,Dress,Clothing,75,Illinois,Fall,4.2,No,Free Shipping,No,13,Credit Card,Bi-Weekly,False,False,True,14.0,New or occasional,5.357142857142857
3486,50,50+,Female,Shirt,Clothing,21,Massachusetts,Winter,3.4,No,Standard,No,23,Debit Card,Fortnightly,False,False,True,14.0,New or occasional,1.5
3487,51,50+,Female,Shorts,Clothing,89,North Carolina,Winter,4.9,No,Standard,No,6,PayPal,Weekly,False,False,False,7.0,New or occasional,12.714285714285714
3488,25,25-34,Female,Sandals,Footwear,24,West Virginia,Fall,2.9,No,Store Pickup,No,39,Bank Transfer,Annually,False,False,True,30.0,New or occasional,0.8
3489,62,50+,Female,Sweater,Clothing,27,Delaware,Spring,4.9,No,Store Pickup,No,7,Cash,Quarterly,False,False,False,90.0,New or occasional,0.3
3490,48,35-49,Female,Dress,Clothing,26,Idaho,Summer,4.6,No,2-Day Shipping,No,32,PayPal,Every 3 Months,False,False,True,90.0,New or occasional,0.28888888888888886
3491,62,50+,Female,Boots,Footwear,82,Oregon,Spring,3.6,No,Store Pickup,No,43,Credit Card,Quarterly,False,False,True,90.0,Loyal high-value,0.9111111111111111
3492,22,Under 25,Female,Pants,Clothing,28,Maine,Winter,4.3,No,Express,No,15,Cash,Monthly,False,False,True,30.0,New or occasional,0.9333333333333333
3493,48,35-49,Female,Gloves,Accessories,65,South Dakota,Fall,4.6,No,Standard,No,48,Bank Transfer,Annually,False,False,True,30.0,Loyal high-value,2.1666666666666665
3494,48,35-49,Female,Pants,Clothing,82,New Mexico,Winter,4.7,No,Store Pickup,No,35,Credit Card,Weekly,False,False,True,7.0,Loyal high-value,11.714285714285714
3495,62,50+,Female,Scarf,Accessories,38,Washington,Winter,3.5,No,Free Shipping,No,41,PayPal,Quarterly,False,False,True,90.0,New or occasional,0.4222222222222222
3496,24,Under 25,Female,Shorts,Clothing,33,Georgia,Spring,2.8,No,Free Shipping,No,14,Cash,Weekly,False,False,True,7.0,New or occasional,4.714285714285714
3497,39,35-49,Female,Shoes,Footwear,38,Idaho,Summer,4.0,No,Free Shipping,No,22,PayPal,Monthly,False,False,True,30.0,New or occasional,1.2666666666666666
3498,35,35-49,Female,Handbag,Accessories,48,Colorado,Spring,4.3,No,Store Pickup,No,16,Venmo,Every 3 Months,False,False,True,90.0,New or occasional,0.5333333333333333
3499,47,35-49,Female,Sandals,Footwear,35,Kentucky,Summer,3.8,No,Standard,No,2,Bank Transfer,Bi-Weekly,False,False,False,14.0,New or occasional,2.5
3500,22,Under 25,Female,Socks,Clothing,29,New Jersey,Fall,3.0,No,Next Day Air,No,13,PayPal,Every 3 Months,False,False,True,90.0,New or occasional,0.32222222222222224
3501,38,35-49,Female,Shirt,Clothing,48,Oregon,Fall,4.6,No,Next Day Air,No,38,Debit Card,Fortnightly,False,False,True,14.0,New or occasional,3.4285714285714284
3502,53,50+,Female,Shoes,Footwear,87,Nebraska,Fall,4.8,No,Standard,No,43,Bank Transfer,Weekly,False,False,True,7.0,Loyal high-value,12.428571428571429
3503,31,25-34,Female,Backpack,Accessories,62,Massachusetts,Fall,4.7,No,Next Day Air,No,26,Bank Transfer,Quarterly,False,False,True,90.0,Loyal high-value,0.6888888888888889
3504,31,25-34,Female,Shirt,Clothing,96,Nebraska,Spring,3.9,No,Free Shipping,No,39,Cash,Weekly,False,False,True,7.0,Loyal high-value,13.714285714285714
3505,65,50+,Female,Handbag,Accessories,41,Hawaii,Fall,4.0,No,Next Day Air,No,50,Venmo,Monthly,False,False,True,30.0,New or occasional,1.3666666666666667
3506,48,35-49,Female,Jewelry,Accessories,42,Indiana,Winter,3.7,No,2-Day Shipping,No,40,Bank Transfer,Every 3 Months,False,False,True,90.0,New or occasional,0.4666666666666667
3507,18,Under 25,Female,Shirt,Clothing,57,Illinois,Winter,3.7,No,2-Day Shipping,No,12,Cash,Fortnightly,False,False,True,14.0,New or occasional,4.071428571428571
3508,46,35-49,Female,Handbag,Accessories,65,Colorado,Spring,4.2,No,Store Pickup,No,33,Credit Card,Every 3 Months,False,False,True,90.0,Loyal high-value,0.7222222222222222
3509,52,50+,Female,Pants,Clothing,54,Pennsylvania,Fall,4.7,No,Standard,No,49,Bank Transfer,Weekly,False,False,True,7.0,New or occasional,7.714285714285714
3510,50,50+,Female,T-shirt,Clothing,22,Ohio,Winter,4.3,No,Next Day Air,No,43,Venmo,Bi-Weekly,False,False,True,14.0,New or occasional,1.5714285714285714
3511,49,35-49,Female,Sneakers,Footwear,96,Pennsylvania,Fall,4.9,No,2-Day Shipping,No,14,Venmo,Monthly,False,False,True,30.0,New or occasional,3.2
3512,69,50+,Female,Jewelry,Accessories,81,Mississippi,Summer,3.9,No,2-Day Shipping,No,21,Credit Card,Every 3 Months,False,False,True,90.0,New or occasional,0.9
3513,36,35-49,Female,Shirt,Clothing,46,Kentucky,Fall,3.4,No,Free Shipping,No,31,Debit Card,Quarterly,False,False,True,90.0,New or occasional,0.5111111111111111
3514,30,25-34,Female,Blouse,Clothing,74,Alaska,Spring,4.2,No,Store Pickup,No,29,Credit Card,Fortnightly,False,False,True,14.0,Loyal high-value,5.285714285714286
3515,25,25-34,Female,Sneakers,Footwear,50,Georgia,Winter,4.7,No,Express,No,32,Cash,Monthly,False,False,True,30.0,New or occasional,1.6666666666666667
3516,19,Under 25,Female,Dress,Clothing,80,South Dakota,Winter,4.0,No,Next Day Air,No,16,Debit Card,Bi-Weekly,False,False,True,14.0,New or occasional,5.714285714285714
3517,34,25-34,Female,Boots,Footwear,56,South Carolina,Summer,4.0,No,Free Shipping,No,38,PayPal,Bi-Weekly,False,False,True,14.0,New or occasional,4.0
3518,29,25-34,Female,Skirt,Clothing,69,Tennessee,Winter,3.1,No,Next Day Air,No,34,Debit Card,Every 3 Months,False,False,True,90.0,Loyal high-value,0.7666666666666667
3519,50,50+,Female,Shirt,Clothing,97,Colorado,Spring,4.2,No,Standard,No,30,PayPal,Quarterly,False,False,True,90.0,Loyal high-value,1.0777777777777777
3520,31,25-34,Female,Shorts,Clothing,66,Wisconsin,Winter,3.7,No,Next Day Air,No,14,Bank Transfer,Fortnightly,False,False,True,14.0,New or occasional,4.714285714285714
3521,41,35-49,Female,Hat,Accessories,70,Georgia,Spring,3.1,No,Express,No,33,Bank Transfer,Monthly,False,False,True,30.0,Loyal high-value,2.3333333333333335
3522,52,50+,Female,Shoes,Footwear,50,Maryland,Winter,3.7,No,Store Pickup,No,35,Venmo,Weekly,False,False,True,7.0,New or occasional,7.142857142857143
3523,27,25-34,Female,Pants,Clothing,85,New Jersey,Spring,3.2,No,Store Pickup,No,13,Cash,Quarterly,False,False,True,90.0,New or occasional,0.9444444444444444
3524,49,35-49,Female,Backpack,Accessories,59,Nevada,Summer,2.8,No,Standard,No,30,Cash,Fortnightly,False,False,True,14.0,New or occasional,4.214285714285714
3525,69,50+,Female,Pants,Clothing,74,Michigan,Summer,2.9,No,Free Shipping,No,30,Credit Card,Monthly,False,False,True,30.0,Loyal high-value,2.466666666666667
3526,45,35-49,Female,Sunglasses,Accessories,38,Wyoming,Winter,3.5,No,Standard,No,47,Bank Transfer,Annually,False,False,True,30.0,New or occasional,1.2666666666666666
3527,20,Under 25,Female,Sweater,Clothing,99,Massachusetts,Spring,3.8,No,Express,No,1,PayPal,Every 3 Months,False,False,False,90.0,New or occasional,1.1
3528,25,25-34,Female,Blouse,Clothing,97,Washington,Spring,4.7,No,Free Shipping,No,1,Cash,Weekly,False,False,False,7.0,New or occasional,13.857142857142858
3529,38,35-49,Female,Scarf,Accessories,67,Maine,Summer,4.5,No,Free Shipping,No,33,PayPal,Annually,False,False,True,30.0,Loyal high-value,2.2333333333333334
3530,55,50+,Female,T-shirt,Clothing,20,Montana,Winter,3.9,No,Next Day Air,No,43,Bank Transfer,Weekly,False,False,True,7.0,New or occasional,2.857142857142857
3531,62,50+,Female,Sunglasses,Accessories,45,Oklahoma,Spring,3.4,No,Express,No,37,PayPal,Weekly,False,False,True,7.0,New or occasional,6.428571428571429
3532,54,50+,Female,Shoes,Footwear,52,North Dakota,Winter,4.6,No,2-Day Shipping,No,23,Cash,Quarterly,False,False,True,90.0,New or occasional,0.5777777777777777
3533,61,50+,Female,Pants,Clothing,68,Connecticut,Fall,4.6,No,Standard,No,12,Credit Card,Annually,False,False,True,30.0,New or occasional,2.2666666666666666
3534,50,50+,Female,Sneakers,Footwear,98,Texas,Fall,4.7,No,Standard,No,30,Venmo,Fortnightly,False,False,True,14.0,Loyal high-value,7.0
3535,65,50+,Female,Shoes,Footwear,83,Delaware,Fall,3.2,No,Express,No,7,Cash,Weekly,False,False,False,7.0,New or occasional,11.857142857142858
3536,68,50+,Female,Shorts,Clothing,51,Mississippi,Summer,5.0,No,Express,No,20,Debit Card,Monthly,False,False,True,30.0,New or occasional,1.7
3537,55,50+,Female,Handbag,Accessories,21,Minnesota,Spring,4.5,No,Express,No,10,Venmo,Monthly,False,False,True,30.0,New or occasional,0.7
3538,57,50+,Female,Handbag,Accessories,92,Georgia,Spring,3.5,No,Standard,No,40,Credit Card,Every 3 Months,False,False,True,90.0,Loyal high-value,1.0222222222222221
3539,56,50+,Female,Shoes,Footwear,63,Iowa,Spring,4.5,No,Store Pickup,No,21,Venmo,Monthly,False,False,True,30.0,New or occasional,2.1
3540,29,25-34,Female,Jewelry,Accessories,56,New York,Spring,3.2,No,Express,No,17,Credit Card,Bi-Weekly,False,False,True,14.0,New or occasional,4.0
3541,24,Under 25,Female,Shorts,Clothing,95,Nevada,Spring,4.6,No,Free Shipping,No,5,Bank Transfer,Weekly,False,False,False,7.0,New or occasional,13.571428571428571
3542,59,50+,Female,Blouse,Clothing,66,Virginia,Winter,4.0,No,Next Day Air,No,22,PayPal,Annually,False,False,True,30.0,New or occasional,2.2
3543,62,50+,Female,Coat,Outerwear,28,Idaho,Spring,4.2,No,Express,No,5,Venmo,Weekly,False,False,False,7.0,New or occasional,4.0
3544,58,50+,Female,Hat,Accessories,83,Colorado,Winter,4.1,No,Standard,No,18,PayPal,Every 3 Months,False,False,True,90.0,New or occasional,0.9222222222222223
3545,64,50+,Female,Socks,Clothing,55,Wisconsin,Fall,3.6,No,2-Day Shipping,No,42,Cash,Every 3 Months,False,False,True,90.0,New or occasional,0.6111111111111112
3546,48,35-49,Female,Sandals,Footwear,28,Connecticut,Spring,3.7,No,2-Day Shipping,No,22,Debit Card,Annually,False,False,True,30.0,New or occasional,0.9333333333333333
3547,60,50+,Female,Scarf,Accessories,79,Kansas,Summer,3.6,No,Free Shipping,No,37,Bank Transfer,Bi-Weekly,False,False,True,14.0,Loyal high-value,5.642857142857143
3548,52,50+,Female,Scarf,Accessories,31,Pennsylvania,Summer,3.8,No,Standard,No,23,Credit Card,Annually,False,False,True,30.0,New or occasional,1.0333333333333334
3549,63,50+,Female,Blouse,Clothing,37,Utah,Fall,3.0,No,Standard,No,47,Debit Card,Fortnightly,False,False,True,14.0,New or occasional,2.642857142857143
3550,44,35-49,Female,T-shirt,Clothing,34,Oregon,Summer,3.4,No,2-Day Shipping,No,11,Bank Transfer,Fortnightly,False,False,True,14.0,New or occasional,2.4285714285714284
3551,63,50+,Female,Shoes,Footwear,74,West Virginia,Winter,4.8,No,Standard,No,32,Cash,Weekly,False,False,True,7.0,Loyal high-value,10.571428571428571
3552,66,50+,Female,Gloves,Accessories,31,Montana,Spring,2.6,No,Store Pickup,No,20,Venmo,Weekly,False,False,True,7.0,New or occasional,4.428571428571429
3553,22,Under 25,Female,Sunglasses,Accessories,66,Kentucky,Winter,2.9,No,Next Day Air,No,3,PayPal,Quarterly,False,False,False,90.0,New or occasional,0.7333333333333333
3554,62,50+,Female,Shoes,Footwear,99,Minnesota,Spring,4.9,No,Free Shipping,No,32,Bank Transfer,Weekly,False,False,True,7.0,Loyal high-value,14.142857142857142
3555,39,35-49,Female,Dress,Clothing,55,Louisiana,Spring,5.0,No,Free Shipping,No,5,Credit Card,Fortnightly,False,False,False,14.0,New or occasional,3.9285714285714284
3556,25,25-34,Female,Blouse,Clothing,23,Delaware,Spring,4.6,No,Next Day Air,No,45,Cash,Quarterly,False,False,True,90.0,New or occasional,0.25555555555555554
3557,70,50+,Female,Sweater,Clothing,88,Arizona,Fall,4.2,No,Express,No,43,Cash,Bi-Weekly,False,False,True,14.0,Loyal high-value,6.285714285714286
3558,52,50+,Female,Jacket,Outerwear,26,Nevada,Summer,4.9,No,Next Day Air,No,1,PayPal,Every 3 Months,False,False,False,90.0,New or occasional,0.28888888888888886
3559,68,50+,Female,Backpack,Accessories,94,Alaska,Summer,4.8,No,Standard,No,9,Venmo,Quarterly,False,False,False,90.0,New or occasional,1.0444444444444445
3560,18,Under 25,Female,Shorts,Clothing,25,Utah,Fall,3.0,No,Next Day Air,No,13,Venmo,Every 3 Months,False,False,True,90.0,New or occasional,0.2777777777777778
3561,18,Under 25,Female,Socks,Clothing,96,Kansas,Fall,3.5,No,Express,No,5,Credit Card,Annually,False,False,False,30.0,New or occasional,3.2
3562,63,50+,Female,Sneakers,Footwear,29,North Carolina,Spring,3.4,No,Standard,No,39,Credit Card,Fortnightly,False,False,True,14.0,New or occasional,2.0714285714285716
3563,47,35-49,Female,Sneakers,Footwear,36,Maryland,Winter,3.4,No,Free Shipping,No,7,Bank Transfer,Weekly,False,False,False,7.0,New or occasional,5.142857142857143
3564,43,35-49,Female,Blouse,Clothing,90,Maine,Summer,4.9,No,Standard,No,8,Credit Card,Every 3 Months,False,False,False,90.0,New or occasional,1.0
3565,60,50+,Female,Gloves,Accessories,38,Illinois,Summer,4.4,No,Free Shipping,No,40,Venmo,Annually,False,False,True,30.0,New or occasional,1.2666666666666666
3566,49,35-49,Female,Handbag,Accessories,52,Pennsylvania,Spring,4.2,No,Store Pickup,No,35,PayPal,Monthly,False,False,True,30.0,New or occasional,1.7333333333333334
3567,28,25-34,Female,Jeans,Clothing,88,Alaska,Spring,3.1,No,Next Day Air,No,14,Venmo,Monthly,False,False,True,30.0,New or occasional,2.933333333333333
3568,32,25-34,Female,Scarf,Accessories,56,New Mexico,Summer,4.0,No,Next Day Air,No,26,Credit Card,Monthly,False,False,True,30.0,New or occasional,1.8666666666666667
3569,29,25-34,Female,Sandals,Footwear,71,Arkansas,Spring,4.8,No,Next Day Air,No,14,PayPal,Quarterly,False,False,True,90.0,New or occasional,0.7888888888888889
3570,35,35-49,Female,Sandals,Footwear,94,Alaska,Fall,3.3,No,Express,No,9,Bank Transfer,Fortnightly,False,False,False,14.0,New or occasional,6.714285714285714
3571,23,Under 25,Female,Dress,Clothing,97,Louisiana,Winter,4.7,No,Standard,No,32,Debit Card,Annually,False,False,True,30.0,Loyal high-value,3.2333333333333334
3572,70,50+,Female,Skirt,Clothing,27,North Dakota,Summer,3.2,No,Standard,No,15,Bank Transfer,Every 3 Months,False,False,True,90.0,New or occasional,0.3
3573,23,Under 25,Female,Shorts,Clothing,28,Rhode Island,Spring,5.0,No,Standard,No,25,Credit Card,Monthly,False,False,True,30.0,New or occasional,0.9333333333333333
3574,43,35-49,Female,Jeans,Clothing,67,Connecticut,Fall,4.9,No,Free Shipping,No,27,PayPal,Monthly,False,False,True,30.0,Loyal high-value,2.2333333333333334
3575,29,25-34,Female,Socks,Clothing,70,New York,Fall,4.9,No,Express,No,39,Bank Transfer,Quarterly,False,False,True,90.0,Loyal high-value,0.7777777777777778
3576,61,50+,Female,Coat,Outerwear,95,Kentucky,Fall,3.7,No,Express,No,49,Venmo,Bi-Weekly,False,False,True,14.0,Loyal high-value,6.785714285714286
3577,29,25-34,Female,Boots,Footwear,24,Maine,Spring,3.0,No,Express,No,12,Venmo,Bi-Weekly,False,False,True,14.0,New or occasional,1.7142857142857142
3578,66,50+,Female,Belt,Accessories,35,Missouri,Winter,2.6,No,Standard,No,13,Bank Transfer,Weekly,False,False,True,7.0,New or occasional,5.0
3579,46,35-49,Female,Shoes,Footwear,22,Georgia,Winter,2.6,No,Standard,No,22,Bank Transfer,Quarterly,False,False,True,90.0,New or occasional,0.24444444444444444
3580,34,25-34,Female,Scarf,Accessories,66,Arizona,Fall,4.8,No,Standard,No,19,Credit Card,Every 3 Months,False,False,True,90.0,New or occasional,0.7333333333333333
3581,51,50+,Female,Blouse,Clothing,83,New Hampshire,Summer,3.2,No,2-Day Shipping,No,3,Cash,Bi-Weekly,False,False,False,14.0,New or occasional,5.928571428571429
3582,26,25-34,Female,Dress,Clothing,95,Georgia,Fall,4.9,No,Next Day Air,No,50,Credit Card,Weekly,False,False,True,7.0,Loyal high-value,13.571428571428571
3583,23,Under 25,Female,Shorts,Clothing,41,California,Summer,3.4,No,2-Day Shipping,No,15,PayPal,Annually,False,False,True,30.0,New or occasional,1.3666666666666667
3584,52,50+,Female,Blouse,Clothing,77,Arizona,Summer,2.7,No,Store Pickup,No,44,Credit Card,Every 3 Months,False,False,True,90.0,Loyal high-value,0.8555555555555555
3585,39,35-49,Female,Sneakers,Footwear,52,Florida,Fall,4.8,No,Express,No,48,Debit Card,Monthly,False,False,True,30.0,New or occasional,1.7333333333333334
3586,39,35-49,Female,Gloves,Accessories,41,New York,Winter,4.1,No,Standard,No,4,Venmo,Bi-Weekly,False,False,False,14.0,New or occasional,2.9285714285714284
3587,33,25-34,Female,Hoodie,Clothing,28,Idaho,Winter,4.6,No,Store Pickup,No,12,PayPal,Bi-Weekly,False,False,True,14.0,New or occasional,2.0
3588,33,25-34,Female,Sweater,Clothing,90,Virginia,Summer,4.4,No,Standard,No,33,Debit Card,Annually,False,False,True,30.0,Loyal high-value,3.0
3589,23,Under 25,Female,Sunglasses,Accessories,55,Michigan,Spring,3.5,No,2-Day Shipping,No,40,Cash,Annually,False,False,True,30.0,New or occasional,1.8333333333333333
3590,31,25-34,Female,Belt,Accessories,73,New Hampshire,Spring,4.8,No,Next Day Air,No,38,Cash,Every 3 Months,False,False,True,90.0,Loyal high-value,0.8111111111111111
3591,27,25-34,Female,Dress,Clothing,87,South Dakota,Fall,2.9,No,2-Day Shipping,No,19,Venmo,Every 3 Months,False,False,True,90.0,New or occasional,0.9666666666666667
3592,48,35-49,Female,Jacket,Outerwear,89,South Dakota,Winter,3.2,No,2-Day Shipping,No,38,Bank Transfer,Quarterly,False,False,True,90.0,Loyal high-value,0.9888888888888889
3593,61,50+,Female,Boots,Footwear,82,New Jersey,Spring,4.4,No,2-Day Shipping,No,18,Venmo,Fortnightly,False,False,True,14.0,New or occasional,5.857142857142857
3594,63,50+,Female,Sandals,Footwear,80,Wyoming,Spring,4.6,No,Next Day Air,No,24,PayPal,Monthly,False,False,True,30.0,New or occasional,2.6666666666666665
3595,19,Under 25,Female,Scarf,Accessories,87,Alabama,Summer,2.6,No,2-Day Shipping,No,29,Venmo,Quarterly,False,False,True,90.0,Loyal high-value,0.9666666666666667
3596,21,Under 25,Female,Blouse,Clothing,41,South Dakota,Spring,3.1,No,Store Pickup,No,14,PayPal,Annually,False,False,True,30.0,New or occasional,1.3666666666666667
3597,28,25-34,Female,Hoodie,Clothing,83,South Carolina,Spring,4.3,No,Standard,No,44,Cash,Fortnightly,False,False,True,14.0,Loyal high-value,5.928571428571429
3598,29,25-34,Female,Sunglasses,Accessories,71,New Mexico,Summer,3.1,No,Standard,No,18,Bank Transfer,Quarterly,False,False,True,90.0,New or occasional,0.7888888888888889
3599,23,Under 25,Female,Hoodie,Clothing,76,Connecticut,Spring,4.6,No,Store Pickup,No,19,Bank Transfer,Bi-Weekly,False,False,True,14.0,New or occasional,5.428571428571429
3600,37,35-49,Female,Scarf,Accessories,34,Kansas,Spring,4.6,No,Express,No,4,Cash,Weekly,False,False,False,7.0,New or occasional,4.857142857142857
3601,67,50+,Female,Dress,Clothing,81,South Carolina,Spring,2.7,No,Free Shipping,No,25,Cash,Bi-Weekly,False,False,True,14.0,Loyal high-value,5.785714285714286
3602,34,25-34,Female,T-shirt,Clothing,47,North Carolina,Summer,3.0,No,Next Day Air,No,3,PayPal,Monthly,False,False,False,30.0,New or occasional,1.5666666666666667
3603,58,50+,Female,Skirt,Clothing,36,Wyoming,Summer,3.3,No,Store Pickup,No,40,Debit Card,Quarterly,False,False,True,90.0,New or occasional,0.4
3604,45,35-49,Female,Jeans,Clothing,51,Louisiana,Spring,2.7,No,Free Shipping,No,5,Cash,Weekly,False,False,False,7.0,New or occasional,7.285714285714286
3605,63,50+,Female,Hoodie,Clothing,86,Louisiana,Fall,3.3,No,Standard,No,17,Debit Card,Annually,False,False,True,30.0,New or occasional,2.8666666666666667
3606,68,50+,Female,Jeans,Clothing,41,Alabama,Fall,4.3,No,Store Pickup,No,36,Bank Transfer,Every 3 Months,False,False,True,90.0,New or occasional,0.45555555555555555
3607,41,35-49,Female,Sandals,Footwear,90,Minnesota,Fall,4.8,No,Express,No,41,Venmo,Annually,False,False,True,30.0,Loyal high-value,3.0
3608,50,50+,Female,Hat,Accessories,93,New Mexico,Fall,3.3,No,Standard,No,20,Venmo,Bi-Weekly,False,False,True,14.0,New or occasional,6.642857142857143
3609,24,Under 25,Female,Gloves,Accessories,56,Tennessee,Fall,4.3,No,Next Day Air,No,2,Cash,Every 3 Months,False,False,False,90.0,New or occasional,0.6222222222222222
3610,21,Under 25,Female,Socks,Clothing,39,New Mexico,Summer,3.0,No,2-Day Shipping,No,31,Debit Card,Monthly,False,False,True,30.0,New or occasional,1.3
3611,18,Under 25,Female,Jacket,Outerwear,86,Texas,Fall,4.8,No,2-Day Shipping,No,23,Bank Transfer,Fortnightly,False,False,True,14.0,New or occasional,6.142857142857143
3612,63,50+,Female,T-shirt,Clothing,82,Washington,Spring,2.9,No,Standard,No,30,Credit Card,Annually,False,False,True,30.0,Loyal high-value,2.7333333333333334
3613,47,35-49,Female,Sandals,Footwear,29,Michigan,Summer,3.6,No,Standard,No,26,Cash,Every 3 Months,False,False,True,90.0,New or occasional,0.32222222222222224
3614,58,50+,Female,Hat,Accessories,27,Minnesota,Fall,3.5,No,Store Pickup,No,40,Venmo,Annually,False,False,True,30.0,New or occasional,0.9
3615,46,35-49,Female,Gloves,Accessories,25,Delaware,Spring,4.7,No,2-Day Shipping,No,19,Bank Transfer,Annually,False,False,True,30.0,New or occasional,0.8333333333333334
3616,35,35-49,Female,Dress,Clothing,31,California,Winter,4.4,No,Free Shipping,No,4,Credit Card,Monthly,False,False,False,30.0,New or occasional,1.0333333333333334
3617,42,35-49,Female,Hoodie,Clothing,23,Wisconsin,Winter,3.3,No,Store Pickup,No,33,Debit Card,Fortnightly,False,False,True,14.0,New or occasional,1.6428571428571428
3618,48,35-49,Female,Belt,Accessories,47,Kentucky,Fall,4.3,No,Express,No,29,Debit Card,Monthly,False,False,True,30.0,New or occasional,1.5666666666666667
3619,28,25-34,Female,Gloves,Accessories,67,Nevada,Fall,4.0,No,2-Day Shipping,No,47,PayPal,Bi-Weekly,False,False,True,14.0,Loyal high-value,4.785714285714286
3620,44,35-49,Female,Scarf,Accessories,75,North Carolina,Winter,4.9,No,2-Day Shipping,No,50,Venmo,Weekly,False,False,True,7.0,Loyal high-value,10.714285714285714
3621,60,50+,Female,Sandals,Footwear,82,Louisiana,Summer,2.9,No,Express,No,28,Credit Card,Fortnightly,False,False,True,14.0,Loyal high-value,5.857142857142857
3622,38,35-49,Female,Sneakers,Footwear,32,New Jersey,Summer,4.0,No,2-Day Shipping,No,5,Cash,Fortnightly,False,False,False,14.0,New or occasional,2.2857142857142856
3623,46,35-49,Female,Dress,Clothing,41,Wisconsin,Fall,4.3,No,Store Pickup,No,12,Credit Card,Annually,False,False,True,30.0,New or occasional,1.3666666666666667
3624,39,35-49,Female,Jewelry,Accessories,89,Arkansas,Winter,2.7,No,2-Day Shipping,No,4,PayPal,Weekly,False,False,False,7.0,New or occasional,12.714285714285714
3625,22,Under 25,Female,Hat,Accessories,82,Texas,Fall,5.0,No,Store Pickup,No,22,Bank Transfer,Bi-Weekly,False,False,True,14.0,New or occasional,5.857142857142857
3626,44,35-49,Female,Scarf,Accessories,99,Illinois,Winter,4.4,No,Express,No,32,PayPal,Weekly,False,False,True,7.0,Loyal high-value,14.142857142857142
3627,69,50+,Female,Blouse,Clothing,98,Mississippi,Fall,3.5,No,Express,No,32,Venmo,Quarterly,False,False,True,90.0,Loyal high-value,1.0888888888888888
3628,39,35-49,Female,Belt,Accessories,54,Delaware,Winter,3.3,No,Next Day Air,No,48,Cash,Every 3 Months,False,False,True,90.0,New or occasional,0.6
3629,53,50+,Female,Blouse,Clothing,88,Georgia,Summer,3.8,No,Free Shipping,No,35,Credit Card,Monthly,False,False,True,30.0,Loyal high-value,2.933333333333333
3630,52,50+,Female,T-shirt,Clothing,43,Kansas,Summer,4.5,No,Standard,No,44,Debit Card,Fortnightly,False,False,True,14.0,New or occasional,3.0714285714285716
3631,65,50+,Female,Hat,Accessories,73,Oklahoma,Winter,4.8,No,Store Pickup,No,29,Cash,Weekly,False,False,True,7.0,Loyal high-value,10.428571428571429
3632,48,35-49,Female,Hat,Accessories,50,New Jersey,Fall,2.9,No,Store Pickup,No,26,Credit Card,Monthly,False,False,True,30.0,New or occasional,1.6666666666666667
3633,27,25-34,Female,Sneakers,Footwear,73,Utah,Spring,3.2,No,Express,No,3,Debit Card,Quarterly,False,False,False,90.0,New or occasional,0.8111111111111111
3634,39,35-49,Female,Gloves,Accessories,51,Montana,Spring,2.8,No,Free Shipping,No,1,Bank Transfer,Bi-Weekly,False,False,False,14.0,New or occasional,3.642857142857143
3635,59,50+,Female,Socks,Clothing,22,Ohio,Winter,3.3,No,Standard,No,17,PayPal,Annually,False,False,True,30.0,New or occasional,0.7333333333333333
3636,52,50+,Female,Sandals,Footwear,32,Colorado,Fall,3.3,No,Free Shipping,No,17,Credit Card,Fortnightly,False,False,True,14.0,New or occasional,2.2857142857142856
3637,50,50+,Female,Sandals,Footwear,38,California,Summer,4.2,No,2-Day Shipping,No,36,Cash,Weekly,False,False,True,7.0,New or occasional,5.428571428571429
3638,32,25-34,Female,Boots,Footwear,66,Utah,Winter,3.6,No,Express,No,32,Credit Card,Fortnightly,False,False,True,14.0,Loyal high-value,4.714285714285714
3639,40,35-49,Female,Backpack,Accessories,20,Kansas,Spring,4.6,No,Express,No,50,PayPal,Bi-Weekly,False,False,True,14.0,New or occasional,1.4285714285714286
3640,26,25-34,Female,Coat,Outerwear,44,Illinois,Summer,3.6,No,2-Day Shipping,No,39,Venmo,Annually,False,False,True,30.0,New or occasional,1.4666666666666666
3641,47,35-49,Female,Sunglasses,Accessories,31,Minnesota,Spring,4.0,No,Next Day Air,No,17,PayPal,Monthly,False,False,True,30.0,New or occasional,1.0333333333333334
3642,51,50+,Female,Jacket,Outerwear,45,New York,Fall,2.7,No,Free Shipping,No,39,Bank Transfer,Every 3 Months,False,False,True,90.0,New or occasional,0.5
3643,47,35-49,Female,Dress,Clothing,71,Arizona,Summer,4.4,No,Store Pickup,No,5,PayPal,Annually,False,False,False,30.0,New or occasional,2.3666666666666667
3644,53,50+,Female,Scarf,Accessories,96,Tennessee,Fall,3.2,No,Standard,No,47,Debit Card,Annually,False,False,True,30.0,Loyal high-value,3.2
3645,35,35-49,Female,Blouse,Clothing,32,Arkansas,Winter,2.6,No,Next Day Air,No,18,Venmo,Weekly,False,False,True,7.0,New or occasional,4.571428571428571
3646,38,35-49,Female,Backpack,Accessories,90,Colorado,Summer,3.4,No,Free Shipping,No,31,Credit Card,Every 3 Months,False,False,True,90.0,Loyal high-value,1.0
3647,69,50+,Female,Jewelry,Accessories,68,Nevada,Spring,5.0,No,2-Day Shipping,No,39,Debit Card,Fortnightly,False,False,True,14.0,Loyal high-value,4.857142857142857
3648,47,35-49,Female,Shorts,Clothing,45,Kansas,Winter,2.9,No,Store Pickup,No,12,Bank Transfer,Weekly,False,False,True,7.0,New or occasional,6.428571428571429
3649,31,25-34,Female,Skirt,Clothing,67,New York,Winter,5.0,No,Free Shipping,No,45,Cash,Bi-Weekly,False,False,True,14.0,Loyal high-value,4.785714285714286
3650,68,50+,Female,Skirt,Clothing,57,Minnesota,Fall,4.4,No,Standard,No,33,Credit Card,Fortnightly,False,False,True,14.0,New or occasional,4.071428571428571
3651,51,50+,Female,Jeans,Clothing,60,Ohio,Summer,3.5,No,2-Day Shipping,No,3,PayPal,Annually,False,False,False,30.0,New or occasional,2.0
3652,20,Under 25,Female,Handbag,Accessories,32,Arizona,Spring,3.8,No,Express,No,5,Venmo,Every 3 Months,False,False,False,90.0,New or occasional,0.35555555555555557
3653,27,25-34,Female,Handbag,Accessories,29,Kentucky,Fall,3.8,No,Store Pickup,No,23,Debit Card,Monthly,False,False,True,30.0,New or occasional,0.9666666666666667
3654,67,50+,Female,Coat,Outerwear,20,Minnesota,Spring,3.9,No,Next Day Air,No,39,Credit Card,Fortnightly,False,False,True,14.0,New or occasional,1.4285714285714286
3655,21,Under 25,Female,Jewelry,Accessories,98,Arkansas,Winter,3.3,No,Next Day Air,No,10,Credit Card,Annually,False,False,True,30.0,New or occasional,3.2666666666666666
3656,20,Under 25,Female,Sweater,Clothing,27,Wyoming,Fall,2.9,No,Next Day Air,No,4,Credit Card,Bi-Weekly,False,False,False,14.0,New or occasional,1.9285714285714286
3657,35,35-49,Female,Jacket,Outerwear,67,North Dakota,Spring,3.7,No,2-Day Shipping,No,18,Credit Card,Monthly,False,False,True,30.0,New or occasional,2.2333333333333334
3658,58,50+,Female,Shoes,Footwear,82,Alabama,Winter,3.7,No,Express,No,1,Debit Card,Every 3 Months,False,False,False,90.0,New or occasional,0.9111111111111111
3659,28,25-34,Female,T-shirt,Clothing,72,Mississippi,Fall,4.6,No,Standard,No,18,PayPal,Fortnightly,False,False,True,14.0,New or occasional,5.142857142857143
3660,27,25-34,Female,Sandals,Footwear,77,Illinois,Fall,4.9,No,Store Pickup,No,46,Bank Transfer,Annually,False,False,True,30.0,Loyal high-value,2.566666666666667
3661,19,Under 25,Female,Shoes,Footwear,74,Arkansas,Winter,3.1,No,2-Day Shipping,No,13,Bank Transfer,Fortnightly,False,False,True,14.0,New or occasional,5.285714285714286
3662,63,50+,Female,Sandals,Footwear,39,Kansas,Winter,3.5,No,Next Day Air,No,5,Credit Card,Fortnightly,False,False,False,14.0,New or occasional,2.7857142857142856
3663,69,50+,Female,Shorts,Clothing,80,Rhode Island,Spring,4.9,No,Next Day Air,No,11,Debit Card,Weekly,False,False,True,7.0,New or occasional,11.428571428571429
3664,65,50+,Female,Backpack,Accessories,59,Florida,Summer,4.4,No,Express,No,49,Credit Card,Weekly,False,False,True,7.0,New or occasional,8.428571428571429
3665,63,50+,Female,Jacket,Outerwear,68,Missouri,Fall,4.4,No,Store Pickup,No,1,Debit Card,Fortnightly,False,False,False,14.0,New or occasional,4.857142857142857
3666,28,25-34,Female,Socks,Clothing,77,North Carolina,Fall,3.4,No,Next Day Air,No,11,Credit Card,Quarterly,False,False,True,90.0,New or occasional,0.8555555555555555
3667,67,50+,Female,Jewelry,Accessories,50,Alabama,Winter,3.0,No,2-Day Shipping,No,47,Cash,Every 3 Months,False,False,True,90.0,New or occasional,0.5555555555555556
3668,51,50+,Female,Pants,Clothing,45,Washington,Fall,2.6,No,Next Day Air,No,20,Venmo,Monthly,False,False,True,30.0,New or occasional,1.5
3669,59,50+,Female,Blouse,Clothing,71,Michigan,Summer,3.2,No,Store Pickup,No,18,Venmo,Annually,False,False,True,30.0,New or occasional,2.3666666666666667
3670,25,25-34,Female,Socks,Clothing,52,Washington,Fall,4.6,No,Store Pickup,No,43,PayPal,Quarterly,False,False,True,90.0,New or occasional,0.5777777777777777
3671,31,25-34,Female,Shoes,Footwear,50,Vermont,Winter,3.8,No,Free Shipping,No,4,PayPal,Every 3 Months,False,False,False,90.0,New or occasional,0.5555555555555556
3672,62,50+,Female,Handbag,Accessories,66,Illinois,Summer,4.8,No,2-Day Shipping,No,20,Venmo,Quarterly,False,False,True,90.0,New or occasional,0.7333333333333333
3673,51,50+,Female,Sandals,Footwear,81,New York,Fall,4.5,No,Free Shipping,No,7,PayPal,Monthly,False,False,False,30.0,New or occasional,2.7
3674,32,25-34,Female,Socks,Clothing,28,Rhode Island,Summer,4.2,No,2-Day Shipping,No,31,Bank Transfer,Fortnightly,False,False,True,14.0,New or occasional,2.0
3675,35,35-49,Female,Handbag,Accessories,65,Washington,Winter,2.7,No,2-Day Shipping,No,41,Venmo,Fortnightly,False,False,True,14.0,Loyal high-value,4.642857142857143
3676,70,50+,Female,Hat,Accessories,80,Virginia,Winter,4.5,No,Express,No,3,Bank Transfer,Monthly,False,False,False,30.0,New or occasional,2.6666666666666665
3677,19,Under 25,Female,Jewelry,Accessories,94,Wisconsin,Spring,4.9,No,Free Shipping,No,16,PayPal,Monthly,False,False,True,30.0,New or occasional,3.1333333333333333
3678,32,25-34,Female,Backpack,Accessories,30,Michigan,Fall,2.8,No,Standard,No,43,Cash,Annually,False,False,True,30.0,New or occasional,1.0
3679,56,50+,Female,Shirt,Clothing,45,Texas,Fall,3.5,No,Standard,No,29,Bank Transfer,Fortnightly,False,False,True,14.0,New or occasional,3.2142857142857144
3680,53,50+,Female,Coat,Outerwear,91,Idaho,Summer,2.5,No,Store Pickup,No,5,Cash,Bi-Weekly,False,False,False,14.0,New or occasional,6.5
3681,22,Under 25,Female,Sunglasses,Accessories,36,Iowa,Winter,2.9,No,Standard,No,30,Debit Card,Quarterly,False,False,True,90.0,New or occasional,0.4
3682,26,25-34,Female,Gloves,Accessories,73,Connecticut,Fall,4.2,No,Next Day Air,No,33,Debit Card,Monthly,False,False,True,30.0,Loyal high-value,2.433333333333333
3683,42,35-49,Female,Shirt,Clothing,60,Wyoming,Fall,4.6,No,Store Pickup,No,46,Venmo,Bi-Weekly,False,False,True,14.0,Loyal high-value,4.285714285714286
3684,30,25-34,Female,Socks,Clothing,77,Mississippi,Winter,3.0,No,Free Shipping,No,17,Venmo,Fortnightly,False,False,True,14.0,New or occasional,5.5
3685,29,25-34,Female,Skirt,Clothing,86,Pennsylvania,Spring,4.4,No,Free Shipping,No,47,Credit Card,Bi-Weekly,False,False,True,14.0,Loyal high-value,6.142857142857143
3686,47,35-49,Female,Shorts,Clothing,42,Tennessee,Summer,2.6,No,Standard,No,17,Cash,Bi-Weekly,False,False,True,14.0,New or occasional,3.0
3687,59,50+,Female,Sandals,Footwear,70,Louisiana,Spring,4.8,No,Free Shipping,No,17,Cash,Bi-Weekly,False,False,True,14.0,New or occasional,5.0
3688,34,25-34,Female,Shirt,Clothing,44,Arkansas,Summer,2.9,No,Next Day Air,No,28,Bank Transfer,Every 3 Months,False,False,True,90.0,New or occasional,0.4888888888888889
3689,52,50+,Female,Sunglasses,Accessories,91,West Virginia,Spring,3.0,No,Next Day Air,No,8,Cash,Monthly,False,False,False,30.0,New or occasional,3.033333333333333
3690,47,35-49,Female,Jewelry,Accessories,30,South Carolina,Fall,4.5,No,Standard,No,8,Bank Transfer,Quarterly,False,False,False,90.0,New or occasional,0.3333333333333333
3691,24,Under 25,Female,Blouse,Clothing,23,Kansas,Fall,3.7,No,Store Pickup,No,4,Bank Transfer,Bi-Weekly,False,False,False,14.0,New or occasional,1.6428571428571428
3692,63,50+,Female,Sandals,Footwear,21,Michigan,Summer,4.8,No,Next Day Air,No,24,PayPal,Weekly,False,False,True,7.0,New or occasional,3.0
3693,59,50+,Female,Coat,Outerwear,34,Alabama,Spring,4.8,No,Free Shipping,No,29,Cash,Fortnightly,False,False,True,14.0,New or occasional,2.4285714285714284
3694,66,50+,Female,Blouse,Clothing,46,South Dakota,Summer,4.7,No,2-Day Shipping,No,10,Venmo,Weekly,False,False,True,7.0,New or occasional,6.571428571428571
3695,45,35-49,Female,Sweater,Clothing,41,Rhode Island,Winter,2.6,No,Express,No,11,PayPal,Bi-Weekly,False,False,True,14.0,New or occasional,2.9285714285714284
3696,38,35-49,Female,Skirt,Clothing,33,Florida,Fall,4.6,No,Standard,No,18,Bank Transfer,Fortnightly,False,False,True,14.0,New or occasional,2.357142857142857
3697,63,50+,Female,Blouse,Clothing,48,Connecticut,Fall,3.4,No,Next Day Air,No,26,Bank Transfer,Annually,False,False,True,30.0,New or occasional,1.6
3698,55,50+,Female,Hoodie,Clothing,66,Pennsylvania,Winter,3.0,No,Standard,No,39,Cash,Weekly,False,False,True,7.0,Loyal high-value,9.428571428571429
3699,25,25-34,Female,Skirt,Clothing,54,California,Spring,4.0,No,2-Day Shipping,No,4,Venmo,Annually,False,False,False,30.0,New or occasional,1.8
3700,51,50+,Female,Backpack,Accessories,55,Oklahoma,Fall,2.6,No,Store Pickup,No,24,Bank Transfer,Weekly,False,False,True,7.0,New or occasional,7.857142857142857
3701,28,25-34,Female,Handbag,Accessories,84,North Dakota,Summer,3.4,No,Store Pickup,No,2,Bank Transfer,Every 3 Months,False,False,False,90.0,New or occasional,0.9333333333333333
3702,46,35-49,Female,Sandals,Footwear,66,New Mexico,Spring,4.5,No,Store Pickup,No,36,Cash,Annually,False,False,True,30.0,Loyal high-value,2.2
3703,58,50+,Female,Shoes,Footwear,65,South Carolina,Spring,2.7,No,Store Pickup,No,36,Venmo,Weekly,False,False,True,7.0,Loyal high-value,9.285714285714286
3704,30,25-34,Female,Sandals,Footwear,83,Michigan,Fall,2.9,No,Standard,No,23,PayPal,Every 3 Months,False,False,True,90.0,New or occasional,0.9222222222222223
3705,68,50+,Female,Sunglasses,Accessories,61,Missouri,Winter,4.0,No,Store Pickup,No,36,Credit Card,Quarterly,False,False,True,90.0,Loyal high-value,0.6777777777777778
3706,28,25-34,Female,Skirt,Clothing,65,Colorado,Summer,3.2,No,Free Shipping,No,2,Debit Card,Annually,False,False,False,30.0,New or occasional,2.1666666666666665
3707,26,25-34,Female,Sandals,Footwear,55,Kansas,Spring,4.0,No,Store Pickup,No,17,Cash,Bi-Weekly,False,False,True,14.0,New or occasional,3.9285714285714284
3708,35,35-49,Female,Gloves,Accessories,79,Illinois,Fall,3.4,No,2-Day Shipping,No,19,Venmo,Weekly,False,False,True,7.0,New or occasional,11.285714285714286
3709,40,35-49,Female,Hoodie,Clothing,96,South Carolina,Fall,4.9,No,Express,No,41,PayPal,Monthly,False,False,True,30.0,Loyal high-value,3.2
3710,31,25-34,Female,Socks,Clothing,43,Utah,Fall,3.6,No,Free Shipping,No,27,PayPal,Quarterly,False,False,True,90.0,New or occasional,0.4777777777777778
3711,60,50+,Female,Jewelry,Accessories,40,Hawaii,Summer,3.6,No,2-Day Shipping,No,32,Bank Transfer,Fortnightly,False,False,True,14.0,New or occasional,2.857142857142857
3712,69,50+,Female,Hat,Accessories,62,Texas,Fall,3.2,No,Free Shipping,No,33,Cash,Annually,False,False,True,30.0,Loyal high-value,2.066666666666667
3713,51,50+,Female,Blouse,Clothing,72,Oregon,Spring,3.7,No,2-Day Shipping,No,24,PayPal,Quarterly,False,False,True,90.0,New or occasional,0.8
3714,49,35-49,Female,Shoes,Footwear,87,Arizona,Spring,2.6,No,Express,No,31,Debit Card,Every 3 Months,False,False,True,90.0,Loyal high-value,0.9666666666666667
3715,18,Under 25,Female,Hat,Accessories,31,New York,Winter,3.9,No,Express,No,35,Credit Card,Weekly,False,False,True,7.0,New or occasional,4.428571428571429
3716,63,50+,Female,Sunglasses,Accessories,34,Nebraska,Fall,3.4,No,Free Shipping,No,2,Bank Transfer,Monthly,False,False,False,30.0,New or occasional,1.1333333333333333
3717,57,50+,Female,Shirt,Clothing,53,Vermont,Fall,3.4,No,Next Day Air,No,42,Debit Card,Every 3 Months,False,False,True,90.0,New or occasional,0.5888888888888889
3718,45,35-49,Female,T-shirt,Clothing,85,Maryland,Summer,4.2,No,Express,No,47,Bank Transfer,Every 3 Months,False,False,True,90.0,Loyal high-value,0.9444444444444444
3719,36,35-49,Female,Pants,Clothing,50,Tennessee,Fall,2.9,No,Standard,No,44,Bank Transfer,Bi-Weekly,False,False,True,14.0,New or occasional,3.5714285714285716
3720,20,Under 25,Female,Pants,Clothing,91,Pennsylvania,Summer,4.1,No,Free Shipping,No,8,Bank Transfer,Every 3 Months,False,False,False,90.0,New or occasional,1.011111111111111
3721,21,Under 25,Female,Hat,Accessories,56,South Carolina,Fall,3.6,No,Free Shipping,No,13,Credit Card,Quarterly,False,False,True,90.0,New or occasional,0.6222222222222222
3722,62,50+,Female,Coat,Outerwear,60,Connecticut,Fall,4.0,No,Next Day Air,No,10,Cash,Annually,False,False,True,30.0,New or occasional,2.0
3723,23,Under 25,Female,Jacket,Outerwear,34,Kentucky,Fall,4.0,No,Standard,No,1,Credit Card,Fortnightly,False,False,False,14.0,New or occasional,2.4285714285714284
3724,26,25-34,Female,Sandals,Footwear,30,Rhode Island,Spring,3.6,No,Free Shipping,No,1,Debit Card,Monthly,False,False,False,30.0,New or occasional,1.0
3725,30,25-34,Female,Gloves,Accessories,71,Colorado,Winter,3.1,No,Express,No,18,Bank Transfer,Annually,False,False,True,30.0,New or occasional,2.3666666666666667
3726,18,Under 25,Female,Dress,Clothing,100,Oklahoma,Winter,4.4,No,Next Day Air,No,2,PayPal,Annually,False,False,False,30.0,New or occasional,3.3333333333333335
3727,47,35-49,Female,Belt,Accessories,85,Idaho,Fall,4.3,No,Next Day Air,No,36,Debit Card,Every 3 Months,False,False,True,90.0,Loyal high-value,0.9444444444444444
3728,41,35-49,Female,Socks,Clothing,83,Maine,Summer,3.5,No,Next Day Air,No,17,Debit Card,Bi-Weekly,False,False,True,14.0,New or occasional,5.928571428571429
3729,62,50+,Female,Jacket,Outerwear,31,Vermont,Winter,3.0,No,Standard,No,1,Debit Card,Annually,False,False,False,30.0,New or occasional,1.0333333333333334
3730,28,25-34,Female,Boots,Footwear,82,Rhode Island,Spring,4.7,No,2-Day Shipping,No,50,Cash,Quarterly,False,False,True,90.0,Loyal high-value,0.9111111111111111
3731,46,35-49,Female,Shirt,Clothing,79,Florida,Summer,2.5,No,2-Day Shipping,No,3,Credit Card,Bi-Weekly,False,False,False,14.0,New or occasional,5.642857142857143
3732,54,50+,Female,Hat,Accessories,62,West Virginia,Spring,3.1,No,2-Day Shipping,No,45,PayPal,Quarterly,False,False,True,90.0,Loyal high-value,0.6888888888888889
3733,36,35-49,Female,Shoes,Footwear,92,Indiana,Spring,3.3,No,Free Shipping,No,28,PayPal,Annually,False,False,True,30.0,Loyal high-value,3.066666666666667
3734,25,25-34,Female,Socks,Clothing,58,Illinois,Fall,4.7,No,Next Day Air,No,6,Debit Card,Every 3 Months,False,False,False,90.0,New or occasional,0.6444444444444445
3735,38,35-49,Female,Hoodie,Clothing,88,California,Spring,3.4,No,Next Day Air,No,33,Debit Card,Every 3 Months,False,False,True,90.0,Loyal high-value,0.9777777777777777
3736,38,35-49,Female,Sandals,Footwear,44,Massachusetts,Spring,3.1,No,2-Day Shipping,No,29,PayPal,Annually,False,False,True,30.0,New or occasional,1.4666666666666666
3737,42,35-49,Female,Jeans,Clothing,56,Idaho,Spring,4.6,No,Store Pickup,No,2,PayPal,Every 3 Months,False,False,False,90.0,New or occasional,0.6222222222222222
3738,19,Under 25,Female,Jewelry,Accessories,23,Kentucky,Winter,4.9,No,Free Shipping,No,43,PayPal,Bi-Weekly,False,False,True,14.0,New or occasional,1.6428571428571428
3739,34,25-34,Female,Shorts,Clothing,45,Delaware,Spring,2.7,No,Free Shipping,No,48,Cash,Fortnightly,False,False,True,14.0,New or occasional,3.2142857142857144
3740,38,35-49,Female,Sunglasses,Accessories,31,Idaho,Fall,4.2,No,Free Shipping,No,43,Credit Card,Weekly,False,False,True,7.0,New or occasional,4.428571428571429
3741,42,35-49,Female,Pants,Clothing,96,Virginia,Summer,2.6,No,Store Pickup,No,26,Debit Card,Bi-Weekly,False,False,True,14.0,Loyal high-value,6.857142857142857
3742,58,50+,Female,Shirt,Clothing,96,Arizona,Spring,3.2,No,2-Day Shipping,No,26,Debit Card,Bi-Weekly,False,False,True,14.0,Loyal high-value,6.857142857142857
3743,56,50+,Female,Shirt,Clothing,80,Maryland,Fall,4.4,No,Standard,No,50,Credit Card,Bi-Weekly,False,False,True,14.0,Loyal high-value,5.714285714285714
3744,62,50+,Female,Pants,Clothing,28,Idaho,Fall,3.6,No,Free Shipping,No,36,Debit Card,Quarterly,False,False,True,90.0,New or occasional,0.3111111111111111
3745,24,Under 25,Female,Hoodie,Clothing,51,New Jersey,Summer,2.7,No,Next Day Air,No,26,Bank Transfer,Fortnightly,False,False,True,14.0,New or occasional,3.642857142857143
3746,60,50+,Female,Socks,Clothing,41,Washington,Spring,4.3,No,Express,No,2,Debit Card,Monthly,False,False,False,30.0,New or occasional,1.3666666666666667
3747,53,50+,Female,Coat,Outerwear,99,Idaho,Summer,2.6,No,Next Day Air,No,49,PayPal,Monthly,False,False,True,30.0,Loyal high-value,3.3
3748,26,25-34,Female,Sweater,Clothing,53,Rhode Island,Spring,4.3,No,Store Pickup,No,32,Bank Transfer,Bi-Weekly,False,False,True,14.0,New or occasional,3.7857142857142856
3749,34,25-34,Female,Backpack,Accessories,25,Delaware,Fall,3.9,No,2-Day Shipping,No,3,Venmo,Annually,False,False,False,30.0,New or occasional,0.8333333333333334
3750,24,Under 25,Female,Blouse,Clothing,95,Alaska,Winter,2.9,No,2-Day Shipping,No,38,Venmo,Every 3 Months,False,False,True,90.0,Loyal high-value,1.0555555555555556
3751,42,35-49,Female,Hoodie,Clothing,88,Arizona,Fall,3.1,No,Free Shipping,No,5,PayPal,Monthly,False,False,False,30.0,New or occasional,2.933333333333333
3752,36,35-49,Female,Jewelry,Accessories,97,Alabama,Fall,4.2,No,Free Shipping,No,8,Credit Card,Every 3 Months,False,False,False,90.0,New or occasional,1.0777777777777777
3753,24,Under 25,Female,Coat,Outerwear,81,Washington,Winter,4.1,No,2-Day Shipping,No,43,Venmo,Weekly,False,False,True,7.0,Loyal high-value,11.571428571428571
3754,39,35-49,Female,Sunglasses,Accessories,26,Louisiana,Winter,4.2,No,Next Day Air,No,22,Bank Transfer,Fortnightly,False,False,True,14.0,New or occasional,1.8571428571428572
3755,46,35-49,Female,Shoes,Footwear,41,Nebraska,Summer,4.4,No,Express,No,10,Cash,Every 3 Months,False,False,True,90.0,New or occasional,0.45555555555555555
3756,64,50+,Female,Skirt,Clothing,93,Pennsylvania,Fall,3.4,No,Free Shipping,No,26,Credit Card,Monthly,False,False,True,30.0,Loyal high-value,3.1
3757,64,50+,Female,Skirt,Clothing,69,South Carolina,Spring,4.8,No,Express,No,42,Debit Card,Bi-Weekly,False,False,True,14.0,Loyal high-value,4.928571428571429
3758,61,50+,Female,Skirt,Clothing,44,California,Fall,4.5,No,2-Day Shipping,No,33,Cash,Weekly,False,False,True,7.0,New or occasional,6.285714285714286
3759,61,50+,Female,Sandals,Footwear,54,Indiana,Spring,2.7,No,Store Pickup,No,23,Bank Transfer,Quarterly,False,False,True,90.0,New or occasional,0.6
3760,44,35-49,Female,Sneakers,Footwear,61,Missouri,Spring,3.5,No,Store Pickup,No,30,Venmo,Quarterly,False,False,True,90.0,Loyal high-value,0.6777777777777778
3761,65,50+,Female,Socks,Clothing,80,Connecticut,Fall,3.1,No,Next Day Air,No,36,PayPal,Weekly,False,False,True,7.0,Loyal high-value,11.428571428571429
3762,60,50+,Female,Backpack,Accessories,30,Nevada,Summer,2.8,No,Next Day Air,No,3,Venmo,Every 3 Months,False,False,False,90.0,New or occasional,0.3333333333333333
3763,65,50+,Female,Shorts,Clothing,94,New York,Fall,2.9,No,Store Pickup,No,13,PayPal,Annually,False,False,True,30.0,New or occasional,3.1333333333333333
3764,27,25-34,Female,Shirt,Clothing,24,Oklahoma,Winter,4.5,No,Standard,No,38,Cash,Every 3 Months,False,False,True,90.0,New or occasional,0.26666666666666666
3765,36,35-49,Female,Socks,Clothing,21,South Dakota,Fall,3.5,No,Next Day Air,No,19,Venmo,Monthly,False,False,True,30.0,New or occasional,0.7
3766,22,Under 25,Female,Jewelry,Accessories,52,Missouri,Summer,4.3,No,Standard,No,14,Bank Transfer,Bi-Weekly,False,False,True,14.0,New or occasional,3.7142857142857144
3767,62,50+,Female,Handbag,Accessories,59,Texas,Fall,4.9,No,Next Day Air,No,43,Debit Card,Annually,False,False,True,30.0,New or occasional,1.9666666666666666
3768,59,50+,Female,Shorts,Clothing,51,New York,Summer,3.1,No,Free Shipping,No,10,Bank Transfer,Fortnightly,False,False,True,14.0,New or occasional,3.642857142857143
3769,50,50+,Female,Sweater,Clothing,35,Vermont,Winter,4.0,No,Free Shipping,No,34,Bank Transfer,Quarterly,False,False,True,90.0,New or occasional,0.3888888888888889
3770,51,50+,Female,Gloves,Accessories,87,Arizona,Summer,3.6,No,Standard,No,31,Venmo,Annually,False,False,True,30.0,Loyal high-value,2.9
3771,23,Under 25,Female,Pants,Clothing,42,Montana,Summer,4.0,No,Store Pickup,No,34,Bank Transfer,Weekly,False,False,True,7.0,New or occasional,6.0
3772,21,Under 25,Female,T-shirt,Clothing,86,Oklahoma,Winter,2.6,No,Express,No,28,Venmo,Bi-Weekly,False,False,True,14.0,Loyal high-value,6.142857142857143
3773,44,35-49,Female,Pants,Clothing,26,New Hampshire,Fall,3.1,No,Next Day Air,No,35,Cash,Annually,False,False,True,30.0,New or occasional,0.8666666666666667
3774,25,25-34,Female,Sweater,Clothing,60,Wisconsin,Summer,3.5,No,Store Pickup,No,41,Cash,Quarterly,False,False,True,90.0,Loyal high-value,0.6666666666666666
3775,57,50+,Female,Gloves,Accessories,83,Alaska,Winter,3.9,No,Standard,No,48,PayPal,Fortnightly,False,False,True,14.0,Loyal high-value,5.928571428571429
3776,41,35-49,Female,Belt,Accessories,63,South Dakota,Spring,2.7,No,2-Day Shipping,No,45,Cash,Quarterly,False,False,True,90.0,Loyal high-value,0.7
3777,19,Under 25,Female,Sneakers,Footwear,25,Alaska,Spring,4.1,No,Standard,No,10,Credit Card,Fortnightly,False,False,True,14.0,New or occasional,1.7857142857142858
3778,43,35-49,Female,Shorts,Clothing,65,Utah,Fall,4.3,No,Express,No,9,Cash,Weekly,False,False,False,7.0,New or occasional,9.285714285714286
3779,25,25-34,Female,Sneakers,Footwear,60,South Dakota,Fall,2.9,No,Free Shipping,No,30,Debit Card,Annually,False,False,True,30.0,Loyal high-value,2.0
3780,60,50+,Female,Jeans,Clothing,75,California,Spring,4.0,No,Express,No,45,PayPal,Annually,False,False,True,30.0,Loyal high-value,2.5
3781,54,50+,Female,Sneakers,Footwear,57,Mississippi,Fall,4.1,No,Free Shipping,No,41,Venmo,Quarterly,False,False,True,90.0,New or occasional,0.6333333333333333
3782,52,50+,Female,Boots,Footwear,99,Tennessee,Winter,3.7,No,Standard,No,40,PayPal,Fortnightly,False,False,True,14.0,Loyal high-value,7.071428571428571
3783,40,35-49,Female,Jacket,Outerwear,45,Alabama,Spring,2.8,No,Free Shipping,No,42,PayPal,Fortnightly,False,False,True,14.0,New or occasional,3.2142857142857144
3784,39,35-49,Female,Gloves,Accessories,66,Maine,Summer,3.2,No,Free Shipping,No,17,Debit Card,Fortnightly,False,False,True,14.0,New or occasional,4.714285714285714
3785,54,50+,Female,Socks,Clothing,53,Virginia,Winter,4.5,No,Next Day Air,No,4,Venmo,Annually,False,False,False,30.0,New or occasional,1.7666666666666666
3786,64,50+,Female,Jeans,Clothing,94,New Hampshire,Winter,3.8,No,Standard,No,6,Cash,Monthly,False,False,False,30.0,New or occasional,3.1333333333333333
3787,31,25-34,Female,Boots,Footwear,47,Tennessee,Fall,3.6,No,2-Day Shipping,No,22,Venmo,Weekly,False,False,True,7.0,New or occasional,6.714285714285714
3788,37,35-49,Female,Blouse,Clothing,80,New York,Fall,3.6,No,2-Day Shipping,No,46,PayPal,Every 3 Months,False,False,True,90.0,Loyal high-value,0.8888888888888888
3789,43,35-49,Female,Hat,Accessories,65,Kansas,Spring,3.2,No,Next Day Air,No,27,Debit Card,Monthly,False,False,True,30.0,Loyal high-value,2.1666666666666665
3790,56,50+,Female,Shirt,Clothing,75,North Dakota,Summer,3.8,No,Express,No,18,Bank Transfer,Every 3 Months,False,False,True,90.0,New or occasional,0.8333333333333334
3791,27,25-34,Female,Handbag,Accessories,45,Alaska,Summer,4.4,No,Standard,No,31,Credit Card,Weekly,False,False,True,7.0,New or occasional,6.428571428571429
3792,40,35-49,Female,Sunglasses,Accessories,51,Texas,Spring,3.7,No,Store Pickup,No,1,Venmo,Weekly,False,False,False,7.0,New or occasional,7.285714285714286
3793,43,35-49,Female,Scarf,Accessories,58,Massachusetts,Summer,2.6,No,Express,No,2,PayPal,Fortnightly,False,False,False,14.0,New or occasional,4.142857142857143
3794,62,50+,Female,Sunglasses,Accessories,20,Delaware,Fall,4.0,No,Standard,No,46,Bank Transfer,Annually,False,False,True,30.0,New or occasional,0.6666666666666666
3795,44,35-49,Female,Scarf,Accessories,82,South Dakota,Summer,3.6,No,2-Day Shipping,No,27,Venmo,Weekly,False,False,True,7.0,Loyal high-value,11.714285714285714
3796,45,35-49,Female,Gloves,Accessories,92,Arkansas,Spring,2.5,No,Express,No,3,Cash,Weekly,False,False,False,7.0,New or occasional,13.142857142857142
3797,40,35-49,Female,Shorts,Clothing,81,Utah,Fall,3.2,No,Free Shipping,No,47,Bank Transfer,Quarterly,False,False,True,90.0,Loyal high-value,0.9
3798,68,50+,Female,Sunglasses,Accessories,44,California,Summer,2.5,No,Next Day Air,No,20,Cash,Quarterly,False,False,True,90.0,New or occasional,0.4888888888888889
3799,63,50+,Female,Jewelry,Accessories,72,Rhode Island,Winter,3.2,No,Next Day Air,No,23,Credit Card,Annually,False,False,True,30.0,New or occasional,2.4
3800,60,50+,Female,Jacket,Outerwear,26,Oklahoma,Winter,2.6,No,Store Pickup,No,13,Credit Card,Monthly,False,False,True,30.0,New or occasional,0.8666666666666667
3801,19,Under 25,Female,Sweater,Clothing,26,Vermont,Fall,4.8,No,Next Day Air,No,12,Venmo,Bi-Weekly,False,False,True,14.0,New or occasional,1.8571428571428572
3802,26,25-34,Female,Blouse,Clothing,84,Kentucky,Spring,5.0,No,Store Pickup,No,36,PayPal,Fortnightly,False,False,True,14.0,Loyal high-value,6.0
3803,70,50+,Female,Scarf,Accessories,72,Illinois,Spring,3.2,No,2-Day Shipping,No,1,Bank Transfer,Monthly,False,False,False,30.0,New or occasional,2.4
3804,48,35-49,Female,Handbag,Accessories,55,Connecticut,Spring,3.6,No,Standard,No,14,Debit Card,Weekly,False,False,True,7.0,New or occasional,7.857142857142857
3805,37,35-49,Female,Hat,Accessories,77,Florida,Fall,2.7,No,2-Day Shipping,No,45,Cash,Annually,False,False,True,30.0,Loyal high-value,2.566666666666667
3806,48,35-49,Female,Scarf,Accessories,57,New Jersey,Fall,3.1,No,Standard,No,31,Credit Card,Quarterly,False,False,True,90.0,New or occasional,0.6333333333333333
3807,18,Under 25,Female,Boots,Footwear,71,Missouri,Spring,3.0,No,Standard,No,41,PayPal,Weekly,False,False,True,7.0,Loyal high-value,10.142857142857142
3808,38,35-49,Female,Blouse,Clothing,39,Michigan,Spring,2.9,No,Next Day Air,No,36,PayPal,Annually,False,False,True,30.0,New or occasional,1.3
3809,33,25-34,Female,Socks,Clothing,28,Washington,Winter,4.7,No,Express,No,6,Debit Card,Bi-Weekly,False,False,False,14.0,New or occasional,2.0
3810,57,50+,Female,Shoes,Footwear,33,New York,Winter,3.7,No,Standard,No,28,Credit Card,Annually,False,False,True,30.0,New or occasional,1.1
3811,46,35-49,Female,Skirt,Clothing,79,Wisconsin,Fall,3.9,No,Free Shipping,No,29,Venmo,Monthly,False,False,True,30.0,Loyal high-value,2.6333333333333333
3812,46,35-49,Female,Belt,Accessories,30,Idaho,Winter,4.0,No,Standard,No,14,Cash,Monthly,False,False,True,30.0,New or occasional,1.0
3813,50,50+,Female,Skirt,Clothing,75,Michigan,Spring,2.8,No,Next Day Air,No,7,Bank Transfer,Every 3 Months,False,False,False,90.0,New or occasional,0.8333333333333334
3814,61,50+,Female,Pants,Clothing,89,Georgia,Summer,4.1,No,Express,No,31,Venmo,Bi-Weekly,False,False,True,14.0,Loyal high-value,6.357142857142857
3815,45,35-49,Female,Dress,Clothing,95,Michigan,Winter,4.2,No,Free Shipping,No,26,Bank Transfer,Every 3 Months,False,False,True,90.0,Loyal high-value,1.0555555555555556
3816,32,25-34,Female,Hat,Accessories,44,Maine,Fall,4.3,No,Express,No,12,Venmo,Fortnightly,False,False,True,14.0,New or occasional,3.142857142857143
3817,29,25-34,Female,Coat,Outerwear,86,Maryland,Summer,4.3,No,Store Pickup,No,45,Credit Card,Fortnightly,False,False,True,14.0,Loyal high-value,6.142857142857143
3818,66,50+,Female,Scarf,Accessories,91,Missouri,Fall,2.6,No,Express,No,40,PayPal,Annually,False,False,True,30.0,Loyal high-value,3.033333333333333
3819,70,50+,Female,Sneakers,Footwear,41,Oregon,Winter,3.8,No,Free Shipping,No,42,Cash,Monthly,False,False,True,30.0,New or occasional,1.3666666666666667
3820,36,35-49,Female,Pants,Clothing,99,Arkansas,Spring,2.9,No,Express,No,45,Cash,Quarterly,False,False,True,90.0,Loyal high-value,1.1
3821,34,25-34,Female,Belt,Accessories,65,New Hampshire,Winter,5.0,No,Standard,No,34,Debit Card,Quarterly,False,False,True,90.0,Loyal high-value,0.7222222222222222
3822,20,Under 25,Female,Sneakers,Footwear,48,Oregon,Summer,4.6,No,Free Shipping,No,34,Credit Card,Every 3 Months,False,False,True,90.0,New or occasional,0.5333333333333333
3823,70,50+,Female,Hat,Accessories,41,Kansas,Spring,3.2,No,Free Shipping,No,17,PayPal,Every 3 Months,False,False,True,90.0,New or occasional,0.45555555555555555
3824,50,50+,Female,Shirt,Clothing,42,California,Summer,3.0,No,Standard,No,27,Bank Transfer,Weekly,False,False,True,7.0,New or occasional,6.0
3825,54,50+,Female,Shorts,Clothing,26,Georgia,Summer,4.0,No,Free Shipping,No,31,Credit Card,Quarterly,False,False,True,90.0,New or occasional,0.28888888888888886
3826,49,35-49,Female,Shorts,Clothing,35,Hawaii,Fall,4.1,No,Express,No,47,Debit Card,Fortnightly,False,False,True,14.0,New or occasional,2.5
3827,50,50+,Female,Jacket,Outerwear,31,Montana,Summer,4.0,No,Express,No,25,Bank Transfer,Annually,False,False,True,30.0,New or occasional,1.0333333333333334
3828,62,50+,Female,Jewelry,Accessories,73,Montana,Summer,4.1,No,Standard,No,47,Cash,Fortnightly,False,False,True,14.0,Loyal high-value,5.214285714285714
3829,42,35-49,Female,Blouse,Clothing,82,Mississippi,Spring,3.4,No,Free Shipping,No,8,Cash,Weekly,False,False,False,7.0,New or occasional,11.714285714285714
3830,69,50+,Female,Pants,Clothing,32,Washington,Spring,2.9,No,Free Shipping,No,32,Debit Card,Fortnightly,False,False,True,14.0,New or occasional,2.2857142857142856
3831,22,Under 25,Female,Hat,Accessories,27,Pennsylvania,Summer,3.0,No,2-Day Shipping,No,33,Bank Transfer,Every 3 Months,False,False,True,90.0,New or occasional,0.3
3832,36,35-49,Female,Backpack,Accessories,86,Nevada,Spring,4.0,No,Next Day Air,No,16,Debit Card,Every 3 Months,False,False,True,90.0,New or occasional,0.9555555555555556
3833,64,50+,Female,Boots,Footwear,38,Kansas,Winter,4.8,No,2-Day Shipping,No,27,Cash,Weekly,False,False,True,7.0,New or occasional,5.428571428571429
3834,44,35-49,Female,Jacket,Outerwear,93,Arizona,Summer,4.6,No,Free Shipping,No,17,PayPal,Every 3 Months,False,False,True,90.0,New or occasional,1.0333333333333334
3835,43,35-49,Female,Hoodie,Clothing,59,Tennessee,Winter,4.1,No,2-Day Shipping,No,17,Cash,Quarterly,False,False,True,90.0,New or occasional,0.6555555555555556
3836,58,50+,Female,Sandals,Footwear,58,Pennsylvania,Winter,2.6,No,Express,No,28,PayPal,Bi-Weekly,False,False,True,14.0,New or occasional,4.142857142857143
3837,62,50+,Female,Skirt,Clothing,84,Alaska,Spring,2.5,No,Free Shipping,No,38,PayPal,Fortnightly,False,False,True,14.0,Loyal high-value,6.0
3838,45,35-49,Female,Hoodie,Clothing,100,New Mexico,Spring,4.8,No,Free Shipping,No,33,Bank Transfer,Fortnightly,False,False,True,14.0,Loyal high-value,7.142857142857143
3839,47,35-49,Female,Dress,Clothing,25,Rhode Island,Summer,4.2,No,Express,No,24,Venmo,Every 3 Months,False,False,True,90.0,New or occasional,0.2777777777777778
3840,66,50+,Female,Sandals,Footwear,29,Connecticut,Spring,3.9,No,Free Shipping,No,14,Venmo,Quarterly,False,False,True,90.0,New or occasional,0.32222222222222224
3841,30,25-34,Female,Jeans,Clothing,42,Idaho,Spring,3.7,No,Express,No,5,Venmo,Fortnightly,False,False,False,14.0,New or occasional,3.0
3842,68,50+,Female,Jeans,Clothing,57,Mississippi,Fall,4.2,No,2-Day Shipping,No,8,Bank Transfer,Monthly,False,False,False,30.0,New or occasional,1.9
3843,35,35-49,Female,Jacket,Outerwear,84,Colorado,Winter,4.2,No,Next Day Air,No,42,Debit Card,Monthly,False,False,True,30.0,Loyal high-value,2.8
3844,64,50+,Female,Hat,Accessories,71,Georgia,Winter,4.0,No,Free Shipping,No,48,Venmo,Every 3 Months,False,False,True,90.0,Loyal high-value,0.7888888888888889
3845,30,25-34,Female,Shorts,Clothing,87,Montana,Fall,5.0,No,Next Day Air,No,40,Venmo,Quarterly,False,False,True,90.0,Loyal high-value,0.9666666666666667
3846,58,50+,Female,Sweater,Clothing,52,California,Winter,4.9,No,Standard,No,46,Venmo,Annually,False,False,True,30.0,New or occasional,1.7333333333333334
3847,57,50+,Female,Blouse,Clothing,58,Pennsylvania,Summer,4.0,No,Express,No,40,PayPal,Every 3 Months,False,False,True,90.0,New or occasional,0.6444444444444445
3848,60,50+,Female,Sweater,Clothing,34,Delaware,Fall,3.2,No,2-Day Shipping,No,31,PayPal,Fortnightly,False,False,True,14.0,New or occasional,2.4285714285714284
3849,22,Under 25,Female,Jewelry,Accessories,60,New Hampshire,Winter,3.0,No,Next Day Air,No,39,Cash,Every 3 Months,False,False,True,90.0,Loyal high-value,0.6666666666666666
3850,46,35-49,Female,Hoodie,Clothing,68,Florida,Winter,2.6,No,Express,No,36,PayPal,Fortnightly,False,False,True,14.0,Loyal high-value,4.857142857142857
3851,27,25-34,Female,Jewelry,Accessories,74,Mississippi,Summer,4.4,No,2-Day Shipping,No,25,Debit Card,Every 3 Months,False,False,True,90.0,Loyal high-value,0.8222222222222222
3852,50,50+,Female,Scarf,Accessories,83,Montana,Summer,3.9,No,Free Shipping,No,24,Debit Card,Annually,False,False,True,30.0,New or occasional,2.7666666666666666
3853,65,50+,Female,Hat,Accessories,79,Mississippi,Fall,4.0,No,2-Day Shipping,No,19,PayPal,Weekly,False,False,True,7.0,New or occasional,11.285714285714286
3854,61,50+,Female,Sunglasses,Accessories,76,Tennessee,Fall,4.0,No,Store Pickup,No,49,Debit Card,Bi-Weekly,False,False,True,14.0,Loyal high-value,5.428571428571429
3855,57,50+,Female,T-shirt,Clothing,20,Florida,Spring,4.2,No,Free Shipping,No,4,Venmo,Annually,False,False,False,30.0,New or occasional,0.6666666666666666
3856,40,35-49,Female,Shirt,Clothing,61,Illinois,Summer,4.4,No,Next Day Air,No,36,Cash,Quarterly,False,False,True,90.0,Loyal high-value,0.6777777777777778
3857,39,35-49,Female,Sandals,Footwear,78,Virginia,Summer,2.5,No,Free Shipping,No,8,Debit Card,Quarterly,False,False,False,90.0,New or occasional,0.8666666666666667
3858,42,35-49,Female,Hat,Accessories,21,Texas,Summer,3.1,No,Store Pickup,No,29,Credit Card,Every 3 Months,False,False,True,90.0,New or occasional,0.23333333333333334
3859,30,25-34,Female,T-shirt,Clothing,77,Missouri,Winter,3.5,No,Store Pickup,No,26,Credit Card,Quarterly,False,False,True,90.0,Loyal high-value,0.8555555555555555
3860,65,50+,Female,Shorts,Clothing,88,Mississippi,Fall,3.0,No,2-Day Shipping,No,47,Bank Transfer,Bi-Weekly,False,False,True,14.0,Loyal high-value,6.285714285714286
3861,57,50+,Female,Sunglasses,Accessories,64,Pennsylvania,Summer,4.4,No,Next Day Air,No,44,Cash,Annually,False,False,True,30.0,Loyal high-value,2.1333333333333333
3862,64,50+,Female,Jacket,Outerwear,57,Wyoming,Spring,4.9,No,Standard,No,49,Credit Card,Monthly,False,False,True,30.0,New or occasional,1.9
3863,56,50+,Female,Shirt,Clothing,49,Idaho,Winter,2.8,No,Next Day Air,No,9,Venmo,Monthly,False,False,False,30.0,New or occasional,1.6333333333333333
3864,40,35-49,Female,Scarf,Accessories,35,New Hampshire,Summer,3.3,No,Free Shipping,No,28,Cash,Fortnightly,False,False,True,14.0,New or occasional,2.5
3865,55,50+,Female,T-shirt,Clothing,99,Wyoming,Winter,4.9,No,Express,No,1,Debit Card,Fortnightly,False,False,False,14.0,New or occasional,7.071428571428571
3866,25,25-34,Female,Shorts,Clothing,42,Nebraska,Spring,4.2,No,Store Pickup,No,28,Cash,Every 3 Months,False,False,True,90.0,New or occasional,0.4666666666666667
3867,58,50+,Female,Hat,Accessories,32,Alaska,Winter,3.3,No,2-Day Shipping,No,33,Credit Card,Fortnightly,False,False,True,14.0,New or occasional,2.2857142857142856
3868,46,35-49,Female,Jacket,Outerwear,21,Maryland,Summer,2.7,No,Standard,No,28,Credit Card,Monthly,False,False,True,30.0,New or occasional,0.7
3869,18,Under 25,Female,Dress,Clothing,29,Maryland,Winter,3.3,No,2-Day Shipping,No,9,Cash,Annually,False,False,False,30.0,New or occasional,0.9666666666666667
3870,26,25-34,Female,Coat,Outerwear,64,Arizona,Spring,3.8,No,Free Shipping,No,28,Bank Transfer,Annually,False,False,True,30.0,Loyal high-value,2.1333333333333333
3871,61,50+,Female,Sandals,Footwear,46,Ohio,Fall,3.2,No,Next Day Air,No,19,Cash,Every 3 Months,False,False,True,90.0,New or occasional,0.5111111111111111
3872,55,50+,Female,T-shirt,Clothing,97,Minnesota,Fall,4.1,No,2-Day Shipping,No,20,Bank Transfer,Every 3 Months,False,False,True,90.0,New or occasional,1.0777777777777777
3873,41,35-49,Female,Jacket,Outerwear,94,New Hampshire,Spring,4.3,No,Standard,No,3,Cash,Monthly,False,False,False,30.0,New or occasional,3.1333333333333333
3874,42,35-49,Female,Sandals,Footwear,43,Louisiana,Summer,4.0,No,Standard,No,22,Credit Card,Weekly,False,False,True,7.0,New or occasional,6.142857142857143
3875,70,50+,Female,Sweater,Clothing,54,Nevada,Summer,3.9,No,2-Day Shipping,No,33,Credit Card,Bi-Weekly,False,False,True,14.0,New or occasional,3.857142857142857
3876,63,50+,Female,Hat,Accessories,51,New Hampshire,Winter,3.3,No,2-Day Shipping,No,21,Credit Card,Annually,False,False,True,30.0,New or occasional,1.7
3877,60,50+,Female,Shoes,Footwear,85,Wisconsin,Fall,2.6,No,2-Day Shipping,No,7,Cash,Annually,False,False,False,30.0,New or occasional,2.8333333333333335
3878,28,25-34,Female,Hoodie,Clothing,96,Nevada,Spring,4.2,No,Next Day Air,No,46,Debit Card,Monthly,False,False,True,30.0,Loyal high-value,3.2
3879,60,50+,Female,Hat,Accessories,42,South Carolina,Summer,3.4,No,2-Day Shipping,No,24,Credit Card,Annually,False,False,True,30.0,New or occasional,1.4
3880,26,25-34,Female,Skirt,Clothing,63,Florida,Winter,4.1,No,Free Shipping,No,6,Debit Card,Quarterly,False,False,False,90.0,New or occasional,0.7
3881,42,35-49,Female,Shirt,Clothing,20,Massachusetts,Winter,3.9,No,Free Shipping,No,40,PayPal,Monthly,False,False,True,30.0,New or occasional,0.6666666666666666
3882,56,50+,Female,Scarf,Accessories,25,Georgia,Spring,2.8,No,2-Day Shipping,No,17,Debit Card,Weekly,False,False,True,7.0,New or occasional,3.5714285714285716
3883,35,35-49,Female,Pants,Clothing,95,North Dakota,Fall,2.6,No,Free Shipping,No,24,Cash,Fortnightly,False,False,True,14.0,New or occasional,6.785714285714286
3884,34,25-34,Female,Hat,Accessories,38,North Dakota,Fall,4.0,No,Next Day Air,No,22,Cash,Fortnightly,False,False,True,14.0,New or occasional,2.7142857142857144
3885,47,35-49,Female,Sandals,Footwear,29,Maryland,Fall,4.9,No,Express,No,3,PayPal,Weekly,False,False,False,7.0,New or occasional,4.142857142857143
3886,49,35-49,Female,Socks,Clothing,64,New Mexico,Winter,3.2,No,Free Shipping,No,39,Cash,Quarterly,False,False,True,90.0,Loyal high-value,0.7111111111111111
3887,37,35-49,Female,Jewelry,Accessories,92,Iowa,Summer,3.9,No,Express,No,40,Debit Card,Quarterly,False,False,True,90.0,Loyal high-value,1.0222222222222221
3888,40,35-49,Female,Shirt,Clothing,34,Kansas,Spring,2.7,No,Express,No,1,Credit Card,Quarterly,False,False,False,90.0,New or occasional,0.37777777777777777
3889,45,35-49,Female,Sneakers,Footwear,69,Virginia,Spring,3.4,No,Standard,No,14,Venmo,Bi-Weekly,False,False,True,14.0,New or occasional,4.928571428571429
3890,57,50+,Female,Dress,Clothing,65,Alaska,Spring,3.5,No,Express,No,49,Bank Transfer,Annually,False,False,True,30.0,Loyal high-value,2.1666666666666665
3891,35,35-49,Female,Shirt,Clothing,81,Nebraska,Winter,2.6,No,Standard,No,33,Debit Card,Annually,False,False,True,30.0,Loyal high-value,2.7
3892,36,35-49,Female,Dress,Clothing,30,Colorado,Winter,4.7,No,Free Shipping,No,6,Bank Transfer,Quarterly,False,False,False,90.0,New or occasional,0.3333333333333333
3893,35,35-49,Female,Jewelry,Accessories,86,Michigan,Summer,3.5,No,Standard,No,5,PayPal,Fortnightly,False,False,False,14.0,New or occasional,6.142857142857143
3894,21,Under 25,Female,Hat,Accessories,64,Massachusetts,Fall,3.3,No,Store Pickup,No,29,Bank Transfer,Bi-Weekly,False,False,True,14.0,Loyal high-value,4.571428571428571
3895,66,50+,Female,Skirt,Clothing,78,Connecticut,Spring,3.9,No,2-Day Shipping,No,44,Credit Card,Every 3 Months,False,False,True,90.0,Loyal high-value,0.8666666666666667
3896,40,35-49,Female,Hoodie,Clothing,28,Virginia,Summer,4.2,No,2-Day Shipping,No,32,Venmo,Weekly,False,False,True,7.0,New or occasional,4.0
3897,52,50+,Female,Backpack,Accessories,49,Iowa,Spring,4.5,No,Store Pickup,No,41,Bank Transfer,Bi-Weekly,False,False,True,14.0,New or occasional,3.5
3898,46,35-49,Female,Belt,Accessories,33,New Jersey,Spring,2.9,No,Standard,No,24,Venmo,Quarterly,False,False,True,90.0,New or occasional,0.36666666666666664
3899,44,35-49,Female,Shoes,Footwear,77,Minnesota,Summer,3.8,No,Express,No,24,Venmo,Weekly,False,False,True,7.0,New or occasional,11.0
3900,52,50+,Female,Handbag,Accessories,81,California,Spring,3.1,No,Store Pickup,No,33,Venmo,Quarterly,False,False,True,90.0,Loyal high-value,0.9
